cellid	cell_class	strain	GFP	tissue	sex	age	diameter
1771017030_C09	OPC	PDGFRA-GFP	1	cortex S1	1	22	6.266569
1771017028_G05	OPC	PDGFRA-GFP	1	hippo CA1	1	22	7.416518
1771052132_B02	OPC	CD-1	0	corpus callosum	-1	69	8.937821
1772099214_D12	OPC	CD-1	1	DentGyr	-1	63	9.45691
1771017029_D09	OPC	PDGFRA-GFP	1	hippo CA1	1	22	7.907968
1772099314_B05	OPC	C57BL6	0	dorsal horn	1	22	10.44357
1771048208_C05	OPC	PDGFRA-GFP	0	corpus callosum	1	21	7.51559
1771048207_A11	OPC	PDGFRA-GFP	0	corpus callosum	1	21	6.025878
1772099041_A03	OPC	C57BL6	0	dorsal horn	0	NaN	8.831865
1772117013_A03	OPC	PDGFRA-CRE	1	cortex S1	1	61	10.74818
1771017033_F01	OPC	PDGFRA-GFP	1	cortex S1	-1	22	5.645632
1772117022_D07	OPC	CD-1	0	corpus callosum	-1	69	9.094441
1771017029_E10	OPC	PDGFRA-GFP	1	hippo CA1	1	22	7.398363
1771017029_D05	OPC	PDGFRA-GFP	1	hippo CA1	1	22	8.167314
1771017032_C02	OPC	PDGFRA-GFP	1	cortex S1	1	22	6.212685
1772099078_G02	OPC	CD-1	0	ZonaIncerta	-1	21	7.158152
1862091045_E11	OPC	CD-1	0	Amygdala	1	24	10.18276
1772099143_E12	OPC	HGFAP-GFP	1	DentGyr	-1	50	8.930295
1772099040_A08	OPC	C57BL6	0	dorsal horn	-1	NaN	7.044523
1771051158_B09	OPC	C57BL6	0	corpus callosum	-1	22	7.034971
1772099214_C05	OPC	CD-1	1	DentGyr	-1	63	10.09655
1862091118_E08	OPC	CD-1	0	Amygdala	1	21	8.862267
1771051168_C08	OPC	PDGFRA-GFP	0	corpus callosum	1	21	10.18936
1772117022_C10	OPC	CD-1	0	corpus callosum	-1	69	8.724622
1771017029_H07	OPC	PDGFRA-GFP	1	hippo CA1	1	22	8.506082
1771017032_B02	OPC	PDGFRA-GFP	1	cortex S1	1	22	6.059262
1771048206_B11	OPC	PDGFRA-GFP	0	corpus callosum	1	21	7.613373
1771051164_F10	OPC	PDGFRA-CRE	1	cortex S1	1	61	7.101565
1771051163_A06	OPC	PDGFRA-CRE	1	cortex S1	1	61	8.208377
1771051159_B05	OPC	C57BL6	0	corpus callosum	-1	22	7.941908
1772099214_E05	OPC	CD-1	1	DentGyr	-1	63	11.88319
1862091105_E04	OPC	CD-1	0	Amygdala	-1	28	9.996151
1771051165_B03	OPC	PDGFRA-CRE	1	corpus callosum	1	60	7.7534
1772117027_G04	OPC	CD-1	0	cortex S1	-1	68	6.059263
1771017032_A09	OPC	PDGFRA-GFP	1	cortex S1	1	22	7.09209
1771048208_A12	OPC	PDGFRA-GFP	0	corpus callosum	1	21	8.150831
1771051168_F02	OPC	PDGFRA-GFP	0	corpus callosum	1	21	8.386665
1862091041_B10	OPC	CD-1	0	Amygdala	-1	28	9.049968
1771051163_H04	OPC	PDGFRA-CRE	1	cortex S1	1	61	6.987016
1772117012_D12	OPC	PDGFRA-CRE	1	cortex S1	1	61	8.553382
1772125087_A04	OPC	PDGFRA-CRE	1	corpus callosum	-1	22	9.407005
1772092314_B12	OPC	CD-1	0	DentGyr	-1	25	6.560145
1772089187_E10	OPC	C57BL6	0	hypothalamus	-1	28	10.60965
1772117026_H09	OPC	CD-1	0	cortex S1	-1	68	8.249235
1771017030_A09	OPC	PDGFRA-GFP	1	cortex S1	0	22	6.671944
1772063079_G11	OPC	CD-1	0	cortex S1	1	28	8.584771
1772092314_B05	OPC	CD-1	0	DentGyr	-1	25	9.928655
1772099044_B07	OPC	C57BL6	0	dorsal horn	0	NaN	10.10321
1862091032_C03	OPC	CD-1	0	Amygdala	-1	26	12.07405
1771017031_D10	OPC	PDGFRA-GFP	1	cortex S1	1	22	6.590823
1772117015_H08	OPC	PDGFRA-CRE	1	corpus callosum	1	60	8.506082
1771051159_A09	OPC	C57BL6	0	corpus callosum	-1	22	8.474402
1771017034_A08	OPC	PDGFRA-GFP	1	cortex S1	1	90	10.28788
1772092004_A03	OPC	C57BL6	0	hypothalamus	-1	29	7.4887
1772094110_A06	OPC	CD-1	0	DentGyr	1	20	7.443669
1771051167_D01	OPC	PDGFRA-CRE	1	corpus callosum	1	60	6.692071
1771051168_E05	OPC	PDGFRA-GFP	0	corpus callosum	1	21	8.362576
1772078017_B01	OPC	C57BL6	0	hypothalamus	-1	25	10.22231
1772117021_C02	OPC	CD-1	0	corpus callosum	-1	69	9.435554
1772117026_C09	OPC	CD-1	0	cortex S1	-1	68	8.670504
1771017032_C01	OPC	PDGFRA-GFP	1	cortex S1	1	22	6.62136
1771051168_F07	OPC	PDGFRA-GFP	0	corpus callosum	1	21	8.945341
1771052132_H05	OPC	CD-1	0	corpus callosum	-1	69	9.874325
1772117026_H08	OPC	CD-1	0	cortex S1	-1	68	7.941908
1771017030_G04	OPC	PDGFRA-GFP	1	cortex S1	-1	22	8.02613
1771017028_G10	OPC	PDGFRA-GFP	1	hippo CA1	1	22	7.063588
1772125090_D06	OPC	PDGFRA-CRE	1	corpus callosum	-1	22	8.410684
1772117099_F06	OPC	C57BL6	0	dorsal horn	0	NaN	9.771643
1772117012_B10	OPC	PDGFRA-CRE	1	cortex S1	1	61	7.063589
1772117022_G04	OPC	CD-1	0	corpus callosum	-1	69	7.452697
1772099215_A08	OPC	CD-1	1	DentGyr	-1	63	8.418675
1772117012_A09	OPC	PDGFRA-CRE	1	cortex S1	1	61	8.450564
1771048208_B05	OPC	PDGFRA-GFP	0	corpus callosum	1	21	8.747714
1772125088_A01	OPC	PDGFRA-CRE	0	corpus callosum	-1	22	5.856101
1772099146_A04	OPC	HGFAP-GFP	1	DentGyr	-1	50	9.853874
1771051159_H07	OPC	C57BL6	0	corpus callosum	-1	22	8.506082
1771051163_C11	OPC	PDGFRA-CRE	1	cortex S1	1	61	7.13934
1771051164_H07	OPC	PDGFRA-CRE	1	cortex S1	1	61	6.092464
1772099217_E10	OPC	CD-1	0	DentGyr	-1	63	8.009357
1771017032_A07	OPC	PDGFRA-GFP	1	cortex S1	1	22	6.601018
1772125087_D06	OPC	PDGFRA-CRE	1	corpus callosum	-1	22	12.74594
1771052132_F03	OPC	CD-1	0	corpus callosum	-1	69	9.598066
1772117158_C05	OPC	C57BL6	0	dorsal horn	0	19	8.150831
1772117051_C06	OPC	C57BL6	0	corpus callosum	-1	22	7.631016
1772117051_F03	OPC	C57BL6	0	corpus callosum	-1	22	10.94041
1771051158_B01	OPC	C57BL6	0	corpus callosum	-1	22	9.190058
1772117021_A05	OPC	CD-1	0	corpus callosum	-1	69	7.779374
1772075310_B09	OPC	C57BL6	0	hypothalamus	-1	21	10.55246
1771051159_G03	OPC	C57BL6	0	corpus callosum	-1	22	8.273654
1772058147_A06	OPC	?	0	hypothalamus	-1	NaN	0
1772117026_E08	OPC	CD-1	0	cortex S1	-1	68	9.562972
1771051168_F12	OPC	PDGFRA-GFP	0	corpus callosum	1	21	5.081466
1772117022_G08	OPC	CD-1	0	corpus callosum	-1	69	8.529765
1772117027_A08	OPC	CD-1	0	cortex S1	-1	68	5.561633
1772099313_E11	OPC	C57BL6	0	dorsal horn	1	22	9.928655
1771051158_H08	OPC	C57BL6	0	corpus callosum	-1	22	4.865133
1862091035_C04	OPC	CD-1	0	Amygdala	-1	25	8.63164
1771048206_C03	OPC	PDGFRA-GFP	0	corpus callosum	1	21	8.990331
1772117051_H03	OPC	C57BL6	0	corpus callosum	-1	22	8.490257
1772125088_G05	OPC	PDGFRA-CRE	1	corpus callosum	-1	22	9.435554
1772096133_G06	OPC	C57BL6	0	hypothalamus	-1	25	10.08322
1772125087_A02	OPC	PDGFRA-CRE	1	corpus callosum	-1	22	9.197372
1771051159_G12	OPC	C57BL6	0	corpus callosum	-1	22	8.314191
1771051159_G10	OPC	C57BL6	0	corpus callosum	-1	22	7.063589
1772099304_C01	OPC	C57BL6	0	dorsal horn	0	NaN	8.474402
1771048208_F03	OPC	PDGFRA-GFP	0	corpus callosum	1	21	5.225002
1772072243_H10	OPC	C57BL6	0	dorsal horn	1	NaN	7.856783
1771017030_B02	OPC	PDGFRA-GFP	1	cortex S1	-1	22	6.125486
1772125090_B11	OPC	PDGFRA-CRE	1	corpus callosum	-1	22	7.657406
1771017030_E06	OPC	PDGFRA-GFP	1	cortex S1	1	22	5.935934
1772117051_A03	OPC	C57BL6	0	corpus callosum	-1	22	8.847079
1772099055_H06	OPC	CD-1	0	Amygdala	-1	28	7.805263
1772099217_G04	OPC	CD-1	0	DentGyr	-1	63	6.580613
1772099057_H12	OPC	CD-1	0	Amygdala	1	29	5.901852
1772125090_B08	OPC	PDGFRA-CRE	1	corpus callosum	-1	22	11.55033
1771048206_A08	OPC	PDGFRA-GFP	0	corpus callosum	1	21	5.054931
1772125087_A12	OPC	PDGFRA-CRE	1	corpus callosum	-1	22	9.20468
1772117027_A06	OPC	CD-1	0	cortex S1	-1	68	8.553382
1771017030_A10	OPC	PDGFRA-GFP	1	cortex S1	0	22	6.570387
1771017032_F02	OPC	PDGFRA-GFP	1	cortex S1	1	22	6.661858
1771051158_E04	OPC	C57BL6	0	corpus callosum	-1	22	7.992548
1771051167_A02	OPC	PDGFRA-CRE	0	corpus callosum	1	60	7.232913
1771017033_H03	OPC	PDGFRA-GFP	1	cortex S1	1	22	7.622199
1772092284_H10	OPC	CD-1	0	DentGyr	-1	25	6.025878
1862091020_A01	OPC	CD-1	0	Amygdala	1	22	11.38024
1772117013_C02	OPC	PDGFRA-CRE	1	cortex S1	1	61	8.997807
1772117013_B07	OPC	PDGFRA-CRE	1	cortex S1	1	61	8.306099
1771051150_C07	OPC	PDGFRA-CRE	1	cortex S1	-1	62	9.681771
1771017029_A07	OPC	PDGFRA-GFP	1	hippo CA1	1	22	7.334465
1772099044_D10	OPC	C57BL6	0	dorsal horn	0	NaN	7.389268
1772117012_H12	OPC	PDGFRA-CRE	1	cortex S1	1	61	8.159077
1771051168_A02	OPC	PDGFRA-GFP	0	corpus callosum	1	21	8.273654
1771048207_C02	OPC	PDGFRA-GFP	0	corpus callosum	1	21	6.404546
1772117051_H12	OPC	C57BL6	0	corpus callosum	-1	22	8.793714
1772117012_E01	OPC	PDGFRA-CRE	1	cortex S1	1	61	8.824248
1771052132_A10	OPC	CD-1	0	corpus callosum	-1	69	10.88495
1771048206_F10	OPC	PDGFRA-GFP	0	corpus callosum	1	21	9.908316
1772117039_G11	OPC	PDGFRA-CRE	1	corpus callosum	-1	21	7.506638
1771051168_G03	OPC	PDGFRA-GFP	0	corpus callosum	1	21	10.06988
1771048206_D11	OPC	PDGFRA-GFP	0	corpus callosum	1	21	5.867572
1771051168_G09	OPC	PDGFRA-GFP	0	corpus callosum	1	21	8.426658
1772117050_B10	OPC	C57BL6	0	corpus callosum	-1	23	8.755397
1771051158_B10	OPC	C57BL6	0	corpus callosum	-1	22	8.915222
1771048208_E05	OPC	PDGFRA-GFP	0	corpus callosum	1	21	7.407446
1772096168_G06	OPC	C57BL6	0	hypothalamus	-1	28	6.987016
1771017031_F05	OPC	PDGFRA-GFP	1	cortex S1	1	22	6.446406
1772072242_D08	OPC	C57BL6	0	dorsal horn	-1	NaN	0
1771051159_E05	OPC	C57BL6	0	corpus callosum	-1	22	8.474402
1771048206_G01	OPC	PDGFRA-GFP	0	corpus callosum	1	21	4.823492
1771017029_G01	OPC	PDGFRA-GFP	1	hippo CA1	1	22	10.3725
1862091110_G04	OPC	CD-1	0	Amygdala	1	24	10.2748
1771051159_F08	OPC	C57BL6	0	corpus callosum	-1	22	6.987016
1771051168_E11	OPC	PDGFRA-GFP	0	corpus callosum	1	21	5.786796
1772117012_A06	OPC	PDGFRA-CRE	1	cortex S1	1	61	7.232913
1771017031_C07	OPC	PDGFRA-GFP	1	cortex S1	0	22	7.407446
1772096120_E06	OPC	CD-1	0	DentGyr	-1	25	8.892566
1771051168_H05	OPC	PDGFRA-GFP	0	corpus callosum	1	21	5.740127
1772117015_A10	OPC	PDGFRA-CRE	1	corpus callosum	1	60	6.477624
1772125088_C03	OPC	PDGFRA-CRE	1	corpus callosum	-1	22	6.266569
1772078014_C08	OPC	C57BL6	0	hypothalamus	-1	25	10.46287
1771048207_C03	OPC	PDGFRA-GFP	0	corpus callosum	1	21	7.129914
1772099055_F12	OPC	CD-1	0	Amygdala	-1	28	8.059572
1772099217_H08	OPC	CD-1	1	DentGyr	-1	63	9.116595
1772117050_F01	OPC	C57BL6	0	corpus callosum	-1	23	5.35215
1771017032_G06	OPC	PDGFRA-GFP	1	cortex S1	1	22	7.882417
1772094118_F04	OPC	CD-1	0	DentGyr	1	21	7.744722
1771048207_B04	OPC	PDGFRA-GFP	0	corpus callosum	1	21	6.201853
1772125088_H08	OPC	PDGFRA-CRE	1	corpus callosum	-1	22	9.935425
1771017151_A06	OPC	PDGFRA-GFP	1	hippo CA1	0	22	7.006237
1771051167_G12	OPC	PDGFRA-CRE	1	corpus callosum	1	60	6.25583
1772099214_G03	OPC	CD-1	1	DentGyr	-1	63	9.513624
1771051168_D04	OPC	PDGFRA-GFP	0	corpus callosum	1	21	7.251483
1772099218_G08	OPC	CD-1	0	DentGyr	-1	63	9.138696
1771017032_E11	OPC	PDGFRA-GFP	1	cortex S1	1	22	5.716649
1771017037_D11	OPC	PDGFRA-GFP	1	corpus callosum	1	90	9.633031
1771051163_H12	OPC	PDGFRA-CRE	1	cortex S1	1	61	5.147206
1771048207_H01	OPC	PDGFRA-GFP	0	corpus callosum	1	21	5.597788
1772099315_E04	OPC	C57BL6	0	dorsal horn	1	22	8.273654
1771048206_G12	OPC	PDGFRA-GFP	0	corpus callosum	1	21	8.02613
1771051168_F01	OPC	PDGFRA-GFP	0	corpus callosum	1	21	6.147402
1772117051_G05	OPC	C57BL6	0	corpus callosum	-1	22	8.183764
1772117051_B11	OPC	C57BL6	0	corpus callosum	-1	22	7.992548
1771052132_F11	OPC	CD-1	0	corpus callosum	-1	69	10.60965
1772125088_C01	OPC	PDGFRA-CRE	0	corpus callosum	-1	22	5.856101
1771017030_E01	OPC	PDGFRA-GFP	1	cortex S1	1	22	7.604535
1772099215_F01	OPC	CD-1	0	DentGyr	-1	63	6.722148
1771048207_D05	OPC	PDGFRA-GFP	0	corpus callosum	1	21	5.173268
1772099093_H04	OPC	C57BL6	0	dorsal horn	0	20	9.744078
1772092010_G05	OPC	C57BL6	0	hypothalamus	-1	29	7.452697
1771017030_D11	OPC	PDGFRA-GFP	1	cortex S1	1	22	7.461714
1771017032_H05	OPC	PDGFRA-GFP	1	cortex S1	1	22	5.276228
1772125088_E03	OPC	PDGFRA-CRE	1	corpus callosum	-1	22	9.562972
1772099043_H11	OPC	C57BL6	0	dorsal horn	0	NaN	9.20468
1771052132_E02	OPC	CD-1	0	corpus callosum	-1	69	9.241135
1772125087_B07	OPC	PDGFRA-CRE	0	corpus callosum	-1	22	7.95037
1771048207_C09	OPC	PDGFRA-GFP	0	corpus callosum	1	21	6.948414
1772125088_G08	OPC	PDGFRA-CRE	1	corpus callosum	-1	22	10.48213
1771051168_A06	OPC	PDGFRA-GFP	0	corpus callosum	1	21	7.631016
1771048205_C09	OPC	CD-1	0	corpus callosum	-1	69	12.27291
1772125087_F05	OPC	PDGFRA-CRE	1	corpus callosum	-1	22	8.553382
1771017028_F08	OPC	PDGFRA-GFP	1	hippo CA1	1	22	7.666182
1772117059_F04	OPC	C57BL6	0	dorsal horn	0	27	8.975359
1771048208_C10	OPC	PDGFRA-GFP	0	corpus callosum	1	21	7.006238
1772089196_A01	OPC	C57BL6	0	hypothalamus	-1	25	6.860763
1772099214_D09	OPC	CD-1	0	DentGyr	-1	63	8.092877
1772099302_B09	OPC	C57BL6	0	dorsal horn	0	NaN	10.84162
1772099014_F05	OPC	C57BL6	0	dorsal horn	1	NaN	11.76376
1772117051_C10	OPC	C57BL6	0	corpus callosum	-1	22	8.02613
1772099044_F01	OPC	C57BL6	0	dorsal horn	0	NaN	7.270005
1772099143_H04	OPC	HGFAP-GFP	1	DentGyr	-1	50	9.847048
1772099143_C09	OPC	HGFAP-GFP	1	DentGyr	-1	50	12.02942
1862091028_F05	OPC	CD-1	0	Amygdala	1	27	9.485309
1771017030_D02	OPC	PDGFRA-GFP	1	cortex S1	0	22	7.148752
1771017030_A03	OPC	PDGFRA-GFP	1	cortex S1	-1	22	6.147402
1772096126_C05	OPC	C57BL6	0	hypothalamus	-1	21	6.529321
1772072243_D07	OPC	C57BL6	0	dorsal horn	1	NaN	9.005277
1772117038_C02	OPC	PDGFRA-CRE	1	corpus callosum	-1	21	8.778408
1772062128_A05	OPC	?	0	cortex S1	1	NaN	9.042535
1772117050_E01	OPC	C57BL6	0	corpus callosum	-1	23	6.125486
1772117039_C04	OPC	PDGFRA-CRE	1	corpus callosum	-1	21	5.890447
1772125088_F07	OPC	PDGFRA-CRE	0	corpus callosum	-1	22	7.89946
1772117161_B09	OPC	C57BL6	0	dorsal horn	0	20	11.93401
1772117051_E05	OPC	C57BL6	0	corpus callosum	-1	22	10.51415
1772096152_A05	OPC	CD-1	0	SN-VTA	-1	26	6.860763
1862091035_F04	OPC	CD-1	0	Amygdala	-1	25	10.44357
1772094122_A03	OPC	CD-1	0	DentGyr	1	22	9.160743
1772117137_C04	OPC	C57BL6	0	dorsal horn	0	20	9.190058
1771017028_E03	OPC	PDGFRA-GFP	1	hippo CA1	1	22	7.148752
1772099085_H05	OPC	CD-1	0	ZonaIncerta	-1	22	9.109216
1771017030_F01	OPC	PDGFRA-GFP	1	cortex S1	-1	22	7.595687
1771048207_A08	OPC	PDGFRA-GFP	0	corpus callosum	1	21	8.513984
1772117099_G07	OPC	C57BL6	0	dorsal horn	0	NaN	13.02255
1772125080_H09	OPC	PDGFRA-CRE	1	corpus callosum	-1	22	11.02612
1771048205_C02	OPC	CD-1	0	corpus callosum	-1	69	8.537644
1771048205_E03	OPC	CD-1	0	corpus callosum	-1	69	9.702585
1772099085_A06	OPC	CD-1	0	ZonaIncerta	-1	22	8.378643
1771017029_E02	OPC	PDGFRA-GFP	1	hippo CA1	1	22	7.779374
1771017029_E07	OPC	PDGFRA-GFP	1	hippo CA1	1	22	7.47072
1772125088_D08	OPC	PDGFRA-CRE	1	corpus callosum	-1	22	10.59062
1772099040_H06	OPC	C57BL6	0	dorsal horn	0	NaN	5.775163
1771017029_A09	OPC	PDGFRA-GFP	1	hippo CA1	1	22	7.380163
1772099048_G04	OPC	CD-1	0	Amygdala	1	26	6.611197
1772099055_E10	OPC	CD-1	0	Amygdala	-1	28	8.314191
1771051159_D10	OPC	C57BL6	0	corpus callosum	-1	22	8.216565
1771051147_B02	OPC	PDGFRA-CRE	1	corpus callosum	-1	21	9.306392
1772094142_B12	OPC	CD-1	0	DentGyr	1	21	6.841133
1771017034_D02	OPC	PDGFRA-GFP	1	cortex S1	1	90	11.56778
1771017032_G09	OPC	PDGFRA-GFP	1	cortex S1	1	22	5.740126
1771017031_C05	OPC	PDGFRA-GFP	1	cortex S1	1	22	5.775163
1771051163_C07	OPC	PDGFRA-CRE	1	cortex S1	1	61	8.410684
1772117051_H08	OPC	C57BL6	0	corpus callosum	-1	22	8.322275
1771051146_E10	OPC	PDGFRA-CRE	1	corpus callosum	-1	61	8.907676
1771017030_B04	OPC	PDGFRA-GFP	1	cortex S1	0	22	6.351833
1771017032_D04	OPC	PDGFRA-GFP	1	cortex S1	1	22	7.232913
1772117026_H06	OPC	CD-1	0	cortex S1	-1	68	7.470721
1771017030_E08	OPC	PDGFRA-GFP	1	cortex S1	1	22	6.860763
1771017037_A08	OPC	PDGFRA-GFP	1	corpus callosum	1	90	10.79812
1771017029_F07	OPC	PDGFRA-GFP	1	hippo CA1	1	22	7.551293
1771017151_C07	OPC	PDGFRA-GFP	1	hippo CA1	-1	22	6.446406
1772117038_E03	OPC	PDGFRA-CRE	1	corpus callosum	-1	21	12.00144
1771051159_C06	OPC	C57BL6	0	corpus callosum	-1	22	7.622199
1771017030_F09	OPC	PDGFRA-GFP	1	cortex S1	1	22	6.762042
1771017032_E07	OPC	PDGFRA-GFP	1	cortex S1	1	22	6.081417
1772125087_F06	OPC	PDGFRA-CRE	1	corpus callosum	-1	22	8.808995
1771051163_H08	OPC	PDGFRA-CRE	1	cortex S1	1	61	9.20468
1771048206_A06	OPC	PDGFRA-GFP	0	corpus callosum	1	21	8.370614
1771017032_E03	OPC	PDGFRA-GFP	1	cortex S1	0	22	7.025406
1771048207_D01	OPC	PDGFRA-GFP	0	corpus callosum	1	21	7.407446
1771051168_C02	OPC	PDGFRA-GFP	0	corpus callosum	1	21	9.840217
1771017029_F03	OPC	PDGFRA-GFP	1	hippo CA1	1	22	7.882417
1862091053_E12	OPC	CD-1	0	Amygdala	-1	25	6.529321
1771051147_C10	OPC	PDGFRA-CRE	1	corpus callosum	-1	21	9.138696
1771017030_F02	OPC	PDGFRA-GFP	1	cortex S1	1	22	8.257382
1772099304_G04	OPC	C57BL6	0	dorsal horn	0	NaN	9.853874
1771051159_C02	OPC	C57BL6	0	corpus callosum	-1	22	9.20468
1771051158_A09	OPC	C57BL6	0	corpus callosum	-1	22	7.560193
1772117051_G02	OPC	C57BL6	0	corpus callosum	-1	22	9.241135
1772117025_C11	OPC	CD-1	0	cortex S1	-1	68	8.378643
1771051150_E11	OPC	PDGFRA-CRE	1	cortex S1	-1	62	9.349645
1772099027_C12	OPC	CD-1	0	Amygdala	1	29	5.716649
1771048208_F05	OPC	PDGFRA-GFP	0	corpus callosum	1	21	8.724622
1771017031_F06	OPC	PDGFRA-GFP	1	cortex S1	1	22	7.316105
1771048207_C06	OPC	PDGFRA-GFP	0	corpus callosum	1	21	4.521268
1771017030_B03	OPC	PDGFRA-GFP	1	cortex S1	0	22	6.850955
1771017030_A12	OPC	PDGFRA-GFP	1	cortex S1	0	22	5.901852
1771017029_D10	OPC	PDGFRA-GFP	1	hippo CA1	1	22	6.404546
1771051168_G06	OPC	PDGFRA-GFP	0	corpus callosum	1	21	7.907968
1771017028_D03	OPC	PDGFRA-GFP	1	hippo CA1	1	22	7.856783
1771017151_H06	OPC	PDGFRA-GFP	1	hippo CA1	-1	22	6.631508
1771017029_E01	OPC	PDGFRA-GFP	1	hippo CA1	1	22	7.882417
1771017028_G03	OPC	PDGFRA-GFP	1	hippo CA1	1	22	7.343627
1772117013_E03	OPC	PDGFRA-CRE	1	cortex S1	1	61	8.175544
1771048206_A01	OPC	PDGFRA-GFP	0	corpus callosum	1	21	7.148752
1771017030_F11	OPC	PDGFRA-GFP	1	cortex S1	-1	22	2.719692
1772117027_C10	OPC	CD-1	0	cortex S1	-1	68	9.328044
1772125087_C07	OPC	PDGFRA-CRE	1	corpus callosum	-1	22	10.02973
1771017033_F08	OPC	PDGFRA-GFP	1	cortex S1	0	22	6.467235
1771017030_D06	OPC	PDGFRA-GFP	1	cortex S1	0	22	6.298678
1771017031_F08	OPC	PDGFRA-GFP	1	cortex S1	1	22	5.693075
1771051147_D01	OPC	PDGFRA-CRE	1	corpus callosum	-1	21	9.34245
1772099057_A04	OPC	CD-1	0	Amygdala	1	29	8.686001
1771051163_B06	OPC	PDGFRA-CRE	1	cortex S1	1	61	8.982848
1862091052_E12	OPC	CD-1	0	Amygdala	-1	25	7.98413
1772117012_H04	OPC	PDGFRA-CRE	1	cortex S1	1	61	9.492395
1862091032_A05	OPC	CD-1	0	Amygdala	-1	26	8.017747
1771017030_E12	OPC	PDGFRA-GFP	1	cortex S1	-1	22	7.063588
1771017031_G02	OPC	PDGFRA-GFP	1	cortex S1	1	22	7.613372
1772117050_F12	OPC	C57BL6	0	corpus callosum	-1	23	6.79181
1771017032_D11	OPC	PDGFRA-GFP	1	cortex S1	1	22	6.549886
1771017032_B08	OPC	PDGFRA-GFP	1	cortex S1	1	22	7.361917
1772125087_E01	COP	PDGFRA-CRE	0	corpus callosum	-1	22	9.190058
1772078019_E11	COP	C57BL6	0	hypothalamus	-1	27	8.922761
1772078019_E10	COP	C57BL6	0	hypothalamus	-1	27	8.249235
1772125088_D09	COP	PDGFRA-CRE	1	corpus callosum	-1	22	8.402685
1772117038_H10	COP	PDGFRA-CRE	1	corpus callosum	-1	21	8.490257
1772117014_A03	COP	PDGFRA-CRE	1	corpus callosum	1	60	7.98413
1772099040_C10	COP	C57BL6	0	dorsal horn	-1	NaN	10.14306
1772099035_E02	COP	CD-1	0	ZonaIncerta	1	21	9.255676
1772117015_E09	COP	PDGFRA-CRE	1	corpus callosum	1	60	10.45
1772096135_E10	COP	C57BL6	0	hypothalamus	-1	25	11.26145
1772078030_C07	COP	C57BL6	0	hypothalamus	1	22	9.211982
1772125088_F01	COP	PDGFRA-CRE	1	corpus callosum	-1	22	8.70147
1772060225_B03	COP	CD-1	0	cortex S1	-1	28	9.527749
1772092004_A05	COP	C57BL6	0	hypothalamus	-1	29	11.48611
1772096138_A09	COP	C57BL6	0	hypothalamus	1	19	9.570001
1772099301_F08	COP	C57BL6	0	dorsal horn	0	NaN	11.84352
1772099037_B09	COP	CD-1	0	ZonaIncerta	-1	21	10.02302
1772117151_C10	COP	C57BL6	0	dorsal horn	0	19	12.28386
1772099044_C07	COP	C57BL6	0	dorsal horn	-1	NaN	8.354531
1772099316_E02	COP	C57BL6	0	dorsal horn	1	22	11.26742
1772099313_C05	COP	C57BL6	0	dorsal horn	1	22	9.674823
1772092013_E04	COP	C57BL6	0	hypothalamus	1	28	6.601018
1772099040_A07	COP	C57BL6	0	dorsal horn	-1	NaN	9.9151
1772089188_E01	COP	C57BL6	0	hypothalamus	-1	27	12.50628
1772117100_C08	COP	C57BL6	0	dorsal horn	0	NaN	11.11117
1772125088_G01	COP	PDGFRA-CRE	1	corpus callosum	-1	22	10.20914
1772092004_B11	COP	C57BL6	0	hypothalamus	-1	29	11.52118
1771051168_C09	COP	PDGFRA-GFP	0	corpus callosum	1	21	9.612067
1772078030_D01	COP	C57BL6	0	hypothalamus	1	22	10.20255
1772117057_E07	COP	C57BL6	0	dorsal horn	0	27	9.833381
1772117099_E06	COP	C57BL6	0	dorsal horn	0	NaN	11.53285
1772099301_E10	COP	C57BL6	0	dorsal horn	0	NaN	9.190058
1772099305_D05	COP	C57BL6	0	dorsal horn	0	NaN	11.35066
1772099093_B01	COP	C57BL6	0	dorsal horn	0	20	11.83215
1772099083_H12	COP	CD-1	0	ZonaIncerta	-1	22	9.1534
1772117107_D06	COP	C57BL6	0	dorsal horn	0	NaN	9.541854
1771048206_A07	COP	PDGFRA-GFP	0	corpus callosum	1	21	10.67284
1772099087_A09	COP	CD-1	0	ZonaIncerta	-1	22	10.52055
1772099143_C06	COP	HGFAP-GFP	1	DentGyr	-1	50	11.68921
1772075304_A06	COP	C57BL6	0	hypothalamus	-1	21	9.570001
1772078018_B12	COP	C57BL6	0	hypothalamus	-1	27	8.354531
1772125087_E02	COP	PDGFRA-CRE	1	corpus callosum	-1	22	9.82654
1772125080_D11	COP	PDGFRA-CRE	1	corpus callosum	-1	22	8.732327
1772099313_E01	COP	C57BL6	0	dorsal horn	1	22	10.84782
1772099305_E06	COP	C57BL6	0	dorsal horn	0	NaN	12.70367
1772125087_H06	COP	PDGFRA-CRE	1	corpus callosum	-1	22	10.12316
1772099084_E06	COP	CD-1	0	ZonaIncerta	1	19	10.50776
1772092304_H05	COP	LHX6ICRERFP	0	striatum	-1	27	7.034971
1772099058_A11	COP	CD-1	0	Amygdala	1	29	7.736035
1771051168_G07	COP	PDGFRA-GFP	0	corpus callosum	1	21	7.443669
1772099072_B09	COP	CD-1	0	ZonaIncerta	-1	19	8.084563
1772099054_D11	COP	CD-1	0	Amygdala	-1	28	8.482333
1772099078_A03	COP	CD-1	0	ZonaIncerta	0	21	10.79189
1772078018_B03	COP	C57BL6	0	hypothalamus	-1	27	10.94655
1862091031_E11	COP	CD-1	0	Amygdala	-1	26	7.389268
1772072243_H12	COP	C57BL6	0	dorsal horn	1	NaN	0
1772125087_C03	COP	PDGFRA-CRE	1	corpus callosum	-1	22	9.695652
1772096144_H11	COP	C57BL6	0	hypothalamus	-1	27	9.887936
1772099052_E09	COP	CD-1	0	Amygdala	1	26	12.59736
1772099056_H12	COP	CD-1	0	Amygdala	-1	28	9.65395
1772099072_F06	COP	CD-1	0	ZonaIncerta	1	19	8.354531
1772099305_D07	COP	C57BL6	0	dorsal horn	0	NaN	15.9261
1772096085_B10	COP	CD-1	0	SN-VTA	1	19	12.97599
1772099218_A12	COP	CD-1	1	DentGyr	-1	63	11.26145
1862091115_H05	COP	CD-1	0	Amygdala	1	21	8.24108
1772099036_F11	COP	CD-1	0	ZonaIncerta	-1	21	7.279248
1772099215_D06	COP	CD-1	1	DentGyr	-1	63	12.23449
1772096165_E06	COP	C57BL6	0	hypothalamus	-1	27	8.732326
1772094121_C05	COP	CD-1	0	DentGyr	1	22	8.402685
1862091035_F07	COP	CD-1	0	Amygdala	-1	25	8.793714
1772099009_E08	COP	CD-1	0	SN-VTA	1	24	8.183764
1772084021_G10	COP	C57BL6	0	hypothalamus	1	24	8.808994
1772099078_D09	COP	CD-1	0	ZonaIncerta	1	21	9.626048
1772096101_G05	COP	C57BL6	0	hypothalamus	-1	23	8.831865
1772096110_A11	COP	CD-1	0	SN-VTA	-1	24	8.506082
1772092293_B06	COP	CD-1	0	DentGyr	-1	21	9.241134
1772099055_G12	COP	CD-1	0	Amygdala	-1	28	10.05651
1772096083_H05	COP	CD-1	0	SN-VTA	1	19	14.09859
1772094140_E06	COP	CD-1	0	DentGyr	1	28	8.639426
1772099086_C11	COP	CD-1	0	ZonaIncerta	-1	22	10.01631
1771048207_B11	COP	PDGFRA-GFP	0	corpus callosum	1	21	8.584771
1772092009_B06	COP	C57BL6	0	hypothalamus	1	29	8.662745
1772125078_A05	COP	PDGFRA-CRE	1	corpus callosum	-1	21	13.82405
1772125087_D02	COP	PDGFRA-CRE	1	corpus callosum	-1	22	9.570001
1772125087_A11	COP	PDGFRA-CRE	1	corpus callosum	-1	22	12.31666
1772125088_H01	COP	PDGFRA-CRE	1	corpus callosum	-1	22	10.85402
1772078030_A08	COP	C57BL6	0	hypothalamus	1	22	10.06988
1772125088_G02	COP	PDGFRA-CRE	1	corpus callosum	-1	22	11.27338
1772125087_G01	COP	PDGFRA-CRE	1	corpus callosum	-1	22	9.908316
1771048207_E05	COP	PDGFRA-GFP	0	corpus callosum	1	21	7.727338
1772117123_C09	COP	C57BL6	0	dorsal horn	0	26	11.18957
1862091053_D04	COP	CD-1	0	Amygdala	-1	25	7.657406
1772117051_F11	COP	C57BL6	0	corpus callosum	-1	22	8.281777
1772096172_F05	COP	C57BL6	0	hypothalamus	-1	28	10.2748
1772089205_D07	COP	CD-1	0	SN-VTA	-1	22	8.553382
1862091031_F11	COP	CD-1	0	Amygdala	-1	26	10.35953
1772092282_A01	COP	CD-1	0	DentGyr	-1	25	9.887936
1772096150_F04	COP	CD-1	0	SN-VTA	0	25	6.958084
1772089187_B10	COP	C57BL6	0	hypothalamus	-1	28	9.942191
1772099143_F12	COP	HGFAP-GFP	1	DentGyr	-1	50	12.32212
1772125087_A10	COP	PDGFRA-CRE	1	corpus callosum	-1	22	10.80434
1862091028_D11	COP	CD-1	0	Amygdala	1	27	9.197372
1772060224_G05	COP	CD-1	0	cortex S1	1	24	9.819695
1771048207_B02	COP	PDGFRA-GFP	0	corpus callosum	1	21	8.862267
1772099085_G06	COP	CD-1	0	ZonaIncerta	-1	22	10.41778
1772094124_G11	COP	CD-1	0	DentGyr	1	22	9.989422
1772096099_H04	COP	C57BL6	0	hypothalamus	-1	23	10.55246
1862091036_D11	COP	CD-1	0	Amygdala	-1	25	7.09209
1772092004_B06	COP	C57BL6	0	hypothalamus	-1	29	7.84822
1771017151_D10	COP	PDGFRA-GFP	1	hippo CA1	0	22	6.330624
1772099072_G03	COP	CD-1	0	ZonaIncerta	0	19	8.24108
1771051158_D10	COP	C57BL6	0	corpus callosum	-1	22	8.297999
1772099217_H11	COP	CD-1	1	DentGyr	-1	63	10.00288
1772125088_F08	COP	PDGFRA-CRE	1	corpus callosum	-1	22	12.229
1862091021_G04	COP	CD-1	0	Amygdala	1	22	7.95037
1772099040_H03	COP	C57BL6	0	dorsal horn	-1	NaN	7.306909
1771051165_D07	COP	PDGFRA-CRE	1	corpus callosum	1	60	7.006238
1772125090_D11	COP	PDGFRA-CRE	1	corpus callosum	-1	22	10.51415
1772117015_F11	COP	PDGFRA-CRE	1	corpus callosum	1	60	8.839476
1772117051_H04	COP	C57BL6	0	corpus callosum	-1	22	10.57156
1772089190_G11	COP	C57BL6	0	hypothalamus	-1	27	7.195629
1862091022_F10	COP	CD-1	0	Amygdala	-1	22	11.76376
1772099026_E10	COP	CD-1	0	Amygdala	1	29	7.98413
1772117013_B11	COP	PDGFRA-CRE	1	cortex S1	1	61	10.98947
1772099039_E08	COP	C57BL6	0	dorsal horn	-1	NaN	9.29193
1772125088_D02	COP	PDGFRA-CRE	0	corpus callosum	-1	22	6.467235
1772099044_F12	COP	C57BL6	0	dorsal horn	-1	NaN	7.371046
1772094141_A05	COP	CD-1	0	DentGyr	1	21	9.833381
1772125087_C08	COP	PDGFRA-CRE	1	corpus callosum	-1	22	10.08322
1862091020_G05	COP	CD-1	0	Amygdala	1	22	8.839475
1772125088_H07	COP	PDGFRA-CRE	1	corpus callosum	-1	22	7.692451
1772117013_B05	COP	PDGFRA-CRE	1	cortex S1	1	61	11.30912
1862091105_D05	COP	CD-1	0	Amygdala	-1	28	12.30027
1772125088_G07	COP	PDGFRA-CRE	1	corpus callosum	-1	22	8.670504
1862091045_B01	COP	CD-1	0	Amygdala	1	24	8.076241
1772125088_E01	COP	PDGFRA-CRE	1	corpus callosum	-1	22	9.255676
1772099081_D11	COP	CD-1	0	ZonaIncerta	1	22	13.19694
1772072243_C02	COP	C57BL6	0	dorsal horn	1	NaN	8.56124
1862091118_B07	COP	CD-1	0	Amygdala	1	21	9.744078
1862091036_A04	COP	CD-1	0	Amygdala	-1	25	9.02765
1772094110_E10	NFOL1	CD-1	0	DentGyr	1	20	8.200181
1772099033_C11	NFOL1	CD-1	0	ZonaIncerta	-1	20	11.27338
1772099040_C02	NFOL1	C57BL6	0	dorsal horn	-1	NaN	8.426658
1772099155_A09	NFOL1	C57BL6	0	dorsal horn	1	18	6.841133
1862091035_D06	NFOL1	CD-1	0	Amygdala	-1	25	10.22231
1772099078_D07	NFOL1	CD-1	0	ZonaIncerta	1	21	11.20158
1772099035_H01	NFOL1	CD-1	0	ZonaIncerta	-1	21	11.45093
1772099010_G01	NFOL1	CD-1	0	SN-VTA	-1	24	9.894734
1772099314_F03	NFOL1	C57BL6	0	dorsal horn	1	22	8.281777
1772096121_A02	NFOL1	CD-1	0	DentGyr	-1	25	8.793714
1772099026_G04	NFOL1	CD-1	0	Amygdala	1	29	9.211982
1772094155_B07	NFOL1	CD-1	0	DentGyr	-1	25	10.0632
1772089190_A01	NFOL1	C57BL6	0	hypothalamus	-1	27	9.371196
1772099033_E10	NFOL1	CD-1	0	ZonaIncerta	-1	20	9.306392
1772099055_B04	NFOL1	CD-1	0	Amygdala	-1	28	9.072232
1772099047_B06	NFOL1	CD-1	0	SN-VTA	-1	21	12.90845
1772099036_A01	NFOL1	CD-1	0	ZonaIncerta	1	21	10.30747
1772096106_E07	NFOL1	CD-1	0	SN-VTA	1	24	9.407005
1862091033_D06	NFOL1	CD-1	0	Amygdala	-1	25	8.662745
1772096141_A01	NFOL1	C57BL6	0	hypothalamus	1	19	11.30912
1772099073_B11	NFOL1	CD-1	0	ZonaIncerta	-1	21	10.69801
1772078017_H02	NFOL1	C57BL6	0	hypothalamus	-1	25	11.46853
1772096139_A07	NFOL1	C57BL6	0	hypothalamus	1	19	9.750977
1772099078_C05	NFOL1	CD-1	0	ZonaIncerta	-1	21	8.458517
1772099143_A09	NFOL1	HGFAP-GFP	1	DentGyr	-1	50	10.8973
1862091054_E01	NFOL1	CD-1	0	Amygdala	-1	25	10.76069
1772099044_E11	NFOL1	C57BL6	0	dorsal horn	-1	NaN	9.299164
1772067070_A05	NFOL1	CD-1	0	cortex S1	1	26	11.0444
1772066090_G12	NFOL1	CD-1	0	hippo CA1	-1	23	11.093
1772089186_E10	NFOL1	C57BL6	0	hypothalamus	-1	28	11.62576
1772094108_A02	NFOL1	CD-1	0	DentGyr	1	20	8.017747
1772099146_E06	NFOL1	HGFAP-GFP	1	DentGyr	-1	50	12.71425
1772096100_H10	NFOL1	C57BL6	0	hypothalamus	-1	23	9.723354
1772063063_F08	NFOL1	5HT3A-EGFP	0	cortex S1	-1	21	10.47571
1772094139_F09	NFOL1	CD-1	0	DentGyr	1	28	9.955708
1772096122_G07	NFOL1	CD-1	0	DentGyr	-1	25	12.7301
1772099091_E05	NFOL1	C57BL6	0	dorsal horn	0	20	12.26195
1772096172_G11	NFOL1	C57BL6	0	hypothalamus	-1	28	9.116595
1772096165_C04	NFOL1	C57BL6	0	hypothalamus	-1	27	10.98335
1772096100_E03	NFOL1	C57BL6	0	hypothalamus	-1	23	12.64531
1772066095_B05	NFOL1	CD-1	0	hippo CA1	-1	27	9.392698
1772096106_C03	NFOL1	CD-1	0	SN-VTA	-1	24	9.935425
1772096110_H06	NFOL1	CD-1	0	SN-VTA	1	24	9.34245
1772096140_G04	NFOL1	C57BL6	0	hypothalamus	1	19	10.50776
1772096133_A03	NFOL1	C57BL6	0	hypothalamus	-1	25	12.49553
1772099313_H06	NFOL1	C57BL6	0	dorsal horn	1	22	10.85402
1862091031_G10	NFOL1	CD-1	0	Amygdala	-1	26	9.45691
1772096096_F04	NFOL1	C57BL6	0	hypothalamus	-1	22	10.51415
1772096084_A05	NFOL1	CD-1	0	SN-VTA	1	19	10.06988
1772072243_A03	NFOL1	C57BL6	0	dorsal horn	1	NaN	7.727338
1772096132_B09	NFOL1	C57BL6	0	hypothalamus	-1	24	10.41778
1772078029_B11	NFOL1	C57BL6	0	hypothalamus	1	22	11.17152
1772058147_F02	NFOL1	?	0	hypothalamus	-1	NaN	10.24859
1772099080_E06	NFOL1	CD-1	0	ZonaIncerta	-1	22	12.12962
1772096141_B10	NFOL1	C57BL6	0	hypothalamus	1	19	11.44506
1772096175_B11	NFOL1	C57BL6	0	hypothalamus	-1	29	10.10321
1772099041_A12	NFOL1	C57BL6	0	dorsal horn	0	NaN	8.084563
1772096132_H03	NFOL1	C57BL6	0	hypothalamus	-1	24	11.67194
1772099070_F08	NFOL1	CD-1	0	ZonaIncerta	1	19	8.770744
1772094143_B12	NFOL1	CD-1	0	SN-VTA	1	24	8.474402
1772096135_G12	NFOL1	C57BL6	0	hypothalamus	-1	25	9.82654
1772096122_D08	NFOL1	CD-1	0	DentGyr	-1	25	10.95269
1772072242_C01	NFOL1	C57BL6	0	dorsal horn	-1	NaN	9.012741
1772089186_A08	NFOL1	C57BL6	0	hypothalamus	-1	28	11.20158
1772060224_B04	NFOL1	CD-1	0	cortex S1	1	24	7.343627
1772063078_E01	NFOL1	CD-1	0	cortex S1	-1	27	8.051225
1772078028_H03	NFOL1	C57BL6	0	hypothalamus	1	22	6.014708
1862091037_A03	NFOL1	CD-1	0	Amygdala	-1	25	12.20698
1862091023_A08	NFOL1	CD-1	0	Amygdala	1	27	11.52702
1772096165_A03	NFOL1	C57BL6	0	hypothalamus	-1	27	9.548898
1772096103_C12	NFOL1	C57BL6	0	hypothalamus	-1	24	8.967864
1772063062_E07	NFOL1	5HT3A-EGFP	0	cortex S1	1	20	10.59697
1772096134_G05	NFOL1	C57BL6	0	hypothalamus	-1	25	11.68346
1772099080_E04	NFOL1	CD-1	0	ZonaIncerta	-1	22	9.299164
1772099143_C01	NFOL1	HGFAP-GFP	1	DentGyr	-1	50	10.69802
1772099014_E10	NFOL1	C57BL6	0	dorsal horn	1	NaN	10.60331
1772092309_H06	NFOL1	5HT3A-EGFP	0	striatum	1	22	10.19596
1772060225_A11	NFOL1	CD-1	0	cortex S1	-1	28	10.12316
1772089200_E07	NFOL1	CD-1	0	SN-VTA	1	21	8.281777
1772096139_E01	NFOL1	C57BL6	0	hypothalamus	1	19	12.06848
1772084014_C11	NFOL1	C57BL6	0	hypothalamus	1	24	13.47926
1772099081_G04	NFOL1	CD-1	0	ZonaIncerta	-1	22	12.26194
1772096138_A06	NFOL1	C57BL6	0	hypothalamus	1	19	7.718631
1772099034_H01	NFOL1	CD-1	0	ZonaIncerta	-1	21	12.11297
1772096134_A09	NFOL1	C57BL6	0	hypothalamus	-1	25	9.874325
1772099046_E09	NFOL1	CD-1	0	SN-VTA	0	21	11.84919
1772096097_B05	NFOL1	C57BL6	0	hypothalamus	-1	22	12.51703
1772096156_G03	NFOL1	CD-1	0	SN-VTA	1	26	10.51415
1772099036_B01	NFOL1	CD-1	0	ZonaIncerta	-1	21	10.78565
1772099035_A05	NFOL1	CD-1	0	ZonaIncerta	0	21	10.71058
1862091112_H01	NFOL1	CD-1	0	Amygdala	1	24	11.08694
1771017037_F08	NFOL1	PDGFRA-GFP	0	corpus callosum	1	90	11.06873
1772099014_F01	NFOL1	C57BL6	0	dorsal horn	1	NaN	10.51415
1772096162_E02	NFOL1	C57BL6	0	hypothalamus	-1	27	11.01391
1772099214_C11	NFOL1	CD-1	1	DentGyr	-1	63	11.46854
1772096094_E01	NFOL1	CD-1	0	SN-VTA	1	21	11.35066
1772084018_E10	NFOL1	CD-1	0	SN-VTA	1	24	10.80434
1772096097_D05	NFOL1	C57BL6	0	hypothalamus	-1	22	10.48854
1862091045_F04	NFOL1	CD-1	0	Amygdala	1	24	11.7122
1772099039_F03	NFOL1	C57BL6	0	dorsal horn	-1	NaN	8.945341
1772096093_B01	NFOL1	CD-1	0	SN-VTA	0	21	10.34003
1772096087_C12	NFOL1	CD-1	0	SN-VTA	-1	20	12.19596
1772089200_E10	NFOL1	CD-1	0	SN-VTA	1	21	11.6777
1772084014_C09	NFOL1	C57BL6	0	hypothalamus	1	24	9.833381
1772096100_A09	NFOL1	C57BL6	0	hypothalamus	-1	23	9.97595
1772092315_E02	NFOL1	5HT3A-EGFP	0	striatum	1	NaN	9.61906
1772062115_A09	NFOL1	CD-1	0	cortex S1	-1	28	10.48213
1772092309_B10	NFOL1	5HT3A-EGFP	0	striatum	1	22	10.41132
1772099040_F06	NFOL1	C57BL6	0	dorsal horn	0	NaN	10.30747
1772096099_B10	NFOL1	C57BL6	0	hypothalamus	-1	23	10.53332
1772099073_A05	NFOL1	CD-1	0	ZonaIncerta	1	21	11.40385
1772096173_E08	NFOL1	C57BL6	0	hypothalamus	-1	28	10.51415
1772099033_A06	NFOL1	CD-1	0	ZonaIncerta	1	20	10.08322
1772096086_E12	NFOL1	CD-1	0	SN-VTA	1	20	11.40385
1772096122_B11	NFOL1	CD-1	0	DentGyr	-1	25	10.39193
1772099078_A07	NFOL1	CD-1	0	ZonaIncerta	-1	21	8.529765
1772084018_G10	NFOL1	CD-1	0	SN-VTA	-1	24	10.5397
1772067092_F12	NFOL1	CD-1	0	hippo CA1	1	22	13.22748
1772099070_B11	NFOL1	CD-1	0	ZonaIncerta	-1	19	9.335249
1772094132_F03	NFOL1	CD-1	0	DentGyr	1	24	9.96246
1862091032_B03	NFOL1	CD-1	0	Amygdala	-1	26	9.881133
1772099035_H10	NFOL1	CD-1	0	ZonaIncerta	1	21	11.37433
1772099045_C09	NFOL1	CD-1	0	SN-VTA	-1	21	10.02973
1772066098_C04	NFOL1	CD-1	0	hippo CA1	-1	26	11.87753
1772099080_E02	NFOL1	CD-1	0	ZonaIncerta	1	22	11.0017
1772099031_C12	NFOL1	CD-1	0	ZonaIncerta	0	20	9.881133
1772099045_B05	NFOL1	CD-1	0	SN-VTA	-1	21	11.53868
1772099031_G10	NFOL1	CD-1	0	ZonaIncerta	-1	20	12.15177
1862091031_A06	NFOL1	CD-1	0	Amygdala	-1	26	10.45
1772099033_B11	NFOL1	CD-1	0	ZonaIncerta	-1	20	9.262938
1772099045_G01	NFOL1	CD-1	0	SN-VTA	-1	21	10.60331
1772099078_A05	NFOL1	CD-1	0	ZonaIncerta	-1	21	8.33035
1772099033_E04	NFOL1	CD-1	0	ZonaIncerta	-1	20	9.270195
1772099075_C05	NFOL1	CD-1	0	ZonaIncerta	0	21	10.73566
1772092289_A06	NFOL1	CD-1	0	DentGyr	-1	21	9.175412
1772099075_F06	NFOL1	CD-1	0	ZonaIncerta	-1	21	9.47112
1772099087_D07	NFOL1	CD-1	0	ZonaIncerta	-1	22	13.18165
1772092003_E09	NFOL1	CD-1	0	SN-VTA	-1	20	9.478217
1772099081_B04	NFOL1	CD-1	0	ZonaIncerta	1	22	8.960363
1772099084_C06	NFOL1	CD-1	0	ZonaIncerta	1	19	11.4333
1772099085_B04	NFOL1	CD-1	0	ZonaIncerta	-1	22	9.982689
1862091115_D06	NFOL1	CD-1	0	Amygdala	1	21	7.279248
1772099086_D09	NFOL1	CD-1	0	ZonaIncerta	-1	22	12.02383
1772099037_E02	NFOL1	CD-1	0	ZonaIncerta	0	21	9.116595
1772117124_A05	NFOL1	C57BL6	0	dorsal horn	0	27	14.27397
1772099086_H07	NFOL1	CD-1	0	ZonaIncerta	-1	22	10.82921
1772092003_D09	NFOL1	CD-1	0	SN-VTA	-1	20	7.2977
1772096126_E02	NFOL1	C57BL6	0	hypothalamus	-1	21	11.73514
1772099037_G04	NFOL1	CD-1	0	ZonaIncerta	-1	21	10.87259
1772099075_F11	NFOL1	CD-1	0	ZonaIncerta	1	21	9.392698
1772099031_F04	NFOL1	CD-1	0	ZonaIncerta	-1	20	11.53285
1772099091_F01	NFOL1	C57BL6	0	dorsal horn	0	20	11.42153
1772084017_A05	NFOL1	C57BL6	0	hypothalamus	1	24	10.19596
1772099083_A06	NFOL1	CD-1	0	ZonaIncerta	-1	22	11.14742
1772094153_B09	NFOL1	LHX6ICRERFP	0	striatum	-1	28	8.66
1772099043_C04	NFOL1	C57BL6	0	dorsal horn	-1	NaN	10.16293
1771051147_D10	NFOL1	PDGFRA-CRE	1	corpus callosum	-1	21	7.044524
1772072243_B12	NFOL1	C57BL6	0	dorsal horn	1	NaN	10.97109
1772078033_D01	NFOL1	LHX6ICRERFP	0	striatum	1	22	10.35303
1772096088_A07	NFOL1	CD-1	0	SN-VTA	1	20	11.83783
1772092313_E09	NFOL1	CD-1	0	DentGyr	-1	25	12.13516
1772092008_E02	NFOL1	C57BL6	0	hypothalamus	1	29	10.37898
1771051147_D02	NFOL1	PDGFRA-CRE	1	corpus callosum	-1	21	14.08427
1772096139_B01	NFOL1	C57BL6	0	hypothalamus	1	19	5.121011
1772067057_G07	NFOL1	CD-1	0	hippo CA1	-1	27	9.942191
1772125080_F02	NFOL1	PDGFRA-CRE	1	corpus callosum	-1	22	11.93964
1772117099_G02	NFOL1	C57BL6	0	dorsal horn	0	NaN	10.13643
1772071019_B09	NFOL1	5HT3A-EGFP	0	striatum	-1	20	11.45093
1772099301_H07	NFOL1	C57BL6	0	dorsal horn	0	NaN	12.14624
1772117039_C11	NFOL1	PDGFRA-CRE	1	corpus callosum	-1	21	8.900125
1772096084_G02	NFOL1	CD-1	0	SN-VTA	1	19	8.56124
1772096085_C09	NFOL1	CD-1	0	SN-VTA	1	19	9.750977
1772092003_D06	NFOL1	CD-1	0	SN-VTA	-1	20	7.577961
1772125088_F03	NFOL1	PDGFRA-CRE	1	corpus callosum	-1	22	7.796643
1772075304_D07	NFOL1	C57BL6	0	hypothalamus	-1	21	11.57359
1772096158_E08	NFOL1	C57BL6	0	hypothalamus	-1	21	10.07655
1772096122_E06	NFOL1	CD-1	0	DentGyr	-1	25	11.70071
1772099052_H10	NFOL1	CD-1	0	Amygdala	1	26	12.06848
1772078018_D10	NFOL1	C57BL6	0	hypothalamus	-1	27	10.64761
1772078016_E11	NFOL1	C57BL6	0	hypothalamus	-1	25	9.737175
1772099305_H01	NFOL1	C57BL6	0	dorsal horn	0	NaN	13.66751
1772078017_A06	NFOL1	C57BL6	0	hypothalamus	-1	25	12.30574
1772096097_F04	NFOL1	C57BL6	0	hypothalamus	-1	22	9.320832
1772092312_A02	NFOL1	5HT3A-EGFP	0	striatum	1	22	9.702585
1772078013_H07	NFOL1	C57BL6	0	hypothalamus	-1	25	9.577025
1772089196_E01	NFOL1	C57BL6	0	hypothalamus	-1	25	12.24548
1772089188_E11	NFOL1	C57BL6	0	hypothalamus	-1	27	10.10986
1772078013_A08	NFOL1	C57BL6	0	hypothalamus	-1	25	8.747714
1772099078_H04	NFOL1	CD-1	0	ZonaIncerta	1	21	9.049968
1772067070_D08	NFOL1	CD-1	0	cortex S1	1	26	9.695652
1772099031_H06	NFOL1	CD-1	0	ZonaIncerta	1	20	7.933436
1772089199_A12	NFOL1	CD-1	0	SN-VTA	-1	23	10.02973
1772096145_C11	NFOL1	C57BL6	0	hypothalamus	-1	29	10.66654
1772078029_F11	NFOL1	C57BL6	0	hypothalamus	1	22	13.21731
1772099037_C07	NFOL1	CD-1	0	ZonaIncerta	-1	21	9.527749
1772071053_F01	NFOL1	5HT3A-EGFP	0	cortex S1	1	21	9.853874
1772078022_B11	NFOL1	C57BL6	0	hypothalamus	-1	27	10.91579
1772089187_F06	NFOL1	C57BL6	0	hypothalamus	-1	28	8.763074
1772099086_G12	NFOL1	CD-1	0	ZonaIncerta	-1	22	9.534804
1772078018_D07	NFOL1	C57BL6	0	hypothalamus	-1	27	10.5397
1772099075_B09	NFOL1	CD-1	0	ZonaIncerta	1	21	10.83541
1772096126_B01	NFOL1	C57BL6	0	hypothalamus	-1	21	8.394678
1772099040_B03	NFOL1	C57BL6	0	dorsal horn	-1	NaN	8.257382
1772099076_A05	NFOL1	CD-1	0	ZonaIncerta	1	21	11.73514
1772066098_D06	NFOL1	CD-1	0	hippo CA1	-1	26	10.76693
1862091041_C01	NFOL1	CD-1	0	Amygdala	-1	28	11.84351
1772096162_D11	NFOL1	C57BL6	0	hypothalamus	-1	27	13.18165
1772099143_A11	NFOL1	HGFAP-GFP	1	DentGyr	-1	50	13.20713
1772096120_D04	NFOL1	CD-1	0	DentGyr	-1	25	9.035096
1772099146_A01	NFOL1	HGFAP-GFP	1	DentGyr	-1	50	11.14139
1772099044_C12	NFOL1	C57BL6	0	dorsal horn	-1	NaN	8.831865
1772092004_B08	NFOL1	C57BL6	0	hypothalamus	-1	29	8.521878
1772099044_C04	NFOL1	C57BL6	0	dorsal horn	-1	NaN	7.586829
1772084014_B01	NFOL1	C57BL6	0	hypothalamus	1	24	9.197372
1772096126_A09	NFOL1	C57BL6	0	hypothalamus	-1	21	11.41564
1772096085_H05	NFOL1	CD-1	0	SN-VTA	1	19	10.87259
1772099033_D08	NFOL1	CD-1	0	ZonaIncerta	-1	20	10.37898
1772099035_E11	NFOL1	CD-1	0	ZonaIncerta	-1	21	8.24108
1862091041_E04	NFOL1	CD-1	0	Amygdala	-1	28	9.771643
1772096097_H10	NFOL2	C57BL6	0	hypothalamus	-1	22	11.49781
1772078030_C01	NFOL2	C57BL6	0	hypothalamus	1	22	11.46853
1772089195_C10	NFOL2	C57BL6	0	hypothalamus	-1	25	9.598065
1772096172_C04	NFOL2	C57BL6	0	hypothalamus	-1	28	11.77519
1772078030_C02	NFOL2	C57BL6	0	hypothalamus	1	22	11.70646
1772075304_D02	NFOL2	C57BL6	0	hypothalamus	-1	21	13.27315
1772096132_G09	NFOL2	C57BL6	0	hypothalamus	-1	24	12.01263
1772096102_A01	NFOL2	C57BL6	0	hypothalamus	-1	23	10.29441
1771017036_B11	NFOL2	PDGFRA-GFP	1	corpus callosum	1	90	13.85321
1772096103_C11	NFOL2	C57BL6	0	hypothalamus	-1	24	11.08694
1772096100_B05	NFOL2	C57BL6	0	hypothalamus	-1	23	12.3112
1772089195_D03	NFOL2	C57BL6	0	hypothalamus	-1	25	10.45
1772084021_B03	NFOL2	C57BL6	0	hypothalamus	1	24	14.99535
1772092012_B07	NFOL2	C57BL6	0	hypothalamus	1	28	11.48025
1772089194_B08	NFOL2	C57BL6	0	hypothalamus	-1	25	13.01222
1772089202_A01	NFOL2	CD-1	0	SN-VTA	-1	22	11.02612
1772096100_B08	NFOL2	C57BL6	0	hypothalamus	-1	23	9.894734
1772078014_F12	NFOL2	C57BL6	0	hypothalamus	0	25	12.21249
1772075304_C05	NFOL2	C57BL6	0	hypothalamus	-1	21	11.55033
1772078031_A12	NFOL2	C57BL6	0	hypothalamus	1	22	11.45093
1772072243_B02	NFOL2	C57BL6	0	dorsal horn	1	NaN	9.730267
1772096135_H06	NFOL2	C57BL6	0	hypothalamus	-1	25	9.356834
1772099305_B02	NFOL2	C57BL6	0	dorsal horn	0	NaN	11.87753
1772117161_G01	NFOL2	C57BL6	0	dorsal horn	0	20	9.22657
1772099038_F08	NFOL2	CD-1	0	ZonaIncerta	1	22	13.61823
1772099031_F03	NFOL2	CD-1	0	ZonaIncerta	1	20	12.1573
1772078029_B04	NFOL2	C57BL6	0	hypothalamus	1	22	8.000956
1772089190_F12	NFOL2	C57BL6	0	hypothalamus	-1	27	7.7534
1772096173_B06	NFOL2	C57BL6	0	hypothalamus	-1	28	10.85402
1772096131_A02	NFOL2	C57BL6	0	hypothalamus	-1	29	10.94655
1772078028_E05	NFOL2	C57BL6	0	hypothalamus	1	22	11.34474
1772096138_A08	NFOL2	C57BL6	0	hypothalamus	1	19	10.5397
1772096172_E10	NFOL2	C57BL6	0	hypothalamus	-1	28	11.15345
1772099044_A07	NFOL2	C57BL6	0	dorsal horn	-1	NaN	9.41415
1772096132_A07	NFOL2	C57BL6	0	hypothalamus	-1	24	11.88319
1772099043_F02	NFOL2	C57BL6	0	dorsal horn	-1	NaN	10.22888
1772099085_D03	NFOL2	CD-1	0	ZonaIncerta	-1	22	10.7043
1772099303_G01	NFOL2	C57BL6	0	dorsal horn	0	NaN	12.37114
1772094142_B05	NFOL2	CD-1	0	DentGyr	1	21	10.79189
1772096165_A04	NFOL2	C57BL6	0	hypothalamus	-1	27	8.569091
1772092296_F10	NFOL2	LHX6ICRERFP	0	striatum	-1	25	10.97722
1772096171_A08	NFOL2	C57BL6	0	hypothalamus	-1	28	11.40385
1772099078_C02	NFOL2	CD-1	0	ZonaIncerta	1	21	11.48611
1772075317_B12	NFOL2	C57BL6	0	hypothalamus	-1	16	12.83531
1772062109_A05	NFOL2	CD-1	0	cortex S1	1	22	12.62934
1772099078_C06	NFOL2	CD-1	0	ZonaIncerta	1	21	11.72941
1772099143_E04	NFOL2	HGFAP-GFP	1	DentGyr	-1	50	13.70682
1862091118_F09	NFOL2	CD-1	0	Amygdala	1	21	11.30912
1862091113_D09	NFOL2	CD-1	0	Amygdala	1	24	10.48854
1772094135_H05	NFOL2	CD-1	0	SN-VTA	1	19	11.55033
1772084021_G04	NFOL2	C57BL6	0	hypothalamus	1	24	11.70646
1772089202_E04	NFOL2	CD-1	0	SN-VTA	1	22	11.65465
1772060240_A10	NFOL2	CD-1	0	cortex S1	-1	23	11.23754
1772096084_B02	NFOL2	CD-1	0	SN-VTA	1	19	12.74594
1772099047_A07	NFOL2	CD-1	0	SN-VTA	-1	21	10.7294
1772099087_B02	NFOL2	CD-1	0	ZonaIncerta	-1	22	10.48854
1772099083_D02	NFOL2	CD-1	0	ZonaIncerta	-1	22	10.87877
1772096116_F09	NFOL2	CD-1	0	SN-VTA	-1	26	10.31399
1772092308_G03	NFOL2	5HT3A-EGFP	1	striatum	1	22	10.84162
1772099083_C07	NFOL2	CD-1	0	ZonaIncerta	-1	22	9.833381
1772099091_D10	NFOL2	C57BL6	0	dorsal horn	0	20	13.6281
1772099036_A02	NFOL2	CD-1	0	ZonaIncerta	1	21	11.34474
1772096085_D07	NFOL2	CD-1	0	SN-VTA	1	19	10.35953
1772099076_A12	NFOL2	CD-1	0	ZonaIncerta	-1	21	11.49196
1772096086_B11	NFOL2	CD-1	0	SN-VTA	1	20	10.98335
1772099078_A08	NFOL2	CD-1	0	ZonaIncerta	1	21	10.95883
1772094135_H11	NFOL2	CD-1	0	SN-VTA	1	19	8.915222
1772099034_A11	NFOL2	CD-1	0	ZonaIncerta	1	21	9.737175
1772096136_C05	NFOL2	C57BL6	0	hypothalamus	-1	25	13.03803
1772096117_B07	NFOL2	CD-1	0	SN-VTA	-1	26	10.22888
1772099035_F08	NFOL2	CD-1	0	ZonaIncerta	-1	21	11.23754
1772096110_E12	NFOL2	CD-1	0	SN-VTA	1	24	9.894734
1772096106_G06	NFOL2	CD-1	0	SN-VTA	1	24	10.33353
1772099084_F08	NFOL2	CD-1	0	ZonaIncerta	1	19	11.26742
1772096154_G03	NFOL2	CD-1	0	SN-VTA	0	26	11.75804
1772096106_A02	NFOL2	CD-1	0	SN-VTA	1	24	9.771643
1772096141_B01	NFOL2	C57BL6	0	hypothalamus	1	19	12.21799
1772089205_E10	NFOL2	CD-1	0	SN-VTA	1	22	9.771643
1772099034_E12	NFOL2	CD-1	0	ZonaIncerta	1	21	12.78808
1772099070_C06	NFOL2	CD-1	0	ZonaIncerta	-1	19	11.12931
1772096099_E04	NFOL2	C57BL6	0	hypothalamus	-1	23	9.901527
1772096106_F02	NFOL2	CD-1	0	SN-VTA	-1	24	12.69307
1772092303_D08	NFOL2	LHX6ICRERFP	0	striatum	1	22	12.04617
1772062128_G07	NFOL2	?	0	cortex S1	1	NaN	7.47072
1772078022_G04	NFOL2	C57BL6	0	hypothalamus	-1	27	10.39193
1772099078_G07	NFOL2	CD-1	0	ZonaIncerta	1	21	12.07962
1772089186_F02	NFOL2	C57BL6	0	hypothalamus	-1	28	12.07962
1771051147_H10	NFOL2	PDGFRA-CRE	1	corpus callosum	-1	21	7.736035
1772078024_G04	NFOL2	5HT3A-EGFP	0	striatum	1	27	11.48025
1772099033_F11	NFOL2	CD-1	0	ZonaIncerta	-1	20	12.21249
1772096085_G06	NFOL2	CD-1	0	SN-VTA	1	19	10.30747
1772099036_F02	NFOL2	CD-1	0	ZonaIncerta	0	21	12.41454
1772096136_H06	NFOL2	C57BL6	0	hypothalamus	-1	25	12.20698
1772096091_E07	NFOL2	CD-1	0	SN-VTA	1	20	10.76069
1772099091_F02	NFOL2	C57BL6	0	dorsal horn	0	20	8.232916
1772062111_H05	NFOL2	CD-1	0	cortex S1	1	24	12.12962
1772099014_D03	NFOL2	C57BL6	0	dorsal horn	1	NaN	12.54922
1772078024_G09	NFOL2	5HT3A-EGFP	0	striatum	1	27	9.750977
1772096094_F10	NFOL2	CD-1	0	SN-VTA	1	21	11.48611
1772099036_C01	NFOL2	CD-1	0	ZonaIncerta	-1	21	11.40975
1772099072_F01	NFOL2	CD-1	0	ZonaIncerta	-1	19	12.229
1772092308_A11	NFOL2	5HT3A-EGFP	0	striatum	1	22	11.46267
1772099083_G07	NFOL2	CD-1	0	ZonaIncerta	-1	22	10.69173
1772096084_A01	NFOL2	CD-1	0	SN-VTA	1	19	11.33881
1772099083_E05	NFOL2	CD-1	0	ZonaIncerta	-1	22	9.860696
1772062115_C01	NFOL2	CD-1	0	cortex S1	-1	28	10.95883
1772094135_F03	NFOL2	CD-1	0	SN-VTA	1	19	10.46929
1772096084_C12	NFOL2	CD-1	0	SN-VTA	1	19	7.214295
1772094133_B04	NFOL2	CD-1	0	DentGyr	1	24	11.71794
1862091045_A04	NFOL2	CD-1	0	Amygdala	1	24	13.05349
1772066070_G12	NFOL2	CD-1	0	hippo CA1	1	24	12.5385
1862091105_G07	NFOL2	CD-1	0	Amygdala	-1	28	12.15177
1772099075_A10	NFOL2	CD-1	0	ZonaIncerta	-1	21	0
1772096101_D01	NFOL2	C57BL6	0	hypothalamus	-1	23	11.70646
1772089200_C03	NFOL2	CD-1	0	SN-VTA	-1	21	12.15177
1772089201_H12	NFOL2	CD-1	0	SN-VTA	1	21	12.15177
1772096084_E08	NFOL2	CD-1	0	SN-VTA	1	19	12.26743
1772099084_A08	NFOL2	CD-1	0	ZonaIncerta	1	19	12.05176
1772096152_B03	NFOL2	CD-1	0	SN-VTA	0	26	11.40385
1772067063_D03	NFOL2	5HT3A-EGFP	0	cortex S1	-1	24	10.83541
1772094143_H01	NFOL2	CD-1	0	SN-VTA	0	24	10.30747
1772092003_G01	NFOL2	CD-1	0	SN-VTA	1	20	11.86053
1772092318_F06	NFOL2	5HT3A-EGFP	0	striatum	1	23	11.5794
1772094135_G07	NFOL2	CD-1	0	SN-VTA	1	19	10.14306
1772071019_A08	NFOL2	5HT3A-EGFP	0	striatum	-1	20	12.51166
1772099008_C12	NFOL2	CD-1	0	SN-VTA	1	23	11.20158
1772099084_D09	NFOL2	CD-1	0	ZonaIncerta	1	19	13.4493
1772099037_D05	NFOL2	CD-1	0	ZonaIncerta	0	21	10.08989
1772099048_G03	NFOL2	CD-1	0	Amygdala	1	26	10.57156
1772096091_A09	NFOL2	CD-1	0	SN-VTA	1	20	11.29126
1772096087_G01	NFOL2	CD-1	0	SN-VTA	1	20	12.34937
1772071055_G12	NFOL2	5HT3A-EGFP	0	cortex S1	1	21	12.48476
1772096087_G03	NFOL2	CD-1	0	SN-VTA	1	20	12.33303
1772071053_G09	NFOL2	5HT3A-EGFP	0	cortex S1	1	21	11.06873
1772094135_E02	NFOL2	CD-1	0	SN-VTA	1	19	10.07655
1772099076_D07	NFOL2	CD-1	0	ZonaIncerta	-1	21	12.1573
1772099085_G03	NFOL2	CD-1	0	ZonaIncerta	-1	22	10.62232
1772089200_D08	NFOL2	CD-1	0	SN-VTA	1	21	10.90963
1772096085_E12	NFOL2	CD-1	0	SN-VTA	1	19	11.90015
1772094139_H01	NFOL2	CD-1	0	DentGyr	1	28	10.64129
1772099028_H03	NFOL2	CD-1	0	ZonaIncerta	-1	20	11.02612
1772096085_G03	NFOL2	CD-1	0	SN-VTA	1	19	12.99153
1772099076_F01	NFOL2	CD-1	0	ZonaIncerta	-1	21	10.84162
1772094147_E02	NFOL2	LHX6ICRERFP	0	striatum	-1	28	7.53
1772099003_E05	NFOL2	CD-1	0	SN-VTA	-1	23	11.21358
1772099002_E06	NFOL2	CD-1	0	SN-VTA	1	23	12.48476
1862091022_D01	NFOL2	CD-1	0	Amygdala	1	22	11.42742
1772099054_H04	NFOL2	CD-1	0	Amygdala	-1	28	14.39593
1772096100_C05	NFOL2	C57BL6	0	hypothalamus	-1	23	7.788013
1772096084_A12	NFOL2	CD-1	0	SN-VTA	1	19	13.8823
1772096118_B08	NFOL2	CD-1	0	SN-VTA	1	26	10.53332
1772096083_E11	NFOL2	CD-1	0	SN-VTA	1	19	10.08322
1772094124_E11	NFOL2	CD-1	0	DentGyr	1	22	11.63732
1772099046_A06	NFOL2	CD-1	0	SN-VTA	-1	21	12.17941
1772062114_G10	NFOL2	CD-1	0	cortex S1	1	27	12.7301
1772096116_A03	NFOL2	CD-1	0	SN-VTA	1	26	11.70646
1772099081_F08	NFOL2	CD-1	0	ZonaIncerta	-1	22	12.04059
1772096086_A04	NFOL2	CD-1	0	SN-VTA	1	20	12.76176
1772089205_E06	NFOL2	CD-1	0	SN-VTA	1	22	13.76068
1862091049_E12	NFOL2	CD-1	0	Amygdala	1	24	10.50776
1772096086_H07	NFOL2	CD-1	0	SN-VTA	1	20	13.28834
1772063061_G05	NFOL2	CD-1	0	cortex S1	-1	31	13.12541
1772092262_G08	NFOL2	LHX6ICRERFP	0	striatum	1	28	10.97722
1772096085_F09	NFOL2	CD-1	0	SN-VTA	1	19	10.58427
1772096087_D07	NFOL2	CD-1	0	SN-VTA	1	20	10.76693
1772096116_C03	NFOL2	CD-1	0	SN-VTA	-1	26	11.29722
1772096116_G09	NFOL2	CD-1	0	SN-VTA	-1	26	11.82647
1772117038_B12	NFOL2	PDGFRA-CRE	1	corpus callosum	-1	21	6.850956
1772062111_F07	NFOL2	CD-1	0	cortex S1	1	24	12.60803
1772096083_E01	NFOL2	CD-1	0	SN-VTA	1	19	11.65465
1772099078_A02	NFOL2	CD-1	0	ZonaIncerta	-1	21	12.86671
1772096165_B09	NFOL2	C57BL6	0	hypothalamus	-1	27	11.70071
1772094125_F09	NFOL2	CD-1	0	DentGyr	1	22	12.54386
1772099084_A01	NFOL2	CD-1	0	ZonaIncerta	1	19	11.92274
1772062115_F08	NFOL2	CD-1	0	cortex S1	-1	28	10.02973
1772094155_C08	NFOL2	CD-1	0	DentGyr	-1	25	9.840217
1772096154_F01	NFOL2	CD-1	0	SN-VTA	-1	26	11.83783
1772099044_G09	NFOL2	C57BL6	0	dorsal horn	-1	NaN	10.57792
1772063063_C07	NFOL2	5HT3A-EGFP	0	cortex S1	-1	21	11.76376
1772096087_D08	NFOL2	CD-1	0	SN-VTA	-1	20	12.71953
1772096151_B06	NFOL2	CD-1	0	SN-VTA	-1	25	10.56519
1772066080_D07	NFOL2	CD-1	0	hippo CA1	-1	28	10.04982
1772066108_A08	NFOL2	CD-1	0	hippo CA1	1	23	11.14742
1862091113_B02	NFOL2	CD-1	0	Amygdala	1	24	12.13516
1862091028_H03	NFOL2	CD-1	0	Amygdala	1	27	12.02383
1772096171_F09	NFOL2	C57BL6	0	hypothalamus	-1	28	10.87877
1772096148_F10	NFOL2	CD-1	0	SN-VTA	1	24	11.7866
1862091118_D10	NFOL2	CD-1	0	Amygdala	1	21	11.14139
1772099071_A10	NFOL2	CD-1	0	ZonaIncerta	1	19	12.30027
1772099070_E12	NFOL2	CD-1	0	ZonaIncerta	-1	19	10.25514
1772096139_E02	NFOL2	C57BL6	0	hypothalamus	1	19	11.77519
1772096138_F12	NFOL2	C57BL6	0	hypothalamus	1	19	10.57156
1772063078_A11	NFOL2	CD-1	0	cortex S1	-1	27	13.921
1772099048_H03	NFOL2	CD-1	0	Amygdala	1	26	11.90015
1772094110_F09	NFOL2	CD-1	0	DentGyr	1	20	10.99558
1772096091_F12	NFOL2	CD-1	0	SN-VTA	-1	20	10.67914
1772089202_E07	NFOL2	CD-1	0	SN-VTA	-1	22	12.77229
1772096144_C08	NFOL2	C57BL6	0	hypothalamus	-1	27	12.58668
1772099073_D01	NFOL2	CD-1	0	ZonaIncerta	-1	21	12.05733
1862091028_E08	NFOL2	CD-1	0	Amygdala	1	27	9.989422
1772062115_G09	NFOL2	CD-1	0	cortex S1	-1	28	10.87259
1772096128_G05	NFOL2	C57BL6	0	hypothalamus	-1	29	11.49196
1772089202_C10	NFOL2	CD-1	0	SN-VTA	-1	22	11.33288
1772094142_A09	NFOL2	CD-1	0	DentGyr	1	21	11.27338
1772092009_F03	NFOL2	C57BL6	0	hypothalamus	1	29	10.60965
1772096126_B12	NFOL2	C57BL6	0	hypothalamus	-1	21	12.60803
1772096117_C04	NFOL2	CD-1	0	SN-VTA	-1	26	9.534804
1772096103_E03	NFOL2	C57BL6	0	hypothalamus	-1	24	10.86021
1772096086_B01	NFOL2	CD-1	0	SN-VTA	-1	20	11.0017
1772099073_A11	NFOL2	CD-1	0	ZonaIncerta	1	21	11.91145
1772096134_D07	NFOL2	C57BL6	0	hypothalamus	-1	25	11.08087
1772084017_F07	NFOL2	C57BL6	0	hypothalamus	1	24	11.73514
1772099015_B05	NFOL2	C57BL6	0	dorsal horn	1	NaN	16.04807
1772075317_E03	NFOL2	C57BL6	0	hypothalamus	-1	16	12.4632
1772096172_B03	NFOL2	C57BL6	0	hypothalamus	-1	28	11.46267
1772096141_A03	NFOL2	C57BL6	0	hypothalamus	1	19	13.03803
1772096165_G09	NFOL2	C57BL6	0	hypothalamus	-1	27	12.4524
1772096132_D06	NFOL2	C57BL6	0	hypothalamus	-1	24	9.778522
1772078029_B08	NFOL2	C57BL6	0	hypothalamus	1	22	11.03831
1772096141_A11	NFOL2	C57BL6	0	hypothalamus	1	19	10.02973
1772096168_B05	NFOL2	C57BL6	0	hypothalamus	-1	28	12.60269
1772096141_C03	NFOL2	C57BL6	0	hypothalamus	1	19	13.01738
1772096138_B05	NFOL2	C57BL6	0	hypothalamus	1	19	11.979
1772089195_B02	NFOL2	C57BL6	0	hypothalamus	-1	25	9.716436
1772096103_A07	NFOL2	C57BL6	0	hypothalamus	-1	24	5.225002
1772078028_C04	NFOL2	C57BL6	0	hypothalamus	1	22	11.55615
1772099042_E10	NFOL2	C57BL6	0	dorsal horn	-1	NaN	9.901527
1772072242_F09	NFOL2	C57BL6	0	dorsal horn	-1	NaN	9.527749
1772096103_G08	NFOL2	C57BL6	0	hypothalamus	-1	24	12.70367
1772099043_G03	NFOL2	C57BL6	0	dorsal horn	-1	NaN	10.31399
1772072243_D01	NFOL2	C57BL6	0	dorsal horn	1	NaN	10.65393
1772096172_A08	NFOL2	C57BL6	0	hypothalamus	-1	28	11.47439
1772096133_A02	NFOL2	C57BL6	0	hypothalamus	-1	25	11.70646
1772096141_F09	NFOL2	C57BL6	0	hypothalamus	1	19	11.26145
1772072243_B01	NFOL2	C57BL6	0	dorsal horn	1	NaN	10.18936
1772096173_H08	NFOL2	C57BL6	0	hypothalamus	-1	28	10.20255
1772099303_F01	NFOL2	C57BL6	0	dorsal horn	0	NaN	10.74818
1772099076_F02	NFOL2	CD-1	0	ZonaIncerta	-1	21	11.86053
1772096134_E06	NFOL2	C57BL6	0	hypothalamus	-1	25	12.90845
1772072240_D04	NFOL2	C57BL6	0	dorsal horn	-1	NaN	9.02765
1772099033_E11	NFOL2	CD-1	0	ZonaIncerta	1	20	12.64531
1772072240_E03	NFOL2	C57BL6	0	dorsal horn	-1	NaN	0
1772096136_D11	NFOL2	C57BL6	0	hypothalamus	-1	25	11.21358
1772072240_H09	NFOL2	C57BL6	0	dorsal horn	-1	NaN	11.99022
1772099090_H10	NFOL2	C57BL6	0	dorsal horn	0	20	13.60341
1772096135_D07	NFOL2	C57BL6	0	hypothalamus	-1	25	12.09075
1772096126_G02	NFOL2	C57BL6	0	hypothalamus	-1	21	13.22748
1772096134_E11	NFOL2	C57BL6	0	hypothalamus	-1	25	9.764759
1772096141_F07	NFOL2	C57BL6	0	hypothalamus	1	19	11.093
1772096141_E06	NFOL2	C57BL6	0	hypothalamus	1	19	13.23256
1772096140_C10	NFOL2	C57BL6	0	hypothalamus	1	19	11.17754
1772096141_D07	NFOL2	C57BL6	0	hypothalamus	1	19	13.06379
1772096096_C10	NFOL2	C57BL6	0	hypothalamus	-1	22	11.11722
1772096165_E04	NFOL2	C57BL6	0	hypothalamus	-1	27	12.79859
1772096102_G01	NFOL2	C57BL6	0	hypothalamus	-1	23	12.91886
1772096138_G06	NFOL2	C57BL6	0	hypothalamus	1	19	11.05049
1772084017_A01	NFOL2	C57BL6	0	hypothalamus	1	24	12.57064
1772075317_B02	NFOL2	C57BL6	0	hypothalamus	-1	16	10.47571
1772075304_B08	NFOL2	C57BL6	0	hypothalamus	-1	21	12.62934
1772096141_B07	NFOL2	C57BL6	0	hypothalamus	1	19	12.84579
1772096140_A01	NFOL2	C57BL6	0	hypothalamus	1	19	11.82647
1772096141_C09	NFOL2	C57BL6	0	hypothalamus	1	19	12.61336
1772096141_F08	NFOL2	C57BL6	0	hypothalamus	1	19	11.56196
1772096141_E01	NFOL2	C57BL6	0	hypothalamus	1	19	13.12029
1772096141_E02	NFOL2	C57BL6	0	hypothalamus	1	19	13.42928
1772096141_G03	NFOL2	C57BL6	0	hypothalamus	1	19	11.29126
1772096138_F05	NFOL2	C57BL6	0	hypothalamus	1	19	10.93426
1772096097_F03	NFOL2	C57BL6	0	hypothalamus	-1	22	11.57359
1772075317_A06	NFOL2	C57BL6	0	hypothalamus	-1	16	9.182738
1772096100_D08	NFOL2	C57BL6	0	hypothalamus	-1	23	10.08322
1772096133_A12	NFOL2	C57BL6	0	hypothalamus	-1	25	11.23754
1772096086_C03	NFOL2	CD-1	0	SN-VTA	-1	20	13.23764
1772078030_E01	NFOL2	C57BL6	0	hypothalamus	1	22	10.67284
1772125078_E02	NFOL2	PDGFRA-CRE	1	corpus callosum	-1	21	10.92195
1772096134_H10	NFOL2	C57BL6	0	hypothalamus	-1	25	10.53332
1772078019_C12	NFOL2	C57BL6	0	hypothalamus	-1	27	13.81919
1772096173_D08	NFOL2	C57BL6	0	hypothalamus	-1	28	12.83531
1772096141_E03	NFOL2	C57BL6	0	hypothalamus	1	19	12.54922
1772078014_C09	NFOL2	C57BL6	0	hypothalamus	-1	25	14.22205
1772096103_C03	NFOL2	C57BL6	0	hypothalamus	-1	24	11.99583
1772096132_C01	NFOL2	C57BL6	0	hypothalamus	-1	24	12.33848
1772096103_F12	NFOL2	C57BL6	0	hypothalamus	-1	24	10.71058
1772096165_A09	NFOL2	C57BL6	0	hypothalamus	-1	27	12.20698
1772096134_D10	NFOL2	C57BL6	0	hypothalamus	-1	25	10.79189
1772096100_C09	NFOL2	C57BL6	0	hypothalamus	-1	23	12.26743
1772084017_H04	NFOL2	C57BL6	0	hypothalamus	1	24	12.23449
1772096100_C06	NFOL2	C57BL6	0	hypothalamus	-1	23	10.66023
1772096100_C12	NFOL2	C57BL6	0	hypothalamus	-1	23	10.69173
1772096133_F12	NFOL2	C57BL6	0	hypothalamus	-1	25	11.22557
1772096141_C02	NFOL2	C57BL6	0	hypothalamus	1	19	13.46429
1772084017_C10	NFOL2	C57BL6	0	hypothalamus	1	24	14.26926
1772096162_D08	NFOL2	C57BL6	0	hypothalamus	-1	27	13.89199
1772099037_C10	NFOL2	CD-1	0	ZonaIncerta	-1	21	12.23999
1772099084_G01	MFOL1	CD-1	0	ZonaIncerta	-1	19	12.63467
1772096132_F04	MFOL1	C57BL6	0	hypothalamus	-1	24	9.860696
1772096100_B09	MFOL1	C57BL6	0	hypothalamus	-1	23	8.394678
1772117038_D01	MFOL1	PDGFRA-CRE	1	corpus callosum	-1	21	14.35851
1772117038_G08	MFOL1	PDGFRA-CRE	1	corpus callosum	-1	21	12.80384
1772089195_C02	MFOL1	C57BL6	0	hypothalamus	-1	25	9.660913
1772117038_C07	MFOL1	PDGFRA-CRE	1	corpus callosum	-1	21	15.13372
1772117038_D03	MFOL1	PDGFRA-CRE	1	corpus callosum	-1	21	11.9509
1772117039_H02	MFOL1	PDGFRA-CRE	1	corpus callosum	-1	21	14.26454
1772089190_B04	MFOL1	C57BL6	0	hypothalamus	-1	27	11.66618
1772078017_G04	MFOL1	C57BL6	0	hypothalamus	-1	25	9.874325
1772096087_H11	MFOL1	CD-1	0	SN-VTA	1	20	12.77229
1772078022_C06	MFOL1	C57BL6	0	hypothalamus	-1	27	13.55884
1772096100_E06	MFOL1	C57BL6	0	hypothalamus	-1	23	10.0096
1772099001_H05	MFOL1	CD-1	0	SN-VTA	-1	21	11.29126
1772099046_A02	MFOL1	CD-1	0	SN-VTA	-1	21	12.36026
1772092002_G06	MFOL1	CD-1	0	SN-VTA	-1	20	9.92188
1772096087_C06	MFOL1	CD-1	0	SN-VTA	1	20	13.28834
1771051147_C01	MFOL1	PDGFRA-CRE	1	corpus callosum	-1	21	6.18013
1772078017_F01	MFOL1	C57BL6	0	hypothalamus	-1	25	9.792266
1772075304_G01	MFOL1	C57BL6	0	hypothalamus	-1	21	11.71794
1772075304_C09	MFOL1	C57BL6	0	hypothalamus	-1	21	12.00704
1771051147_F12	MFOL1	PDGFRA-CRE	1	corpus callosum	-1	21	13.75579
1772099034_G03	MFOL1	CD-1	0	ZonaIncerta	-1	21	12.92407
1772117031_D09	MFOL1	PDGFRA-CRE	1	corpus callosum	-1	61	10.24859
1772117151_H01	MFOL1	C57BL6	0	dorsal horn	0	19	11.02002
1772099012_D02	MFOL1	CD-1	0	SN-VTA	-1	24	10.44357
1772099047_D08	MFOL1	CD-1	0	SN-VTA	-1	21	13.55884
1772096156_D06	MFOL1	CD-1	0	SN-VTA	0	26	12.49553
1771051147_B07	MFOL1	PDGFRA-CRE	1	corpus callosum	-1	21	14.67351
1772075305_F07	MFOL1	C57BL6	0	hypothalamus	-1	21	10.71686
1772125078_H02	MFOL1	PDGFRA-CRE	1	corpus callosum	-1	21	9.116595
1771051147_A10	MFOL1	PDGFRA-CRE	1	corpus callosum	-1	21	6.831297
1772117038_C11	MFOL1	PDGFRA-CRE	1	corpus callosum	-1	21	9.385536
1771017151_F05	MFOL1	PDGFRA-GFP	1	hippo CA1	-1	22	11.87187
1772125078_F02	MFOL1	PDGFRA-CRE	1	corpus callosum	-1	21	11.7866
1772075305_F11	MFOL1	C57BL6	0	hypothalamus	-1	21	6.771979
1771051147_F06	MFOL1	PDGFRA-CRE	1	corpus callosum	-1	21	6.967742
1772117038_B01	MFOL1	PDGFRA-CRE	1	corpus callosum	-1	21	6.16924
1772099036_G05	MFOL1	CD-1	0	ZonaIncerta	-1	21	10.13643
1772117038_H01	MFOL1	PDGFRA-CRE	1	corpus callosum	-1	21	9.935425
1772125078_H03	MFOL1	PDGFRA-CRE	1	corpus callosum	-1	21	7.95037
1772078017_G06	MFOL1	C57BL6	0	hypothalamus	-1	25	9.190058
1772125090_A09	MFOL1	PDGFRA-CRE	1	corpus callosum	-1	22	13.64289
1772096110_G02	MFOL1	CD-1	0	SN-VTA	-1	24	10.5397
1772117038_B09	MFOL1	PDGFRA-CRE	1	corpus callosum	-1	21	11.49781
1772117039_C07	MFOL1	PDGFRA-CRE	1	corpus callosum	-1	21	11.98461
1772117039_G08	MFOL1	PDGFRA-CRE	1	corpus callosum	-1	21	11.56778
1772125078_E08	MFOL1	PDGFRA-CRE	1	corpus callosum	-1	21	10.54608
1772117039_H01	MFOL1	PDGFRA-CRE	1	corpus callosum	-1	21	8.945341
1772089190_H06	MFOL1	C57BL6	0	hypothalamus	-1	27	9.716436
1772117031_A09	MFOL1	PDGFRA-CRE	1	corpus callosum	-1	61	9.190058
1772096110_H02	MFOL1	CD-1	0	SN-VTA	-1	24	9.513623
1772099313_H08	MFOL1	C57BL6	0	dorsal horn	1	22	10.7043
1772117151_E09	MFOL1	C57BL6	0	dorsal horn	0	19	12.01823
1772067059_C11	MFOL1	5HT3A-EGFP	0	hippo CA1	-1	23	11.4568
1772125080_A10	MFOL1	PDGFRA-CRE	1	corpus callosum	-1	22	12.77756
1771017152_B09	MFOL1	PDGFRA-GFP	1	hippo CA1	-1	22	8.801358
1772125078_C07	MFOL1	PDGFRA-CRE	1	corpus callosum	-1	21	7.2977
1772117107_G03	MFOL1	C57BL6	0	dorsal horn	0	NaN	11.68346
1772125078_A03	MFOL1	PDGFRA-CRE	1	corpus callosum	-1	21	13.45929
1772096168_C12	MFOL1	C57BL6	0	hypothalamus	-1	28	9.513623
1772078017_E02	MFOL1	C57BL6	0	hypothalamus	-1	25	11.5095
1771051147_H03	MFOL1	PDGFRA-CRE	1	corpus callosum	-1	21	5.798403
1772089194_A08	MFOL1	C57BL6	0	hypothalamus	-1	25	10.96496
1772117102_H11	MFOL1	C57BL6	0	dorsal horn	0	NaN	9.881133
1772096139_C11	MFOL1	C57BL6	0	hypothalamus	1	19	10.54608
1772089194_B03	MFOL1	C57BL6	0	hypothalamus	-1	25	10.41778
1772099315_D02	MFOL1	C57BL6	0	dorsal horn	1	22	9.356834
1771051147_E11	MFOL1	PDGFRA-CRE	1	corpus callosum	-1	21	11.979
1772117028_H07	MFOL1	PDGFRA-CRE	1	corpus callosum	-1	61	14.01727
1772117031_E07	MFOL1	PDGFRA-CRE	1	corpus callosum	-1	61	8.378643
1772092264_E09	MFOL1	LHX6ICRERFP	0	striatum	1	28	10.12316
1772117104_A03	MFOL1	C57BL6	0	dorsal horn	0	NaN	12.02383
1772096139_D11	MFOL1	C57BL6	0	hypothalamus	1	19	7.701188
1772066108_H11	MFOL1	CD-1	0	hippo CA1	1	23	11.61998
1772099313_F09	MFOL1	C57BL6	0	dorsal horn	1	22	11.3625
1772062116_A12	MFOL1	CD-1	0	cortex S1	1	22	12.94486
1772117101_D04	MFOL1	C57BL6	0	dorsal horn	0	NaN	14.64599
1772096083_G11	MFOL1	CD-1	0	SN-VTA	1	19	12.02942
1772117124_H04	MFOL1	C57BL6	0	dorsal horn	0	27	11.87753
1772117108_H08	MFOL1	C57BL6	0	dorsal horn	0	NaN	13.35397
1772125080_A02	MFOL1	PDGFRA-CRE	1	corpus callosum	-1	22	14.4146
1772099316_F07	MFOL1	C57BL6	0	dorsal horn	1	22	9.492395
1772099155_B08	MFOL1	C57BL6	0	dorsal horn	1	18	11.83783
1772099155_B07	MFOL1	C57BL6	0	dorsal horn	1	18	11.09906
1772117101_A11	MFOL1	C57BL6	0	dorsal horn	0	NaN	13.34389
1772094136_E05	MFOL1	CD-1	0	SN-VTA	1	21	10.66654
1772117161_G03	MFOL1	C57BL6	0	dorsal horn	0	20	0
1772117104_H04	MFOL1	C57BL6	0	dorsal horn	0	NaN	11.00781
1772099302_A03	MFOL1	C57BL6	0	dorsal horn	0	NaN	11.68346
1772096083_H07	MFOL1	CD-1	0	SN-VTA	1	19	10.69173
1772117104_G04	MFOL1	C57BL6	0	dorsal horn	0	NaN	11.39205
1772099010_G04	MFOL1	CD-1	0	SN-VTA	1	24	8.257382
1772117055_G03	MFOL1	C57BL6	0	dorsal horn	0	28	11.76948
1771051147_B04	MFOL1	PDGFRA-CRE	1	corpus callosum	-1	21	6.702112
1772117124_C07	MFOL1	C57BL6	0	dorsal horn	0	27	10.68544
1772094135_B11	MFOL1	CD-1	0	SN-VTA	1	19	10.35303
1772072243_B06	MFOL1	C57BL6	0	dorsal horn	1	NaN	10.49495
1772084017_G02	MFOL1	C57BL6	0	hypothalamus	1	24	9.744078
1772078016_C06	MFOL1	C57BL6	0	hypothalamus	-1	25	13.29846
1772078033_F04	MFOL1	LHX6ICRERFP	0	striatum	1	22	12.62934
1772089205_G04	MFOL1	CD-1	0	SN-VTA	-1	22	11.20758
1772067092_H04	MFOL1	CD-1	0	hippo CA1	1	22	11.70646
1772117158_H02	MFOL1	C57BL6	0	dorsal horn	0	19	14.62762
1772084021_E04	MFOL1	C57BL6	0	hypothalamus	1	24	8.051225
1772099314_D12	MFOL1	C57BL6	0	dorsal horn	1	22	12.72482
1772099093_F09	MFOL1	C57BL6	0	dorsal horn	0	20	14.02687
1772096088_F09	MFOL1	CD-1	0	SN-VTA	-1	20	10.05651
1772092013_H02	MFOL1	C57BL6	0	hypothalamus	1	28	11.321
1772078033_D04	MFOL1	LHX6ICRERFP	0	striatum	1	22	11.72941
1772096154_B09	MFOL1	CD-1	0	SN-VTA	1	26	11.94527
1772096084_E11	MFOL1	CD-1	0	SN-VTA	1	19	10.60331
1772078030_C11	MFOL1	C57BL6	0	hypothalamus	1	22	11.11117
1772092013_A09	MFOL1	C57BL6	0	hypothalamus	1	28	12.035
1771051147_B10	MFOL1	PDGFRA-CRE	1	corpus callosum	-1	21	9.138696
1772096083_E09	MFOL1	CD-1	0	SN-VTA	1	19	11.47439
1772092266_F06	MFOL1	CD-1	0	DentGyr	1	23	11.08694
1772078024_D11	MFOL1	5HT3A-EGFP	0	striatum	1	27	10.46929
1772096117_D04	MFOL1	CD-1	0	SN-VTA	1	26	8.747714
1772084017_B02	MFOL1	C57BL6	0	hypothalamus	1	24	9.819695
1772096110_F06	MFOL1	CD-1	0	SN-VTA	1	24	10.32702
1772092262_A04	MFOL1	LHX6ICRERFP	0	striatum	1	28	10.07655
1772096085_B04	MFOL1	CD-1	0	SN-VTA	1	19	12.12407
1772096091_B09	MFOL1	CD-1	0	SN-VTA	1	20	12.23999
1772096083_A04	MFOL1	CD-1	0	SN-VTA	1	19	13.07922
1772096087_C04	MFOL1	CD-1	0	SN-VTA	1	20	13.33885
1772094135_C03	MFOL1	CD-1	0	SN-VTA	1	19	12.74066
1772092013_F04	MFOL1	C57BL6	0	hypothalamus	1	28	11.57359
1772067074_E07	MFOL1	CD-1	0	cortex S1	1	28	12.33303
1772117103_H07	MFOL1	C57BL6	0	dorsal horn	0	NaN	10.87877
1772096091_B02	MFOL1	CD-1	0	SN-VTA	1	20	12.5224
1772078033_E04	MFOL1	LHX6ICRERFP	0	striatum	1	22	11.84919
1772078033_H06	MFOL1	LHX6ICRERFP	0	striatum	1	22	11.30317
1772094135_E10	MFOL1	CD-1	0	SN-VTA	1	19	11.35658
1862091113_E12	MFOL1	CD-1	0	Amygdala	1	24	10.5397
1772096139_A04	MFOL1	C57BL6	0	hypothalamus	1	19	11.14742
1772096140_C11	MFOL1	C57BL6	0	hypothalamus	1	19	10.45
1772096092_E02	MFOL1	CD-1	0	SN-VTA	1	21	11.59101
1772099093_A02	MFOL1	C57BL6	0	dorsal horn	0	20	14.44722
1772071055_A03	MFOL1	5HT3A-EGFP	0	cortex S1	1	21	12.66656
1772084017_F04	MFOL1	C57BL6	0	hypothalamus	1	24	12.19596
1772096139_E06	MFOL1	C57BL6	0	hypothalamus	1	19	11.82078
1772078031_C06	MFOL1	C57BL6	0	hypothalamus	1	22	10.2617
1772099078_F09	MFOL1	CD-1	0	ZonaIncerta	1	21	12.17941
1772071044_G06	MFOL1	CD-1	0	hippo CA1	-1	24	14.18418
1772099093_A07	MFOL1	C57BL6	0	dorsal horn	0	20	11.34473
1772078030_A02	MFOL1	C57BL6	0	hypothalamus	1	22	12.33848
1772117038_E02	MFOL1	PDGFRA-CRE	1	corpus callosum	-1	21	11.91145
1772099314_B10	MFOL1	C57BL6	0	dorsal horn	1	22	11.73514
1772099315_D01	MFOL1	C57BL6	0	dorsal horn	1	22	9.969208
1772099008_C06	MFOL1	CD-1	0	SN-VTA	1	23	12.43619
1772096085_H04	MFOL1	CD-1	0	SN-VTA	1	19	11.37433
1772094135_G06	MFOL1	CD-1	0	SN-VTA	1	19	12.1407
1772099003_A08	MFOL1	CD-1	0	SN-VTA	1	23	12.90845
1772078030_G11	MFOL1	C57BL6	0	hypothalamus	1	22	10.75444
1772099314_A11	MFOL1	C57BL6	0	dorsal horn	1	22	10.69173
1772096140_H06	MFOL1	C57BL6	0	hypothalamus	1	19	11.12327
1772099305_D09	MFOL1	C57BL6	0	dorsal horn	0	NaN	12.95006
1772078031_C08	MFOL1	C57BL6	0	hypothalamus	1	22	10.10321
1772078030_D11	MFOL1	C57BL6	0	hypothalamus	1	22	11.44506
1772072243_G03	MFOL1	C57BL6	0	dorsal horn	1	NaN	9.612067
1772096084_C01	MFOL1	CD-1	0	SN-VTA	1	19	10.04982
1772099076_D06	MFOL1	CD-1	0	ZonaIncerta	1	21	13.19694
1772084018_C04	MFOL1	CD-1	0	SN-VTA	1	24	10.50136
1772096084_H06	MFOL1	CD-1	0	SN-VTA	1	19	11.81509
1772117055_F05	MFOL1	C57BL6	0	dorsal horn	0	28	15.16036
1772096085_B06	MFOL1	CD-1	0	SN-VTA	1	19	11.92274
1772089202_G03	MFOL1	CD-1	0	SN-VTA	1	22	10.79189
1772099073_C03	MFOL1	CD-1	0	ZonaIncerta	1	21	12.98635
1862091112_D11	MFOL1	CD-1	0	Amygdala	1	24	13.11516
1772096140_D04	MFOL1	C57BL6	0	hypothalamus	1	19	9.996151
1772096083_F05	MFOL1	CD-1	0	SN-VTA	1	19	11.76376
1862091110_F08	MFOL1	CD-1	0	Amygdala	1	24	12.58668
1772096087_B09	MFOL1	CD-1	0	SN-VTA	1	20	10.823
1772096136_A11	MFOL1	C57BL6	0	hypothalamus	-1	25	12.78808
1772099313_B09	MFOL1	C57BL6	0	dorsal horn	1	22	10.95269
1772117097_B02	MFOL1	C57BL6	0	dorsal horn	0	26	12.10742
1772099090_C03	MFOL1	C57BL6	0	dorsal horn	0	20	13.04834
1772099003_D04	MFOL1	CD-1	0	SN-VTA	1	23	10.95269
1772099030_H01	MFOL1	CD-1	0	ZonaIncerta	1	20	12.74066
1772117159_C09	MFOL1	C57BL6	0	dorsal horn	0	20	12.89803
1772099002_G04	MFOL1	CD-1	0	SN-VTA	1	23	12.70896
1772099154_E03	MFOL1	C57BL6	0	dorsal horn	1	18	13.58857
1772096084_E12	MFOL1	CD-1	0	SN-VTA	1	19	14.12242
1772096085_G02	MFOL1	CD-1	0	SN-VTA	1	19	11.11117
1772117101_F11	MFOL1	C57BL6	0	dorsal horn	0	NaN	12.74067
1772096106_C08	MFOL1	CD-1	0	SN-VTA	1	24	10.02973
1772092012_G03	MFOL1	C57BL6	0	hypothalamus	1	28	11.94527
1772072243_H03	MFOL1	C57BL6	0	dorsal horn	1	NaN	10.81678
1772099090_B09	MFOL1	C57BL6	0	dorsal horn	0	20	12.95006
1772099092_G08	MFOL1	C57BL6	0	dorsal horn	0	20	12.4416
1772099305_H06	MFOL1	C57BL6	0	dorsal horn	0	NaN	11.53285
1772099009_A10	MFOL1	CD-1	0	SN-VTA	-1	24	11.29126
1772092287_B06	MFOL1	LHX6ICRERFP	0	striatum	1	25	8.847079
1772089202_B05	MFOL1	CD-1	0	SN-VTA	1	22	12.12962
1772099031_G05	MFOL1	CD-1	0	ZonaIncerta	1	20	11.38615
1772099154_G01	MFOL1	C57BL6	0	dorsal horn	1	18	14.64599
1772066099_H01	MFOL1	CD-1	0	hippo CA1	1	23	11.43918
1772094135_E01	MFOL1	CD-1	0	SN-VTA	1	19	10.55246
1772096140_D02	MFOL1	C57BL6	0	hypothalamus	1	19	10.68544
1772099015_G05	MFOL1	C57BL6	0	dorsal horn	-1	NaN	13.03287
1772096087_A01	MFOL1	CD-1	0	SN-VTA	1	20	11.08694
1772096084_F12	MFOL1	CD-1	0	SN-VTA	1	19	11.8945
1772099048_C02	MFOL1	CD-1	0	Amygdala	1	26	13.46928
1772096083_F12	MFOL1	CD-1	0	SN-VTA	1	19	11.92274
1772096138_B03	MFOL1	C57BL6	0	hypothalamus	1	19	11.67194
1772096138_B04	MFOL1	C57BL6	0	hypothalamus	1	19	11.05049
1772084014_B09	MFOL1	C57BL6	0	hypothalamus	1	24	11.6431
1772084021_G09	MFOL1	C57BL6	0	hypothalamus	1	24	10.92195
1772062111_F10	MFOL1	CD-1	0	cortex S1	1	24	11.82647
1772099043_F03	MFOL1	C57BL6	0	dorsal horn	-1	NaN	10.97109
1772096136_F04	MFOL1	C57BL6	0	hypothalamus	-1	25	11.321
1772096085_F01	MFOL1	CD-1	0	SN-VTA	1	19	10.72313
1772096106_E08	MFOL1	CD-1	0	SN-VTA	1	24	10.16293
1772092003_A12	MFOL1	CD-1	0	SN-VTA	-1	20	11.83783
1772096172_A09	MFOL1	C57BL6	0	hypothalamus	-1	28	10.58427
1772062113_D08	MFOL1	CD-1	0	cortex S1	-1	26	11.44506
1772096091_D01	MFOL1	CD-1	0	SN-VTA	-1	20	12.16283
1772096126_C04	MFOL1	C57BL6	0	hypothalamus	-1	21	13.01738
1772084021_F04	MFOL1	C57BL6	0	hypothalamus	1	24	12.50091
1772096088_H01	MFOL1	CD-1	0	SN-VTA	-1	20	7.352778
1772096086_D01	MFOL1	CD-1	0	SN-VTA	0	20	12.43619
1772084021_H05	MFOL1	C57BL6	0	hypothalamus	1	24	11.29722
1772084014_F08	MFOL1	C57BL6	0	hypothalamus	1	24	12.75649
1772072240_A03	MFOL1	C57BL6	0	dorsal horn	-1	NaN	10.68544
1772062115_C03	MFOL1	CD-1	0	cortex S1	-1	28	7.497674
1772096100_F04	MFOL1	C57BL6	0	hypothalamus	-1	23	9.45691
1772094111_H02	MFOL1	CD-1	0	DentGyr	1	20	9.270195
1772096083_G08	MFOL1	CD-1	0	SN-VTA	1	19	11.52118
1772092262_G02	MFOL1	LHX6ICRERFP	0	striatum	1	28	9.996151
1772096084_A08	MFOL1	CD-1	0	SN-VTA	1	19	12.38743
1772067073_B03	MFOL1	CD-1	0	cortex S1	1	28	10.77942
1862091042_H06	MFOL1	CD-1	0	Amygdala	-1	28	11.27338
1772094108_D11	MFOL1	CD-1	0	DentGyr	1	20	12.34393
1772096086_F08	MFOL1	CD-1	0	SN-VTA	1	20	11.6431
1772062114_B01	MFOL1	CD-1	0	cortex S1	1	27	12.80909
1772094135_G05	MFOL1	CD-1	0	SN-VTA	1	19	12.04617
1772062109_E08	MFOL1	CD-1	0	cortex S1	1	22	9.392698
1772096138_A02	MFOL1	C57BL6	0	hypothalamus	1	19	9.82654
1772062114_B10	MFOL1	CD-1	0	cortex S1	1	27	14.12242
1772096139_D03	MFOL1	C57BL6	0	hypothalamus	1	19	10.29441
1772096087_E08	MFOL1	CD-1	0	SN-VTA	1	20	11.76376
1772096139_B11	MFOL1	C57BL6	0	hypothalamus	1	19	8.608237
1772063063_C02	MFOL1	5HT3A-EGFP	0	cortex S1	-1	21	11.69496
1772089200_G08	MFOL1	CD-1	0	SN-VTA	1	21	12.17941
1772092264_A04	MFOL1	LHX6ICRERFP	0	striatum	1	28	11.38615
1772092262_D09	MFOL1	LHX6ICRERFP	0	striatum	1	28	9.399854
1862091116_H04	MFOL1	CD-1	0	Amygdala	1	21	10.72313
1772096086_B08	MFOL1	CD-1	0	SN-VTA	1	20	11.10512
1772094135_A08	MFOL1	CD-1	0	SN-VTA	1	19	10.30747
1772092262_H03	MFOL1	LHX6ICRERFP	0	striatum	1	28	10.65393
1772089200_H06	MFOL1	CD-1	0	SN-VTA	1	21	12.09631
1772092003_E04	MFOL1	CD-1	0	SN-VTA	-1	20	12.1407
1772092315_A01	MFOL1	5HT3A-EGFP	0	striatum	1	NaN	11.33881
1772092303_H01	MFOL1	LHX6ICRERFP	0	striatum	1	22	11.49196
1772092312_D02	MFOL1	5HT3A-EGFP	0	striatum	1	22	13.34893
1772092262_B08	MFOL1	LHX6ICRERFP	0	striatum	1	28	11.5794
1772099093_A08	MFOL1	C57BL6	0	dorsal horn	0	20	12.61336
1772078024_H02	MFOL1	5HT3A-EGFP	0	striatum	1	27	12.24548
1772067076_H05	MFOL1	5HT3A-EGFP	0	hippo CA1	1	26	10.82921
1772067069_B03	MFOL1	CD-1	0	cortex S1	1	26	11.76376
1772099003_A01	MFOL1	CD-1	0	SN-VTA	1	23	12.1407
1772099092_B07	MFOL1	C57BL6	0	dorsal horn	0	20	12.59202
1772092312_E08	MFOL1	5HT3A-EGFP	0	striatum	1	22	10.28788
1772089200_A05	MFOL1	CD-1	0	SN-VTA	1	21	12.30027
1772099046_F09	MFOL1	CD-1	0	SN-VTA	0	21	11.37433
1772063063_B04	MFOL1	5HT3A-EGFP	0	cortex S1	-1	21	11.17754
1772075304_B12	MFOL1	C57BL6	0	hypothalamus	-1	21	10.32051
1772092304_A07	MFOL1	LHX6ICRERFP	0	striatum	-1	27	10.52055
1772099070_E07	MFOL1	CD-1	0	ZonaIncerta	1	19	10.07655
1772099047_C11	MFOL1	CD-1	0	SN-VTA	-1	21	12.10187
1772099045_A05	MFOL1	CD-1	0	SN-VTA	-1	21	14.20313
1772099087_B11	MFOL1	CD-1	0	ZonaIncerta	-1	22	11.74087
1772062128_B11	MFOL1	?	0	cortex S1	1	NaN	11.87753
1772096084_G05	MFOL1	CD-1	0	SN-VTA	1	19	13.91617
1772117101_F07	MFOL1	C57BL6	0	dorsal horn	0	NaN	13.0895
1772099038_A03	MFOL1	CD-1	0	ZonaIncerta	1	22	11.85486
1772062113_B09	MFOL1	CD-1	0	cortex S1	-1	26	11.53868
1772096116_G01	MFOL1	CD-1	0	SN-VTA	1	26	12.74594
1772117099_C04	MFOL1	C57BL6	0	dorsal horn	0	NaN	16.72113
1772096132_C09	MFOL1	C57BL6	0	hypothalamus	-1	24	10.1298
1772099072_A11	MFOL1	CD-1	0	ZonaIncerta	-1	19	13.04834
1772096088_B06	MFOL1	CD-1	0	SN-VTA	-1	20	11.18356
1772099045_B10	MFOL1	CD-1	0	SN-VTA	-1	21	11.50366
1772096134_B06	MFOL1	C57BL6	0	hypothalamus	-1	25	10.87877
1772099039_H02	MFOL1	C57BL6	0	dorsal horn	-1	NaN	11.38615
1772066089_E05	MFOL1	CD-1	0	hippo CA1	-1	24	11.67194
1772092260_C05	MFOL1	CD-1	0	DentGyr	-1	21	11.5445
1772099045_D08	MFOL1	CD-1	0	SN-VTA	-1	21	10.60965
1772099045_B08	MFOL1	CD-1	0	SN-VTA	-1	21	13.81919
1772078052_C08	MFOL1	LHX6ICRERFP	0	cortex S1	-1	22	7.813873
1772089186_B05	MFOL1	C57BL6	0	hypothalamus	-1	28	10.71058
1772096110_F01	MFOL1	CD-1	0	SN-VTA	-1	24	10.80434
1772099010_E09	MFOL1	CD-1	0	SN-VTA	-1	24	11.12327
1772099009_G10	MFOL1	CD-1	0	SN-VTA	-1	24	9.190058
1772062118_E08	MFOL1	CD-1	0	cortex S1	-1	24	13.70682
1772092296_C10	MFOL1	LHX6ICRERFP	0	striatum	-1	25	11.38615
1772099030_H09	MFOL1	CD-1	0	ZonaIncerta	-1	20	12.12962
1772078014_C11	MFOL1	C57BL6	0	hypothalamus	-1	25	12.15177
1772067060_E10	MFOL1	5HT3A-EGFP	0	hippo CA1	-1	23	11.23754
1772075304_C03	MFOL1	C57BL6	0	hypothalamus	-1	21	10.51415
1772096116_B06	MFOL1	CD-1	0	SN-VTA	1	26	9.833381
1772089200_H10	MFOL1	CD-1	0	SN-VTA	-1	21	10.3984
1772096156_D05	MFOL1	CD-1	0	SN-VTA	-1	26	10.69173
1772096156_C04	MFOL1	CD-1	0	SN-VTA	0	26	11.81509
1772075305_D07	MFOL1	C57BL6	0	hypothalamus	-1	21	10.96496
1772096102_F01	MFOL1	C57BL6	0	hypothalamus	-1	23	11.05657
1772096087_F10	MFOL1	CD-1	0	SN-VTA	-1	20	11.6431
1772096091_H04	MFOL1	CD-1	0	SN-VTA	-1	20	13.02771
1772089195_B12	MFOL1	C57BL6	0	hypothalamus	-1	25	10.26825
1772099043_E06	MFOL1	C57BL6	0	dorsal horn	-1	NaN	11.46853
1772096172_D06	MFOL1	C57BL6	0	hypothalamus	-1	28	10.25514
1772096135_C11	MFOL1	C57BL6	0	hypothalamus	-1	25	10.92195
1772096088_C02	MFOL1	CD-1	0	SN-VTA	-1	20	12.73538
1772072240_B01	MFOL1	C57BL6	0	dorsal horn	-1	NaN	10.59697
1772072240_B11	MFOL1	C57BL6	0	dorsal horn	-1	NaN	11.08694
1772089196_E09	MFOL1	C57BL6	0	hypothalamus	-1	25	11.11117
1772078016_G03	MFOL1	C57BL6	0	hypothalamus	-1	25	12.77229
1772072240_D03	MFOL1	C57BL6	0	dorsal horn	-1	NaN	10.55246
1772094136_D04	MFOL1	CD-1	0	SN-VTA	-1	21	10.47571
1772096103_F06	MFOL1	C57BL6	0	hypothalamus	-1	24	12.66125
1772099073_F08	MFOL1	CD-1	0	ZonaIncerta	-1	21	12.40371
1772089194_H03	MFOL1	C57BL6	0	hypothalamus	-1	25	11.90015
1772096087_B02	MFOL1	CD-1	0	SN-VTA	-1	20	11.70646
1772099047_F12	MFOL1	CD-1	0	SN-VTA	-1	21	12.81959
1772075304_D01	MFOL1	C57BL6	0	hypothalamus	-1	21	11.26742
1772075317_H08	MFOL1	C57BL6	0	hypothalamus	-1	16	11.0748
1772089199_C11	MFOL1	CD-1	0	SN-VTA	-1	23	12.23999
1772096087_H10	MFOL1	CD-1	0	SN-VTA	-1	20	12.95006
1772096084_E10	MFOL1	CD-1	0	SN-VTA	1	19	11.51534
1772096088_F11	MFOL1	CD-1	0	SN-VTA	-1	20	10.62865
1772096088_E10	MFOL1	CD-1	0	SN-VTA	-1	20	11.79801
1772092009_F02	MFOL1	C57BL6	0	hypothalamus	1	29	11.68921
1772099038_E11	MFOL1	CD-1	0	ZonaIncerta	-1	22	12.42537
1772099001_D10	MFOL1	CD-1	0	SN-VTA	-1	21	12.96044
1772089205_A06	MFOL1	CD-1	0	SN-VTA	1	22	10.22231
1772096136_A02	MFOL1	C57BL6	0	hypothalamus	-1	25	11.11722
1772062118_G05	MFOL1	CD-1	0	cortex S1	-1	24	11.39206
1772089199_A04	MFOL1	CD-1	0	SN-VTA	-1	23	13.27315
1772099084_G10	MFOL1	CD-1	0	ZonaIncerta	1	19	12.21799
1772075305_A11	MFOL1	C57BL6	0	hypothalamus	-1	21	12.11297
1772094153_E07	MFOL1	LHX6ICRERFP	0	striatum	-1	28	12.24
1772089199_A05	MFOL1	CD-1	0	SN-VTA	-1	23	12.19044
1772096086_G02	MFOL1	CD-1	0	SN-VTA	-1	20	11.59681
1772092003_B02	MFOL1	CD-1	0	SN-VTA	-1	20	12.85102
1772066098_B11	MFOL1	CD-1	0	hippo CA1	-1	26	12.26743
1772089194_C01	MFOL1	C57BL6	0	hypothalamus	-1	25	12.80384
1772117100_B07	MFOL1	C57BL6	0	dorsal horn	0	NaN	15.56307
1772099055_F06	MFOL1	CD-1	0	Amygdala	-1	28	10.47571
1772075304_B10	MFOL1	C57BL6	0	hypothalamus	-1	21	9.982689
1772096086_E06	MFOL1	CD-1	0	SN-VTA	-1	20	12.19596
1772117158_H08	MFOL1	C57BL6	0	dorsal horn	0	19	12.73539
1772084021_D12	MFOL2	C57BL6	0	hypothalamus	1	24	12.26743
1862091053_G03	MFOL2	CD-1	0	Amygdala	-1	25	10.00288
1772096084_D02	MFOL2	CD-1	0	SN-VTA	1	19	10.58427
1772099075_B11	MFOL2	CD-1	0	ZonaIncerta	-1	21	10.33353
1772062118_E01	MFOL2	CD-1	0	cortex S1	-1	24	13.13054
1772099026_G07	MFOL2	CD-1	0	Amygdala	1	29	11.62576
1772096101_D12	MFOL2	C57BL6	0	hypothalamus	-1	23	9.867513
1772094135_C12	MFOL2	CD-1	0	SN-VTA	1	19	8.786064
1772078017_B05	MFOL2	C57BL6	0	hypothalamus	-1	25	10.28134
1772099153_H02	MFOL2	C57BL6	0	dorsal horn	1	18	12.04617
1772096154_G06	MFOL2	CD-1	0	SN-VTA	-1	26	9.364018
1772089194_A02	MFOL2	C57BL6	0	hypothalamus	-1	25	9.313615
1772089188_B11	MFOL2	C57BL6	0	hypothalamus	-1	27	10.8973
1772089205_E02	MFOL2	CD-1	0	SN-VTA	-1	22	13.04834
1772096138_B02	MFOL2	C57BL6	0	hypothalamus	1	19	11.27338
1772096141_A05	MFOL2	C57BL6	0	hypothalamus	1	19	12.24548
1862091045_A08	MFOL2	CD-1	0	Amygdala	1	24	11.63155
1772099046_C12	MFOL2	CD-1	0	SN-VTA	-1	21	13.05349
1772089194_A07	MFOL2	C57BL6	0	hypothalamus	-1	25	11.67194
1772096110_B10	MFOL2	CD-1	0	SN-VTA	1	24	9.313615
1772096084_G04	MFOL2	CD-1	0	SN-VTA	1	19	12.85102
1772099031_B02	MFOL2	CD-1	0	ZonaIncerta	-1	20	12.00704
1862091029_F02	MFOL2	CD-1	0	Amygdala	1	27	10.32051
1772089190_E04	MFOL2	C57BL6	0	hypothalamus	-1	27	8.394678
1772092308_C01	MFOL2	5HT3A-EGFP	0	striatum	1	22	11.68921
1772096101_B11	MFOL2	C57BL6	0	hypothalamus	-1	23	9.969208
1772092314_A12	MFOL2	CD-1	0	DentGyr	-1	25	12.15177
1772092008_E12	MFOL2	C57BL6	0	hypothalamus	1	29	9.75787
1772075305_A07	MFOL2	C57BL6	0	hypothalamus	-1	21	9.874325
1772096110_A04	MFOL2	CD-1	0	SN-VTA	1	24	9.778522
1772094147_F10	MFOL2	LHX6ICRERFP	0	striatum	-1	28	8.45
1772084018_G04	MFOL2	CD-1	0	SN-VTA	1	24	10.95883
1772094135_B05	MFOL2	CD-1	0	SN-VTA	1	19	10.74192
1772099070_E02	MFOL2	CD-1	0	ZonaIncerta	1	19	11.56196
1772075305_B03	MFOL2	C57BL6	0	hypothalamus	-1	21	8.99033
1862091042_D11	MFOL2	CD-1	0	Amygdala	-1	28	10.10986
1772096100_B10	MFOL2	C57BL6	0	hypothalamus	-1	23	10.21573
1771017037_G07	MFOL2	PDGFRA-GFP	0	corpus callosum	1	90	10.20255
1772096133_H06	MFOL2	C57BL6	0	hypothalamus	-1	25	11.21957
1772099091_F06	MFOL2	C57BL6	0	dorsal horn	0	20	13.81432
1772084020_H05	MFOL2	C57BL6	0	hypothalamus	1	23	10.92195
1772099301_A06	MFOL2	C57BL6	0	dorsal horn	0	NaN	10.21573
1772092304_A03	MFOL2	LHX6ICRERFP	0	striatum	1	27	8.362576
1772060225_D10	MFOL2	CD-1	0	cortex S1	-1	28	9.61906
1772078016_A12	MFOL2	C57BL6	0	hypothalamus	-1	25	11.74087
1772096084_H10	MFOL2	CD-1	0	SN-VTA	1	19	10.21573
1772096099_B04	MFOL2	C57BL6	0	hypothalamus	-1	23	12.21249
1772096132_B08	MFOL2	C57BL6	0	hypothalamus	1	24	10.79812
1772096136_B11	MFOL2	C57BL6	0	hypothalamus	-1	25	10.46287
1772072240_F10	MFOL2	C57BL6	0	dorsal horn	-1	NaN	10.823
1772075305_B05	MFOL2	C57BL6	0	hypothalamus	-1	21	10.89112
1772099044_E09	MFOL2	C57BL6	0	dorsal horn	-1	NaN	11.82647
1772092304_B02	MFOL2	LHX6ICRERFP	0	striatum	1	27	9.182738
1772092008_F01	MFOL2	C57BL6	0	hypothalamus	1	29	8.450564
1772096140_A06	MFOL2	C57BL6	0	hypothalamus	1	19	11.1655
1772099301_D11	MFOL2	C57BL6	0	dorsal horn	0	NaN	10.15631
1772096135_D06	MFOL2	C57BL6	0	hypothalamus	-1	25	11.093
1772099043_E04	MFOL2	C57BL6	0	dorsal horn	-1	NaN	8.232916
1772096118_E06	MFOL2	CD-1	0	SN-VTA	-1	26	8.869852
1772096106_C12	MFOL2	CD-1	0	SN-VTA	-1	24	10.34654
1772099316_G03	MFOL2	C57BL6	0	dorsal horn	1	22	10.28134
1772099155_G03	MFOL2	C57BL6	0	dorsal horn	1	18	6.114498
1772075304_E12	MFOL2	C57BL6	0	hypothalamus	-1	21	8.915222
1772078013_A10	MFOL2	C57BL6	0	hypothalamus	-1	25	10.16293
1772078030_F07	MFOL2	C57BL6	0	hypothalamus	1	22	9.969208
1862091021_B12	MFOL2	CD-1	0	Amygdala	1	22	11.12931
1772099026_E09	MFOL2	CD-1	0	Amygdala	1	29	11.38615
1772089194_F03	MFOL2	C57BL6	0	hypothalamus	-1	25	10.02973
1772084021_B05	MFOL2	C57BL6	0	hypothalamus	1	24	9.45691
1772084020_C10	MFOL2	C57BL6	0	hypothalamus	1	23	9.847048
1772099092_G09	MFOL2	C57BL6	0	dorsal horn	0	20	12.37114
1772060225_H11	MFOL2	CD-1	0	cortex S1	-1	28	11.13535
1772096141_D02	MFOL2	C57BL6	0	hypothalamus	1	19	12.73538
1772096099_C02	MFOL2	C57BL6	0	hypothalamus	-1	23	11.0017
1772092009_E04	MFOL2	C57BL6	0	hypothalamus	1	29	9.506553
1772084014_B11	MFOL2	C57BL6	0	hypothalamus	1	24	11.71794
1772096172_E11	MFOL2	C57BL6	0	hypothalamus	-1	28	8.862267
1772096149_D05	MFOL2	CD-1	0	SN-VTA	-1	25	11.61419
1772099014_A09	MFOL2	C57BL6	0	dorsal horn	-1	NaN	11.79801
1772096103_B09	MFOL2	C57BL6	0	hypothalamus	-1	24	11.7466
1772096154_E08	MFOL2	CD-1	0	SN-VTA	-1	26	9.506553
1772096088_E05	MFOL2	CD-1	0	SN-VTA	1	20	16.55543
1772084017_D05	MFOL2	C57BL6	0	hypothalamus	1	24	11.28531
1772092311_A04	MFOL2	5HT3A-EGFP	0	striatum	1	22	10.13643
1772096173_B12	MFOL2	C57BL6	0	hypothalamus	-1	28	10.84162
1772072243_B10	MFOL2	C57BL6	0	dorsal horn	1	NaN	9.812845
1772092277_E11	MFOL2	CD-1	0	SN-VTA	-1	27	12.55994
1772084020_F11	MFOL2	C57BL6	0	hypothalamus	1	23	8.907676
1772092289_D05	MFOL2	CD-1	0	DentGyr	-1	21	10.24859
1772099155_D04	MFOL2	C57BL6	0	dorsal horn	1	18	10.62865
1772099014_C08	MFOL2	C57BL6	0	dorsal horn	1	NaN	10.3725
1772099044_E03	MFOL2	C57BL6	0	dorsal horn	0	NaN	9.65395
1772096084_D12	MFOL2	CD-1	0	SN-VTA	1	19	10.46287
1772096141_F10	MFOL2	C57BL6	0	hypothalamus	1	19	10.77318
1772078019_E12	MFOL2	C57BL6	0	hypothalamus	-1	27	12.38743
1772099015_D02	MFOL2	C57BL6	0	dorsal horn	1	NaN	12.02383
1772096140_D05	MFOL2	C57BL6	0	hypothalamus	1	19	11.52702
1772096138_G07	MFOL2	C57BL6	0	hypothalamus	1	19	10.02302
1772099305_A06	MFOL2	C57BL6	0	dorsal horn	0	NaN	12.52777
1772099046_D05	MFOL2	CD-1	0	SN-VTA	-1	21	9.819695
1772078030_B03	MFOL2	C57BL6	0	hypothalamus	1	22	9.928655
1772096134_E02	MFOL2	C57BL6	0	hypothalamus	-1	25	11.99022
1772089196_A05	MFOL2	C57BL6	0	hypothalamus	-1	25	11.6777
1772099083_C06	MFOL2	CD-1	0	ZonaIncerta	-1	22	10.87877
1772096141_A04	MFOL2	C57BL6	0	hypothalamus	1	19	11.74087
1772099046_E11	MFOL2	CD-1	0	SN-VTA	-1	21	12.77756
1772094136_F05	MFOL2	CD-1	0	SN-VTA	-1	21	11.63155
1772096117_A06	MFOL2	CD-1	0	SN-VTA	1	26	9.072232
1772092012_E07	MFOL2	C57BL6	0	hypothalamus	1	28	7.551293
1862091110_E08	MFOL2	CD-1	0	Amygdala	1	24	11.32694
1772117151_E10	MFOL2	C57BL6	0	dorsal horn	0	19	12.05733
1772099009_G04	MFOL2	CD-1	0	SN-VTA	-1	24	10.14306
1772096103_C06	MFOL2	C57BL6	0	hypothalamus	-1	24	11.30317
1772099002_E10	MFOL2	CD-1	0	SN-VTA	1	23	11.3625
1772089202_C01	MFOL2	CD-1	0	SN-VTA	-1	22	11.10512
1772096133_E08	MFOL2	C57BL6	0	hypothalamus	-1	25	9.97595
1772096173_C02	MFOL2	C57BL6	0	hypothalamus	-1	28	14.86926
1772117108_F03	MFOL2	C57BL6	0	dorsal horn	0	NaN	10.41132
1772117097_H01	MFOL2	C57BL6	0	dorsal horn	0	26	9.29193
1772096148_D04	MFOL2	CD-1	0	SN-VTA	-1	24	9.407005
1772096101_F10	MFOL2	C57BL6	0	hypothalamus	-1	23	10.0632
1772096162_D03	MFOL2	C57BL6	0	hypothalamus	-1	27	10.79189
1772096108_B06	MFOL2	CD-1	0	SN-VTA	1	24	8.183764
1772089187_A10	MFOL2	C57BL6	0	hypothalamus	-1	28	10.97722
1772099014_G03	MFOL2	C57BL6	0	dorsal horn	1	NaN	11.27338
1772092003_F09	MFOL2	CD-1	0	SN-VTA	1	20	11.59681
1772096140_F04	MFOL2	C57BL6	0	hypothalamus	1	19	10.32702
1772096162_C07	MFOL2	C57BL6	0	hypothalamus	-1	27	10.5397
1772099152_D10	MFOL2	C57BL6	0	dorsal horn	1	18	8.824248
1772089188_A05	MFOL2	C57BL6	0	hypothalamus	-1	27	13.24272
1772096085_D12	MFOL2	CD-1	0	SN-VTA	1	19	10.84782
1772072240_B08	MFOL2	C57BL6	0	dorsal horn	0	NaN	10.8664
1772096134_A07	MFOL2	C57BL6	0	hypothalamus	-1	25	12.42537
1772096154_B12	MFOL2	CD-1	0	SN-VTA	0	26	10.83541
1772096141_B04	MFOL2	C57BL6	0	hypothalamus	1	19	11.78089
1772072243_F03	MFOL2	C57BL6	0	dorsal horn	1	NaN	10.68544
1772099043_A05	MFOL2	C57BL6	0	dorsal horn	-1	NaN	10.24859
1772094136_F10	MFOL2	CD-1	0	SN-VTA	1	21	10.74192
1772078030_G01	MFOL2	C57BL6	0	hypothalamus	1	22	12.35482
1772099091_C06	MFOL2	C57BL6	0	dorsal horn	0	20	8.678256
1772096148_F03	MFOL2	CD-1	0	SN-VTA	1	24	7.967268
1772096101_B07	MFOL2	C57BL6	0	hypothalamus	-1	23	10.58427
1772096165_E09	MFOL2	C57BL6	0	hypothalamus	-1	27	12.51703
1772096172_C09	MFOL2	C57BL6	0	hypothalamus	-1	28	10.15631
1772099301_G09	MFOL2	C57BL6	0	dorsal horn	0	NaN	9.996152
1772089199_H11	MFOL2	CD-1	0	SN-VTA	-1	23	10.02302
1772096101_C12	MFOL2	C57BL6	0	hypothalamus	-1	23	10.59697
1772096100_A05	MFOL2	C57BL6	0	hypothalamus	-1	23	11.40385
1772089186_C08	MFOL2	C57BL6	0	hypothalamus	-1	28	11.73514
1772099314_F07	MFOL2	C57BL6	0	dorsal horn	1	22	11.67194
1772096126_A12	MFOL2	C57BL6	0	hypothalamus	-1	21	11.81509
1771017028_H09	MFOL2	PDGFRA-GFP	0	hippo CA1	1	22	8.126044
1772089195_E06	MFOL2	C57BL6	0	hypothalamus	-1	25	8.584771
1772096135_H12	MFOL2	C57BL6	0	hypothalamus	-1	25	11.53285
1772096102_A06	MFOL2	C57BL6	0	hypothalamus	-1	23	10.56519
1772084020_F08	MFOL2	C57BL6	0	hypothalamus	1	23	10.65393
1772072243_C04	MFOL2	C57BL6	0	dorsal horn	1	NaN	9.605069
1772117039_A12	MFOL2	PDGFRA-CRE	1	corpus callosum	-1	21	11.02612
1771051147_C03	MFOL2	PDGFRA-CRE	1	corpus callosum	-1	21	5.288958
1772099305_F12	MFOL2	C57BL6	0	dorsal horn	0	NaN	12.69837
1772089202_F06	MFOL2	CD-1	0	SN-VTA	1	22	10.44357
1772096085_C08	MFOL2	CD-1	0	SN-VTA	1	19	13.62316
1772096135_F02	MFOL2	C57BL6	0	hypothalamus	-1	25	10.61599
1772078030_F12	MFOL2	C57BL6	0	hypothalamus	1	22	10.60331
1772072118_A01	MFOL2	BL6 - GAD67/TOMATO/EMX1-CRE	0	cortex S1	-1	21	0
1772075309_G08	MFOL2	C57BL6	0	hypothalamus	-1	21	9.908316
1771017036_G01	MFOL2	PDGFRA-GFP	0	corpus callosum	1	90	10.24202
1772096135_E05	MFOL2	C57BL6	0	hypothalamus	-1	25	10.89112
1772072240_H07	MFOL2	C57BL6	0	dorsal horn	-1	NaN	11.14742
1772075305_E04	MFOL2	C57BL6	0	hypothalamus	-1	21	11.92274
1772099035_G11	MFOL2	CD-1	0	ZonaIncerta	0	21	10.30094
1772125078_C01	MFOL2	PDGFRA-CRE	1	corpus callosum	-1	21	7.09209
1772099045_D11	MFOL2	CD-1	0	SN-VTA	-1	21	14.71927
1772096139_C05	MFOL2	C57BL6	0	hypothalamus	1	19	12.20147
1772099303_D12	MFOL2	C57BL6	0	dorsal horn	0	NaN	10.02302
1772078029_D11	MFOL2	C57BL6	0	hypothalamus	1	22	8.778407
1772096097_B02	MFOL2	C57BL6	0	hypothalamus	-1	22	12.77756
1772096136_E05	MFOL2	C57BL6	0	hypothalamus	-1	25	11.9058
1772096106_B01	MFOL2	CD-1	0	SN-VTA	1	24	10.37898
1772078031_G01	MFOL2	C57BL6	0	hypothalamus	1	22	11.09906
1772099012_D09	MFOL2	CD-1	0	SN-VTA	-1	24	10.10986
1772096094_B11	MFOL2	CD-1	0	SN-VTA	1	21	12.80384
1772072243_D11	MFOL2	C57BL6	0	dorsal horn	1	NaN	10.26825
1772117158_E08	MFOL2	C57BL6	0	dorsal horn	0	19	8.892566
1772096086_E02	MFOL2	CD-1	0	SN-VTA	1	20	10.05651
1772072242_A06	MFOL2	C57BL6	0	dorsal horn	1	NaN	0
1772062109_A03	MFOL2	CD-1	0	cortex S1	1	22	11.86053
1772078018_B10	MFOL2	C57BL6	0	hypothalamus	-1	27	8.709194
1772099028_F06	MFOL2	CD-1	0	ZonaIncerta	1	20	11.06265
1772096101_E12	MFOL2	C57BL6	0	hypothalamus	-1	23	11.6026
1772089194_F05	MFOL2	C57BL6	0	hypothalamus	-1	25	10.74818
1772096097_C12	MFOL2	C57BL6	0	hypothalamus	-1	22	11.76947
1772078029_B01	MFOL2	C57BL6	0	hypothalamus	1	22	10.08989
1772075310_E11	MFOL2	C57BL6	0	hypothalamus	-1	21	9.709513
1772096101_H02	MFOL2	C57BL6	0	hypothalamus	-1	23	11.55615
1772078030_F08	MFOL2	C57BL6	0	hypothalamus	1	22	9.840217
1772096141_D12	MFOL2	C57BL6	0	hypothalamus	1	19	10.66654
1772075304_C12	MFOL2	C57BL6	0	hypothalamus	-1	21	11.17754
1772099002_E12	MFOL2	CD-1	0	SN-VTA	1	23	13.151
1772096108_A01	MFOL2	CD-1	0	SN-VTA	1	24	10.74818
1772099154_F08	MFOL2	C57BL6	0	dorsal horn	0	18	10.36601
1772089200_C04	MFOL2	CD-1	0	SN-VTA	1	21	9.371196
1772096138_D12	MFOL2	C57BL6	0	hypothalamus	1	19	10.84782
1772096100_E12	MFOL2	C57BL6	0	hypothalamus	-1	23	10.61599
1772072243_D12	MFOL2	C57BL6	0	dorsal horn	1	NaN	9.378369
1772067092_F04	MFOL2	CD-1	0	hippo CA1	1	22	11.42153
1772096110_A03	MFOL2	CD-1	0	SN-VTA	1	24	10.56519
1772099008_E02	MFOL2	CD-1	0	SN-VTA	1	23	11.8945
1772099153_B03	MFOL2	C57BL6	0	dorsal horn	1	18	10.12316
1772096110_E05	MFOL2	CD-1	0	SN-VTA	1	24	11.42742
1772099030_D06	MFOL2	CD-1	0	ZonaIncerta	1	20	10.00288
1772099014_A02	MFOL2	C57BL6	0	dorsal horn	0	NaN	10.74818
1772096100_B02	MFOL2	C57BL6	0	hypothalamus	-1	23	6.147402
1772096096_A12	MFOL2	C57BL6	0	hypothalamus	-1	22	6.18013
1772072243_F10	MFOL2	C57BL6	0	dorsal horn	1	NaN	10.77318
1772066104_C11	MFOL2	5HT3A-EGFPXCHAT-CRE	0	cortex S1	-1	26	10.81678
1772096148_A09	MFOL2	CD-1	0	SN-VTA	1	24	11.21957
1772078023_B11	MFOL2	C57BL6	0	hypothalamus	-1	27	7.839647
1772092003_D02	MFOL2	CD-1	0	SN-VTA	-1	20	11.65465
1772096132_D08	MFOL2	C57BL6	0	hypothalamus	-1	24	9.22657
1772099041_C12	MFOL2	C57BL6	0	dorsal horn	-1	NaN	6.415037
1772096135_A07	MFOL2	C57BL6	0	hypothalamus	-1	25	11.00781
1772096139_E04	MFOL2	C57BL6	0	hypothalamus	1	19	9.520689
1772096083_C08	MFOL2	CD-1	0	SN-VTA	1	19	10.31399
1772099152_B08	MFOL2	C57BL6	0	dorsal horn	1	18	9.674823
1772072243_H06	MFOL2	C57BL6	0	dorsal horn	1	NaN	9.833381
1772094143_A02	MFOL2	CD-1	0	SN-VTA	1	24	10.18936
1772096140_F02	MFOL2	C57BL6	0	hypothalamus	1	19	11.39796
1772099031_E11	MFOL2	CD-1	0	ZonaIncerta	1	20	11.88319
1772092003_D08	MFOL2	CD-1	0	SN-VTA	1	20	10.94041
1772075304_C08	MFOL2	C57BL6	0	hypothalamus	-1	21	10.43713
1772072243_G08	MFOL2	C57BL6	0	dorsal horn	1	NaN	9.894734
1771051147_G03	MFOL2	PDGFRA-CRE	1	corpus callosum	-1	21	6.191001
1771051147_H04	MFOL2	PDGFRA-CRE	0	corpus callosum	-1	21	6.18013
1771051147_D08	MFOL2	PDGFRA-CRE	1	corpus callosum	-1	21	7.148752
1771051147_E08	MFOL2	PDGFRA-CRE	1	corpus callosum	-1	21	5.041612
1772117038_E05	MFOL2	PDGFRA-CRE	1	corpus callosum	-1	21	6.003518
1772117039_B06	MFOL2	PDGFRA-CRE	1	corpus callosum	-1	21	7.822474
1772125078_B02	MFOL2	PDGFRA-CRE	1	corpus callosum	-1	21	6.899856
1772099091_F08	MFOL2	C57BL6	0	dorsal horn	0	20	11.1655
1772099315_E07	MFOL2	C57BL6	0	dorsal horn	1	22	8.639427
1772099315_F07	MFOL2	C57BL6	0	dorsal horn	1	22	10.16293
1772099304_F05	MFOL2	C57BL6	0	dorsal horn	0	NaN	10.45644
1772117154_F04	MFOL2	C57BL6	0	dorsal horn	0	19	10.2748
1772117154_F10	MFOL2	C57BL6	0	dorsal horn	0	19	15.71357
1772117111_E08	MFOL2	C57BL6	0	dorsal horn	0	26	7.839648
1772099101_G07	MFOL2	HGFAP-GFP	1	DentGyr	-1	50	10.95269
1772117151_D02	MFOL2	C57BL6	0	dorsal horn	0	19	10.8664
1772096099_B08	MFOL2	C57BL6	0	hypothalamus	-1	23	9.640009
1772096101_C07	MFOL2	C57BL6	0	hypothalamus	-1	23	10.40486
1772099010_G06	MFOL2	CD-1	0	SN-VTA	-1	24	9.248408
1772075304_F07	MFOL2	C57BL6	0	hypothalamus	-1	21	12.06848
1772072243_A10	MFOL2	C57BL6	0	dorsal horn	1	NaN	10.26825
1772072242_A10	MFOL2	C57BL6	0	dorsal horn	-1	NaN	12.59736
1772099001_C06	MFOL2	CD-1	0	SN-VTA	-1	21	10.17616
1772096139_D07	MFOL2	C57BL6	0	hypothalamus	1	19	12.3112
1772096102_D08	MFOL2	C57BL6	0	hypothalamus	-1	23	11.5852
1772096133_D08	MFOL2	C57BL6	0	hypothalamus	-1	25	11.61419
1772096132_B11	MFOL2	C57BL6	0	hypothalamus	-1	24	11.0444
1772067096_F04	MFOL2	5HT3A-EGFP	0	hippo CA1	-1	26	10.28134
1772092011_F03	MFOL2	C57BL6	0	hypothalamus	-1	29	13.02255
1772117156_D06	MFOL2	C57BL6	0	dorsal horn	0	19	12.34938
1772099215_G04	MFOL2	CD-1	1	DentGyr	-1	63	11.74087
1862091118_C05	MFOL2	CD-1	0	Amygdala	1	21	11.52118
1772096136_D07	MFOL2	C57BL6	0	hypothalamus	-1	25	10.81056
1772066108_E12	MFOL2	CD-1	0	hippo CA1	1	23	10.67284
1772096141_C01	MFOL2	C57BL6	0	hypothalamus	1	19	12.60269
1862091110_F10	MFOL2	CD-1	0	Amygdala	1	24	9.867513
1772096141_A02	MFOL2	C57BL6	0	hypothalamus	1	19	12.04617
1772099015_A07	MFOL2	C57BL6	0	dorsal horn	1	NaN	11.76947
1772096103_E07	MFOL2	C57BL6	0	hypothalamus	-1	24	10.79189
1772125078_F07	MFOL2	PDGFRA-CRE	1	corpus callosum	-1	21	9.101831
1772099091_H05	MFOL2	C57BL6	0	dorsal horn	0	20	14.20313
1772117123_A07	MFOL2	C57BL6	0	dorsal horn	0	26	10.83542
1772096084_H04	MFOL2	CD-1	0	SN-VTA	1	19	11.76376
1772096138_F11	MFOL2	C57BL6	0	hypothalamus	1	19	9.840217
1772096108_D05	MFOL2	CD-1	0	SN-VTA	1	24	9.764759
1772096132_E09	MFOL2	C57BL6	0	hypothalamus	-1	24	10.55883
1772096088_D01	MFOL2	CD-1	0	SN-VTA	1	20	13.08436
1772096135_B03	MFOL2	C57BL6	0	hypothalamus	-1	25	10.19596
1772067059_D12	MFOL2	5HT3A-EGFP	0	hippo CA1	-1	23	12.382
1772117107_H07	MFOL2	C57BL6	0	dorsal horn	0	NaN	10.60331
1772096149_D08	MFOL2	CD-1	0	SN-VTA	-1	25	11.01391
1772099035_E04	MFOL2	CD-1	0	ZonaIncerta	-1	21	11.99022
1772075310_D09	MFOL2	C57BL6	0	hypothalamus	-1	21	12.15177
1772072243_H11	MFOL2	C57BL6	0	dorsal horn	1	NaN	11.42153
1771051147_F03	MFOL2	PDGFRA-CRE	1	corpus callosum	-1	21	5.028256
1772092012_F04	MFOL2	C57BL6	0	hypothalamus	1	28	8.273653
1772096099_C07	MFOL2	C57BL6	0	hypothalamus	-1	23	11.84351
1772096146_E02	MFOL2	CD-1	0	SN-VTA	1	24	10.64761
1772099045_A12	MFOL2	CD-1	0	SN-VTA	-1	21	11.17754
1772099003_E04	MFOL2	CD-1	0	SN-VTA	-1	23	10.28788
1772078028_F06	MFOL2	C57BL6	0	hypothalamus	1	22	10.67914
1771017036_F06	MFOL2	PDGFRA-GFP	0	corpus callosum	1	90	0
1772096134_G02	MFOL2	C57BL6	0	hypothalamus	-1	25	9.948952
1772117154_H07	MFOL2	C57BL6	0	dorsal horn	0	19	10.20914
1771051147_H09	MFOL2	PDGFRA-CRE	1	corpus callosum	-1	21	11.4744
1772078016_G01	MFOL2	C57BL6	0	hypothalamus	-1	25	9.435554
1772099316_H03	MFOL2	C57BL6	0	dorsal horn	1	22	14.98638
1772096138_A03	MFOL2	C57BL6	0	hypothalamus	1	19	11.13535
1772078033_C07	MFOL2	LHX6ICRERFP	0	striatum	1	22	10.98335
1772075305_G05	MFOL2	C57BL6	0	hypothalamus	-1	21	11.81509
1772075310_H10	MFOL2	C57BL6	0	hypothalamus	-1	21	10.89112
1772096091_D04	MFOL2	CD-1	0	SN-VTA	1	20	11.30912
1772096085_A11	MFOL2	CD-1	0	SN-VTA	1	19	10.39193
1772092003_C11	MFOL2	CD-1	0	SN-VTA	-1	20	9.012741
1772096135_B07	MFOL2	C57BL6	0	hypothalamus	-1	25	7.334465
1772072240_F03	MFOL2	C57BL6	0	dorsal horn	-1	NaN	9.709513
1772096088_B01	MFOL2	CD-1	0	SN-VTA	1	20	12.27838
1772071055_B03	MFOL2	5HT3A-EGFP	0	cortex S1	1	21	10.97109
1772096118_C01	MFOL2	CD-1	0	SN-VTA	1	26	7.933436
1772071045_D02	MFOL2	CD-1	0	hippo CA1	-1	24	8.740023
1772094135_D02	MFOL2	CD-1	0	SN-VTA	1	19	10.99558
1772067059_G06	MFOL2	5HT3A-EGFP	0	hippo CA1	-1	23	11.56778
1772099015_G09	MFOL2	C57BL6	0	dorsal horn	0	NaN	10.2748
1772096149_A04	MFOL2	CD-1	0	SN-VTA	-1	25	9.605069
1772071055_A04	MFOL2	5HT3A-EGFP	0	cortex S1	1	21	10.41132
1772096085_C07	MFOL2	CD-1	0	SN-VTA	1	19	10.36601
1772125078_E03	MFOL2	PDGFRA-CRE	1	corpus callosum	-1	21	9.948952
1772099091_E08	MFOL2	C57BL6	0	dorsal horn	0	20	6.64164
1772117154_E10	MFOL2	C57BL6	0	dorsal horn	0	19	11.2495
1772075310_D08	MFOL2	C57BL6	0	hypothalamus	-1	21	10.823
1772099047_F04	MFOL2	CD-1	0	SN-VTA	-1	21	10.91579
1772075305_E12	MFOL2	C57BL6	0	hypothalamus	-1	21	12.61336
1772094135_B12	MFOL2	CD-1	0	SN-VTA	1	19	13.42928
1772092002_F11	MFOL2	CD-1	0	SN-VTA	1	20	10.67284
1772096168_D10	MFOL2	C57BL6	0	hypothalamus	-1	28	12.33848
1772099143_E06	MFOL2	HGFAP-GFP	1	DentGyr	-1	50	11.27338
1772071055_C11	MFOL2	5HT3A-EGFP	0	cortex S1	1	21	12.17941
1772117099_B05	MFOL2	C57BL6	0	dorsal horn	0	NaN	12.95525
1772099047_E03	MFOL2	CD-1	0	SN-VTA	-1	21	14.2975
1772078017_H06	MFOL2	C57BL6	0	hypothalamus	-1	25	11.01391
1772096141_E09	MFOL2	C57BL6	0	hypothalamus	1	19	13.16633
1772117057_C02	MFOL2	C57BL6	0	dorsal horn	0	27	12.11852
1772117057_E08	MFOL2	C57BL6	0	dorsal horn	0	27	9.364018
1772084021_D05	MFOL2	C57BL6	0	hypothalamus	1	24	12.035
1772099093_G10	MFOL2	C57BL6	0	dorsal horn	0	20	11.90581
1772096140_E11	MFOL2	C57BL6	0	hypothalamus	1	19	11.44506
1772099009_G12	MFOL2	CD-1	0	SN-VTA	1	24	10.43713
1772099090_B06	MFOL2	C57BL6	0	dorsal horn	0	20	13.04318
1772094155_G04	MFOL2	CD-1	0	DentGyr	-1	25	11.83215
1772096086_D02	MFOL2	CD-1	0	SN-VTA	-1	20	10.76693
1772099033_B06	MFOL2	CD-1	0	ZonaIncerta	1	20	12.40913
1772096085_A10	MFOL2	CD-1	0	SN-VTA	1	19	12.69837
1772096103_A03	MFOL2	C57BL6	0	hypothalamus	-1	24	12.92407
1862091028_C10	MFOL2	CD-1	0	Amygdala	1	27	11.6777
1772117104_H01	MFOL2	C57BL6	0	dorsal horn	0	NaN	8.545517
1772096110_H03	MFOL2	CD-1	0	SN-VTA	-1	24	11.00781
1772099093_B03	MFOL2	C57BL6	0	dorsal horn	0	20	11.03222
1772094111_A02	MFOL2	CD-1	0	DentGyr	1	20	8.466463
1772117137_F02	MFOL2	C57BL6	0	dorsal horn	0	20	9.969208
1772089194_E07	MFOL2	C57BL6	0	hypothalamus	-1	25	11.27338
1772096116_E07	MFOL2	CD-1	0	SN-VTA	1	26	11.39796
1772094135_C10	MFOL2	CD-1	0	SN-VTA	1	19	9.942191
1772096088_B07	MFOL2	CD-1	0	SN-VTA	-1	20	10.60331
1772089200_E08	MFOL2	CD-1	0	SN-VTA	1	21	12.93447
1772063061_D02	MFOL2	CD-1	0	cortex S1	-1	31	7.270005
1772092288_B06	MFOL2	LHX6ICRERFP	0	striatum	1	25	9.955708
1772089205_C02	MFOL2	CD-1	0	SN-VTA	1	22	9.299164
1772092304_E06	MFOL2	LHX6ICRERFP	0	striatum	1	27	8.450564
1772062111_F06	MFOL2	CD-1	0	cortex S1	1	24	10.24202
1772096110_C08	MFOL2	CD-1	0	SN-VTA	0	24	10.49495
1772063063_F05	MFOL2	5HT3A-EGFP	0	cortex S1	-1	21	11.67194
1772096091_E10	MFOL2	CD-1	0	SN-VTA	1	20	7.907968
1772099081_H11	MFOL2	CD-1	0	ZonaIncerta	-1	22	11.55033
1772096088_E07	MFOL2	CD-1	0	SN-VTA	-1	20	13.31867
1772099001_H06	MFOL2	CD-1	0	SN-VTA	-1	21	12.66656
1772099002_A02	MFOL2	CD-1	0	SN-VTA	1	23	12.16283
1772096152_B08	MFOL2	CD-1	0	SN-VTA	1	26	10.45644
1772096091_F02	MFOL2	CD-1	0	SN-VTA	1	20	11.14742
1772096085_F07	MFOL2	CD-1	0	SN-VTA	1	19	10.16293
1772094135_C02	MFOL2	CD-1	0	SN-VTA	1	19	12.87716
1772099084_H01	MFOL2	CD-1	0	ZonaIncerta	1	19	12.49553
1862091114_H05	MFOL2	CD-1	0	Amygdala	1	21	10.46287
1772062111_C08	MFOL2	CD-1	0	cortex S1	1	24	11.48611
1772094116_G07	MFOL2	CD-1	0	DentGyr	1	21	11.01391
1772096083_B09	MFOL2	CD-1	0	SN-VTA	1	19	12.40371
1772096087_G11	MFOL2	CD-1	0	SN-VTA	1	20	14.15571
1772092298_G08	MFOL2	LHX6ICRERFP	0	striatum	1	27	13.38414
1772067077_F03	MFOL2	5HT3A-EGFP	0	striatum	1	26	9.778522
1772092303_E01	MFOL2	LHX6ICRERFP	0	striatum	1	22	10.62232
1772062111_B10	MFOL2	CD-1	0	cortex S1	1	24	10.98947
1772092312_E07	MFOL2	5HT3A-EGFP	0	striatum	1	22	12.09075
1772094143_B01	MFOL2	CD-1	0	SN-VTA	-1	24	9.146051
1772078033_F02	MFOL2	LHX6ICRERFP	0	striatum	1	22	12.54922
1772092309_A07	MFOL2	5HT3A-EGFP	0	striatum	1	22	12.95006
1772092264_D10	MFOL2	LHX6ICRERFP	0	striatum	1	28	9.464018
1772096156_B04	MFOL2	CD-1	0	SN-VTA	-1	26	11.56778
1772066108_H05	MFOL2	CD-1	0	hippo CA1	1	23	10.97109
1772094136_C09	MFOL2	CD-1	0	SN-VTA	-1	21	10.02973
1772094135_G10	MFOL2	CD-1	0	SN-VTA	1	19	11.3625
1772092318_C08	MFOL2	5HT3A-EGFP	0	striatum	1	23	8.426658
1772078033_F01	MFOL2	LHX6ICRERFP	0	striatum	1	22	11.49196
1772092312_C05	MFOL2	5HT3A-EGFP	0	striatum	1	22	9.771643
1772094135_H12	MFOL2	CD-1	0	SN-VTA	1	19	13.26302
1772096092_B09	MFOL2	CD-1	0	SN-VTA	0	21	11.47439
1772096084_A07	MFOL2	CD-1	0	SN-VTA	1	19	11.76376
1772092304_D05	MFOL2	LHX6ICRERFP	0	striatum	-1	27	13.54892
1772092264_D12	MFOL2	LHX6ICRERFP	0	striatum	1	28	13.71172
1772067063_G11	MFOL2	5HT3A-EGFP	0	cortex S1	-1	24	9.744078
1772092304_A09	MFOL2	LHX6ICRERFP	0	striatum	-1	27	10.87259
1862091037_B07	MFOL2	CD-1	0	Amygdala	-1	25	11.68921
1772078024_A11	MFOL2	5HT3A-EGFP	0	striatum	1	27	11.84919
1772062111_C01	MFOL2	CD-1	0	cortex S1	1	24	11.75804
1772094153_C10	MFOL2	LHX6ICRERFP	0	striatum	-1	28	11.72
1772092312_D03	MFOL2	5HT3A-EGFP	0	striatum	1	22	9.989422
1772092264_H05	MFOL2	LHX6ICRERFP	0	striatum	1	28	8.450564
1772092264_A09	MFOL2	LHX6ICRERFP	0	striatum	1	28	11.53868
1772092265_D11	MFOL2	LHX6ICRERFP	0	striatum	1	28	9.116595
1772084018_A06	MFOL2	CD-1	0	SN-VTA	-1	24	8.378643
1772094131_A03	MFOL2	CD-1	0	DentGyr	1	24	8.584771
1772096108_G03	MFOL2	CD-1	0	SN-VTA	1	24	11.61998
1772092318_B09	MFOL2	5HT3A-EGFP	0	striatum	1	23	11.11117
1772096084_F11	MFOL2	CD-1	0	SN-VTA	1	19	10.34003
1772092312_B10	MFOL2	5HT3A-EGFP	0	striatum	1	22	11.61998
1772078033_D05	MFOL2	LHX6ICRERFP	0	striatum	1	22	9.97595
1772078052_E12	MFOL2	LHX6ICRERFP	0	cortex S1	-1	22	11.18356
1772078033_G10	MFOL2	LHX6ICRERFP	0	striatum	1	22	11.46853
1772096108_A04	MFOL2	CD-1	0	SN-VTA	-1	24	10.71058
1772099047_B07	MFOL2	CD-1	0	SN-VTA	-1	21	12.90845
1772060225_E07	MFOL2	CD-1	0	cortex S1	-1	28	11.36842
1772060240_F11	MFOL2	CD-1	0	cortex S1	-1	23	10.0632
1772099035_G02	MFOL2	CD-1	0	ZonaIncerta	1	21	13.39921
1772066102_E10	MFOL2	CD-1	0	hippo CA1	1	23	7.461714
1772096156_D04	MFOL2	CD-1	0	SN-VTA	-1	26	9.80599
1772096084_F08	MFOL2	CD-1	0	SN-VTA	1	19	9.681771
1772099047_C03	MFOL2	CD-1	0	SN-VTA	-1	21	12.54922
1772096088_H10	MFOL2	CD-1	0	SN-VTA	-1	20	9.284691
1772092309_D03	MFOL2	5HT3A-EGFP	1	striatum	1	22	9.168081
1772099038_G01	MFOL2	CD-1	0	ZonaIncerta	-1	22	10.24859
1772092319_G03	MFOL2	CD-1	0	DentGyr	-1	21	9.349645
1862091049_E11	MFOL2	CD-1	0	Amygdala	1	24	10.3984
1772099036_D02	MFOL2	CD-1	0	ZonaIncerta	-1	21	10.68544
1772060225_F06	MFOL2	CD-1	0	cortex S1	-1	28	11.63732
1772099305_B10	MFOL2	C57BL6	0	dorsal horn	0	NaN	11.71794
1772117158_B02	MFOL2	C57BL6	0	dorsal horn	0	19	11.979
1772099303_F06	MFOL2	C57BL6	0	dorsal horn	0	NaN	9.449797
1772089196_D02	MFOL2	C57BL6	0	hypothalamus	-1	25	8.975359
1772099050_E03	MFOL2	CD-1	0	Amygdala	1	26	7.701188
1772096091_H01	MFOL2	CD-1	0	SN-VTA	1	20	9.9151
1772096092_F05	MFOL2	CD-1	0	SN-VTA	-1	21	11.5852
1772096108_H08	MFOL2	CD-1	0	SN-VTA	-1	24	8.732326
1772096151_C03	MFOL2	CD-1	0	SN-VTA	0	25	11.72941
1772117158_E02	MFOL2	C57BL6	0	dorsal horn	0	19	13.98846
1772092264_E03	MFOL2	LHX6ICRERFP	0	striatum	1	28	10.41778
1772096085_E03	MFOL2	CD-1	0	SN-VTA	1	19	13.50916
1772099001_E08	MFOL2	CD-1	0	SN-VTA	-1	21	10.31399
1772099215_A12	MFOL2	CD-1	1	DentGyr	-1	63	10.69802
1862091022_F04	MFOL2	CD-1	0	Amygdala	-1	22	13.94031
1772096110_H08	MFOL2	CD-1	0	SN-VTA	-1	24	10.09655
1772096106_C11	MFOL2	CD-1	0	SN-VTA	1	24	8.793714
1772117097_G03	MFOL2	C57BL6	0	dorsal horn	0	26	10.59697
1772096162_D05	MFOL2	C57BL6	0	hypothalamus	-1	27	11.52702
1772117104_A04	MFOL2	C57BL6	0	dorsal horn	0	NaN	10.05651
1772096136_A03	MFOL2	C57BL6	0	hypothalamus	-1	25	12.77756
1772096133_B09	MFOL2	C57BL6	0	hypothalamus	-1	25	11.68346
1772062113_G12	MFOL2	CD-1	0	cortex S1	-1	26	12.20147
1772063070_E07	MFOL2	CD-1	0	cortex S1	-1	27	10.24859
1772096136_A05	MFOL2	C57BL6	0	hypothalamus	-1	25	11.30317
1772117059_F02	MFOL2	C57BL6	0	dorsal horn	0	27	9.730267
1772078017_C12	MFOL2	C57BL6	0	hypothalamus	-1	25	9.328043
1772099045_F12	MFOL2	CD-1	0	SN-VTA	-1	21	14.50296
1772096103_C07	MFOL2	C57BL6	0	hypothalamus	-1	24	12.19044
1771017036_C01	MFOL2	PDGFRA-GFP	0	corpus callosum	1	90	0
1772099092_E06	MFOL2	C57BL6	0	dorsal horn	0	20	11.20158
1772089190_G02	MFOL2	C57BL6	0	hypothalamus	-1	27	10.66023
1771017151_A11	MFOL2	PDGFRA-GFP	1	hippo CA1	-1	22	9.499477
1772117055_H11	MFOL2	C57BL6	0	dorsal horn	0	28	12.83531
1772092008_G03	MFOL2	C57BL6	0	hypothalamus	1	29	8.314191
1772089186_E11	MFOL2	C57BL6	0	hypothalamus	-1	28	11.93964
1772099010_G02	MFOL2	CD-1	0	SN-VTA	-1	24	8.945341
1772092295_F09	MFOL2	LHX6ICRERFP	0	striatum	-1	25	10.42423
1772096106_E02	MFOL2	CD-1	0	SN-VTA	1	24	10.11651
1772084018_E03	MFOL2	CD-1	0	SN-VTA	1	24	11.30912
1772099215_H04	MFOL2	CD-1	1	DentGyr	-1	63	10.12316
1772092265_E11	MFOL2	LHX6ICRERFP	0	striatum	1	28	7.813873
1772099301_C06	MFOL2	C57BL6	0	dorsal horn	0	NaN	8.33035
1772096132_F02	MFOL2	C57BL6	0	hypothalamus	-1	24	10.79812
1772099015_H11	MFOL2	C57BL6	0	dorsal horn	0	NaN	10.3984
1772092303_C10	MFOL2	LHX6ICRERFP	0	striatum	1	22	11.29722
1772089187_E12	MFOL2	C57BL6	0	hypothalamus	-1	28	13.20204
1772078014_C10	MFOL2	C57BL6	0	hypothalamus	-1	25	12.35482
1772072240_H02	MFOL2	C57BL6	0	dorsal horn	-1	NaN	9.570001
1772117101_C08	MFOL2	C57BL6	0	dorsal horn	0	NaN	11.64887
1772063074_C02	MFOL2	CD-1	0	cortex S1	1	27	9.860696
1772096132_E04	MFOL2	C57BL6	0	hypothalamus	-1	24	11.8094
1862091112_D05	MFOL2	CD-1	0	Amygdala	1	24	11.42153
1772099091_F07	MFOL2	C57BL6	0	dorsal horn	0	20	13.74601
1772099087_D09	MFOL2	CD-1	0	ZonaIncerta	-1	22	10.52055
1772096099_D04	MFOL2	C57BL6	0	hypothalamus	-1	23	9.299164
1772072242_C04	MFOL2	C57BL6	0	dorsal horn	-1	NaN	7.334465
1772096085_H08	MFOL2	CD-1	0	SN-VTA	1	19	10.22888
1772096136_H03	MFOL2	C57BL6	0	hypothalamus	-1	25	9.785396
1772117123_A02	MFOL2	C57BL6	0	dorsal horn	0	26	10.71686
1772117031_B07	MFOL2	PDGFRA-CRE	1	corpus callosum	-1	61	9.674823
1772099002_E09	MFOL2	CD-1	0	SN-VTA	1	23	10.7294
1772099009_H05	MFOL2	CD-1	0	SN-VTA	-1	24	12.34937
1772117104_H12	MFOL2	C57BL6	0	dorsal horn	0	NaN	9.101831
1772099008_C05	MFOL2	CD-1	0	SN-VTA	-1	23	12.25646
1772096091_G07	MFOL2	CD-1	0	SN-VTA	1	20	10.46287
1772096168_D04	MFOL2	C57BL6	0	hypothalamus	-1	28	11.33881
1772084020_D05	MFOL2	C57BL6	0	hypothalamus	1	23	11.29126
1772117057_D06	MFOL2	C57BL6	0	dorsal horn	0	27	10.92811
1772078019_A03	MFOL2	C57BL6	0	hypothalamus	-1	27	10.35953
1772096128_C03	MFOL2	C57BL6	0	hypothalamus	-1	29	10.33353
1772096173_B08	MFOL2	C57BL6	0	hypothalamus	-1	28	10.2617
1772096096_D12	MFOL2	C57BL6	0	hypothalamus	-1	22	8.747714
1772099301_F02	MFOL2	C57BL6	0	dorsal horn	0	NaN	7.28848
1772099152_G03	MFOL2	C57BL6	0	dorsal horn	1	18	10.63497
1772099046_C05	MFOL2	CD-1	0	SN-VTA	-1	21	11.86053
1772078022_D06	MFOL2	C57BL6	0	hypothalamus	-1	27	10.69173
1772096106_C05	MFOL2	CD-1	0	SN-VTA	-1	24	10.21573
1772099001_C05	MFOL2	CD-1	0	SN-VTA	-1	21	9.449797
1772099045_D10	MFOL2	CD-1	0	SN-VTA	-1	21	12.04059
1772099003_E12	MFOL2	CD-1	0	SN-VTA	0	23	9.82654
1772117099_D02	MFOL2	C57BL6	0	dorsal horn	0	NaN	15.18252
1772084020_A06	MFOL2	C57BL6	0	hypothalamus	1	23	10.57792
1772099037_A04	MFOL2	CD-1	0	ZonaIncerta	-1	21	11.08087
1772099008_A02	MFOL2	CD-1	0	SN-VTA	1	23	10.52055
1772084021_E11	MFOL2	C57BL6	0	hypothalamus	1	24	11.08087
1772096100_H11	MFOL2	C57BL6	0	hypothalamus	-1	23	9.96246
1772099081_H02	MFOL2	CD-1	0	ZonaIncerta	1	22	9.819695
1772096133_C01	MFOL2	C57BL6	0	hypothalamus	-1	25	11.48025
1772096128_C04	MFOL2	C57BL6	0	hypothalamus	-1	29	11.63732
1772094135_A12	MFOL2	CD-1	0	SN-VTA	1	19	11.42742
1772092296_G04	MFOL2	LHX6ICRERFP	0	striatum	-1	25	10.24202
1772099002_A10	MFOL2	CD-1	0	SN-VTA	1	23	9.935425
1772096116_C12	MFOL2	CD-1	0	SN-VTA	1	26	9.116595
1772096175_A06	MFOL2	C57BL6	0	hypothalamus	-1	29	12.46859
1772078031_H01	MFOL2	C57BL6	0	hypothalamus	1	22	11.08087
1772067091_F10	MFOL2	CD-1	0	hippo CA1	1	22	10.82921
1772094135_F05	MFOL2	CD-1	0	SN-VTA	1	19	10.98947
1772099031_A06	MFOL2	CD-1	0	ZonaIncerta	1	20	9.478217
1772099152_G01	MFOL2	C57BL6	0	dorsal horn	1	18	10.14306
1772096085_F12	MFOL2	CD-1	0	SN-VTA	1	19	9.847048
1772096088_G05	MFOL2	CD-1	0	SN-VTA	1	20	10.82921
1772099305_G01	MFOL2	C57BL6	0	dorsal horn	0	NaN	12.4416
1772117101_B03	MFOL2	C57BL6	0	dorsal horn	0	NaN	11.8094
1772099081_G07	MFOL2	CD-1	0	ZonaIncerta	-1	22	12.92927
1772117124_H12	MFOL2	C57BL6	0	dorsal horn	0	27	10.81678
1772099072_B01	MFOL2	CD-1	0	ZonaIncerta	-1	19	11.35066
1772078018_H03	MFOL2	C57BL6	0	hypothalamus	-1	27	10.82921
1862091019_A09	MFOL2	CD-1	0	Amygdala	1	22	12.2948
1772099001_F07	MFOL2	CD-1	0	SN-VTA	-1	21	9.513623
1772096099_H09	MFOL2	C57BL6	0	hypothalamus	-1	23	8.402685
1772117102_G08	MFOL2	C57BL6	0	dorsal horn	0	NaN	11.01391
1772099076_C12	MFOL2	CD-1	0	ZonaIncerta	1	21	10.66023
1772099084_G08	MFOL2	CD-1	0	ZonaIncerta	-1	19	11.29722
1772099001_A07	MFOL2	CD-1	0	SN-VTA	-1	21	9.709513
1772089205_C12	MFOL2	CD-1	0	SN-VTA	1	22	13.09977
1772099041_A07	MFOL2	C57BL6	0	dorsal horn	-1	NaN	10.46287
1772096172_E03	MFOL2	C57BL6	0	hypothalamus	-1	28	8.670504
1772096162_D06	MFOL2	C57BL6	0	hypothalamus	-1	27	10.32702
1772078014_H08	MFOL2	C57BL6	0	hypothalamus	-1	25	10.28788
1772096086_G10	MFOL2	CD-1	0	SN-VTA	1	20	9.955708
1772067092_B06	MFOL2	CD-1	0	hippo CA1	1	22	13.19694
1772099014_E01	MFOL2	C57BL6	0	dorsal horn	-1	NaN	11.68346
1772096092_B12	MFOL2	CD-1	0	SN-VTA	-1	21	12.63999
1772096175_C01	MFOL2	C57BL6	0	hypothalamus	-1	29	10.32702
1772078030_B08	MFOL2	C57BL6	0	hypothalamus	1	22	11.03831
1772066096_C01	MFOL2	CD-1	0	hippo CA1	-1	27	8.466463
1772078013_B03	MFOL2	C57BL6	0	hypothalamus	-1	25	10.94041
1772094111_E05	MFOL2	CD-1	0	DentGyr	1	20	7.736035
1772099075_E01	MFOL2	CD-1	0	ZonaIncerta	1	21	8.362576
1772096103_D12	MFOL2	C57BL6	0	hypothalamus	-1	24	9.435554
1862091039_F10	MFOL2	CD-1	0	Amygdala	-1	28	10.12316
1772099152_C05	MFOL2	C57BL6	0	dorsal horn	1	18	12.99153
1772099045_F11	MFOL2	CD-1	0	SN-VTA	-1	21	11.53285
1772099091_H12	MFOL2	C57BL6	0	dorsal horn	0	20	14.30691
1772099092_H07	MFOL2	C57BL6	0	dorsal horn	0	20	9.442678
1772099313_D06	MFOL2	C57BL6	0	dorsal horn	1	22	9.299164
1772117154_D12	MFOL2	C57BL6	0	dorsal horn	0	19	10.81056
1772117108_C01	MFOL2	C57BL6	0	dorsal horn	0	NaN	10.12316
1772099001_E02	MFOL2	CD-1	0	SN-VTA	-1	21	10.46287
1862091113_F08	MFOL2	CD-1	0	Amygdala	1	24	10.04313
1772096126_D11	MFOL2	C57BL6	0	hypothalamus	-1	21	11.83215
1772096120_D09	MFOL2	CD-1	0	DentGyr	-1	25	10.92811
1772096108_B11	MFOL2	CD-1	0	SN-VTA	1	24	9.335249
1772096140_F08	MFOL2	C57BL6	0	hypothalamus	1	19	9.057396
1772096165_A01	MFOL2	C57BL6	0	hypothalamus	-1	27	8.763074
1772078028_G11	MFOL2	C57BL6	0	hypothalamus	1	22	11.05657
1772096154_A01	MFOL2	CD-1	0	SN-VTA	-1	26	9.860696
1772099053_D04	MFOL2	CD-1	0	Amygdala	-1	28	9.087043
1772117107_C06	MFOL2	C57BL6	0	dorsal horn	0	NaN	10.61599
1772096116_C09	MFOL2	CD-1	0	SN-VTA	1	26	10.90347
1772096106_F06	MFOL2	CD-1	0	SN-VTA	1	24	10.79812
1772117107_F06	MFOL2	C57BL6	0	dorsal horn	0	NaN	10.15631
1772096085_E05	MFOL2	CD-1	0	SN-VTA	1	19	9.674823
1772096110_B11	MFOL2	CD-1	0	SN-VTA	-1	24	11.44506
1772096156_A06	MFOL2	CD-1	0	SN-VTA	1	26	12.67187
1772096132_D12	MFOL2	C57BL6	0	hypothalamus	-1	24	10.52055
1772096121_F05	MFOL2	CD-1	0	DentGyr	-1	25	11.23754
1772094143_E09	MFOL2	CD-1	0	SN-VTA	-1	24	10.22888
1772089205_D09	MFOL2	CD-1	0	SN-VTA	1	22	12.81434
1772092276_B11	MFOL2	CD-1	0	SN-VTA	-1	27	11.56196
1772099001_C03	MFOL2	CD-1	0	SN-VTA	-1	21	11.87753
1772096168_F11	MFOL2	C57BL6	0	hypothalamus	-1	28	10.50776
1772096087_A02	MFOL2	CD-1	0	SN-VTA	-1	20	9.555938
1772096103_A05	MFOL2	C57BL6	0	hypothalamus	-1	24	9.020199
1772099027_G02	MFOL2	CD-1	0	Amygdala	1	29	10.08322
1772089186_A04	MFOL2	C57BL6	0	hypothalamus	-1	28	11.52118
1772072240_A06	MFOL2	C57BL6	0	dorsal horn	-1	NaN	11.05657
1772096103_D07	MFOL2	C57BL6	0	hypothalamus	-1	24	9.942191
1772099082_E03	MFOL2	CD-1	0	ZonaIncerta	1	22	11.30912
1772096132_F12	MFOL2	C57BL6	0	hypothalamus	-1	24	11.8037
1772096144_D04	MFOL2	C57BL6	0	hypothalamus	-1	27	9.744078
1772099081_F01	MFOL2	CD-1	0	ZonaIncerta	0	22	13.8435
1772075304_A09	MFOL2	C57BL6	0	hypothalamus	-1	21	11.41564
1772092261_E06	MFOL2	CD-1	0	DentGyr	-1	21	11.6084
1862091039_C07	MFOL2	CD-1	0	Amygdala	-1	28	8.092876
1772084014_D01	MFOL2	C57BL6	0	hypothalamus	1	24	10.14306
1772099039_A07	MFOL2	C57BL6	0	dorsal horn	-1	NaN	10.25514
1772092293_A10	MFOL2	CD-1	0	DentGyr	-1	21	11.29722
1772092013_E10	MFOL2	C57BL6	0	hypothalamus	1	28	9.248408
1772099075_F02	MFOL2	CD-1	0	ZonaIncerta	1	21	8.816624
1772096085_F05	MFOL2	CD-1	0	SN-VTA	1	19	11.24352
1772099002_G08	MFOL2	CD-1	0	SN-VTA	1	23	6.929031
1772096138_A12	MFOL2	C57BL6	0	hypothalamus	1	19	12.07405
1772096118_A11	MFOL2	CD-1	0	SN-VTA	0	26	9.306392
1772099033_A05	MFOL2	CD-1	0	ZonaIncerta	1	20	9.792266
1772089201_E06	MFOL2	CD-1	0	SN-VTA	0	21	8.117765
1772099071_B04	MFOL2	CD-1	0	ZonaIncerta	1	19	11.08694
1772096154_H06	MFOL2	CD-1	0	SN-VTA	-1	26	9.241134
1772099047_F08	MFOL2	CD-1	0	SN-VTA	-1	21	11.70646
1772099041_B03	MFOL2	C57BL6	0	dorsal horn	-1	NaN	7.604535
1772099301_G10	MFOL2	C57BL6	0	dorsal horn	0	NaN	12.05176
1772117154_A03	MFOL2	C57BL6	0	dorsal horn	0	19	13.72153
1772117123_E03	MFOL2	C57BL6	0	dorsal horn	0	26	13.92583
1772117101_B10	MFOL2	C57BL6	0	dorsal horn	0	NaN	13.55389
1772117103_E08	MFOL2	C57BL6	0	dorsal horn	0	NaN	9.92188
1772117103_B11	MFOL2	C57BL6	0	dorsal horn	0	NaN	12.09075
1772096140_D12	MFOL2	C57BL6	0	hypothalamus	1	19	10.78565
1772096138_E02	MFOL2	C57BL6	0	hypothalamus	1	19	10.31399
1772078018_E10	MFOL2	C57BL6	0	hypothalamus	-1	27	11.6026
1772117101_F10	MFOL2	C57BL6	0	dorsal horn	0	NaN	10.30747
1772099015_C05	MFOL2	C57BL6	0	dorsal horn	1	NaN	10.89112
1772089199_G04	MFOL2	CD-1	0	SN-VTA	-1	23	10.1298
1772099043_B06	MFOL2	C57BL6	0	dorsal horn	-1	NaN	9.219279
1772096156_D09	MFOL2	CD-1	0	SN-VTA	-1	26	9.45691
1772062111_D09	MFOL2	CD-1	0	cortex S1	1	24	12.56529
1772096134_H11	MFOL2	C57BL6	0	hypothalamus	-1	25	9.605069
1862091020_D10	MFOL2	CD-1	0	Amygdala	1	22	11.87187
1862091030_H01	MFOL2	CD-1	0	Amygdala	-1	26	12.4416
1772096151_F10	MFOL2	CD-1	0	SN-VTA	-1	25	10.0096
1772099046_D07	MFOL2	CD-1	0	SN-VTA	-1	21	11.53868
1772092012_B01	MFOL2	C57BL6	0	hypothalamus	1	28	9.82654
1772099084_C08	MFOL2	CD-1	0	ZonaIncerta	-1	19	11.14742
1772078013_G07	MFOL2	C57BL6	0	hypothalamus	-1	25	9.996151
1862091032_H05	MFOL2	CD-1	0	Amygdala	-1	26	9.928655
1862091110_A06	MFOL2	CD-1	0	Amygdala	1	24	9.79913
1772099091_E10	MFOL2	C57BL6	0	dorsal horn	0	20	10.48213
1772089190_E12	MFOL2	C57BL6	0	hypothalamus	-1	27	9.562972
1772099049_H04	MFOL2	CD-1	0	Amygdala	1	26	9.605069
1772092309_A12	MFOL2	5HT3A-EGFP	0	striatum	1	22	12.5224
1772096088_C09	MFOL2	CD-1	0	SN-VTA	-1	20	11.26742
1772082031_A03	MFOL2	BL6-GAD67/TOMATO/SST-CRE	0	cortex S1	-1	28	0
1772078013_B02	MFOL2	C57BL6	0	hypothalamus	-1	25	6.948413
1772094135_E03	MFOL2	CD-1	0	SN-VTA	1	19	14.01247
1772099070_B01	MFOL2	CD-1	0	ZonaIncerta	1	19	12.33303
1772099072_A05	MFOL2	CD-1	0	ZonaIncerta	1	19	11.26742
1772092008_F11	MFOL2	C57BL6	0	hypothalamus	1	29	7.882417
1772125088_H03	MFOL2	PDGFRA-CRE	1	corpus callosum	-1	22	7.063589
1772096132_H06	MFOL2	C57BL6	0	hypothalamus	-1	24	8.654979
1772092010_C04	MFOL2	C57BL6	0	hypothalamus	-1	29	9.65395
1772096094_A06	MFOL2	CD-1	0	SN-VTA	1	21	9.996151
1772117028_C08	MFOL2	PDGFRA-CRE	1	corpus callosum	-1	61	10.50776
1772099071_B10	MFOL2	CD-1	0	ZonaIncerta	1	19	11.11117
1772092009_E01	MFOL2	C57BL6	0	hypothalamus	1	29	8.831865
1772099071_B12	MFOL2	CD-1	0	ZonaIncerta	1	19	8.937821
1772099080_G11	MFOL2	CD-1	0	ZonaIncerta	1	22	10.74192
1772099030_F10	MFOL2	CD-1	0	ZonaIncerta	1	20	10.10321
1772096151_E06	MFOL2	CD-1	0	SN-VTA	-1	25	9.894734
1772096099_B01	MFOL2	C57BL6	0	hypothalamus	-1	23	9.527749
1772099033_F01	MFOL2	CD-1	0	ZonaIncerta	1	20	12.67187
1772078016_H02	MFOL2	C57BL6	0	hypothalamus	-1	25	9.577025
1772096094_F01	MFOL2	CD-1	0	SN-VTA	-1	21	11.68921
1862091036_C02	MFOL2	CD-1	0	Amygdala	-1	25	11.7466
1772092318_C05	MFOL2	5HT3A-EGFP	0	striatum	1	23	10.92195
1862091032_F10	MFOL2	CD-1	0	Amygdala	-1	26	10.75444
1772099014_C01	MFOL2	C57BL6	0	dorsal horn	-1	NaN	12.73538
1772096103_F07	MFOL2	C57BL6	0	hypothalamus	-1	24	9.65395
1772096138_G02	MFOL2	C57BL6	0	hypothalamus	1	19	10.51415
1772092266_H06	MFOL2	CD-1	0	DentGyr	1	23	9.584043
1772089194_E05	MFOL2	C57BL6	0	hypothalamus	-1	25	9.335249
1862091053_B03	MFOL2	CD-1	0	Amygdala	-1	25	12.00143
1772063079_C10	MFOL2	CD-1	0	cortex S1	1	28	11.17152
1772096094_B05	MFOL2	CD-1	0	SN-VTA	-1	21	9.364018
1772099015_D07	MFOL2	C57BL6	0	dorsal horn	1	NaN	12.30574
1772078016_B03	MFOL2	C57BL6	0	hypothalamus	-1	25	10.83541
1772099002_C07	MFOL2	CD-1	0	SN-VTA	1	23	9.049968
1772096101_G04	MFOL2	C57BL6	0	hypothalamus	-1	23	9.681771
1772096145_E10	MFOL2	C57BL6	0	hypothalamus	-1	29	8.553382
1772092295_D02	MFOL2	LHX6ICRERFP	0	striatum	-1	25	9.778522
1771017151_G09	MFOL2	PDGFRA-GFP	1	hippo CA1	0	22	5.537399
1862091021_E12	MFOL2	CD-1	0	Amygdala	1	22	10.78565
1772096103_D05	MFOL2	C57BL6	0	hypothalamus	-1	24	9.277445
1772078019_B04	MFOL2	C57BL6	0	hypothalamus	-1	27	8.770744
1772092296_D12	MFOL2	LHX6ICRERFP	0	striatum	-1	25	10.3725
1772092308_C09	MFOL2	5HT3A-EGFP	0	striatum	1	22	10.3725
1772096083_E12	MFOL2	CD-1	0	SN-VTA	1	19	10.3984
1772089201_H06	MFOL2	CD-1	0	SN-VTA	0	21	9.116595
1772099154_F07	MFOL2	C57BL6	0	dorsal horn	1	18	10.60965
1772099046_F08	MFOL2	CD-1	0	SN-VTA	-1	21	10.78565
1772092008_D03	MFOL2	C57BL6	0	hypothalamus	1	29	9.527749
1772067059_F05	MFOL2	5HT3A-EGFP	0	hippo CA1	-1	23	9.079641
1772094131_F01	MFOL2	CD-1	0	DentGyr	1	24	9.012741
1772099030_E04	MFOL2	CD-1	0	ZonaIncerta	-1	20	10.63497
1772096092_A05	MFOL2	CD-1	0	SN-VTA	1	21	9.605069
1772092011_G10	MFOL2	C57BL6	0	hypothalamus	-1	29	11.29126
1772078024_B06	MFOL2	5HT3A-EGFP	0	striatum	1	27	8.816624
1772094136_E01	MFOL2	CD-1	0	SN-VTA	1	21	11.44506
1772078030_F01	MFOL2	C57BL6	0	hypothalamus	1	22	9.591057
1772099070_A10	MFOL2	CD-1	0	ZonaIncerta	-1	19	10.79812
1772096138_D09	MFOL2	C57BL6	0	hypothalamus	1	19	9.464018
1772092296_G12	MFOL2	LHX6ICRERFP	0	striatum	-1	25	9.233855
1772096102_D12	MFOL2	C57BL6	0	hypothalamus	-1	23	11.32694
1772099003_C11	MFOL2	CD-1	0	SN-VTA	1	23	10.50776
1772096132_G10	MFOL2	C57BL6	0	hypothalamus	-1	24	12.71425
1772078024_A12	MFOL2	5HT3A-EGFP	0	striatum	1	27	10.14306
1772096096_B04	MFOL2	C57BL6	0	hypothalamus	-1	22	9.175412
1772094125_F08	MFOL2	CD-1	0	DentGyr	1	22	10.61599
1772099001_G02	MFOL2	CD-1	0	SN-VTA	-1	21	11.24352
1772099155_C08	MFOL2	C57BL6	0	dorsal horn	1	18	12.382
1862091032_A07	MFOL2	CD-1	0	Amygdala	-1	26	11.26145
1862091045_G08	MFOL2	CD-1	0	Amygdala	1	24	9.646982
1772096100_B04	MFOL2	C57BL6	0	hypothalamus	-1	23	11.2495
1771051147_E04	MFOL2	PDGFRA-CRE	1	corpus callosum	-1	21	11.67194
1771051147_B05	MFOL2	PDGFRA-CRE	1	corpus callosum	-1	21	5.844607
1771051147_D05	MFOL2	PDGFRA-CRE	1	corpus callosum	-1	21	6.742125
1771051147_A09	MFOL2	PDGFRA-CRE	1	corpus callosum	-1	21	5.225002
1772125080_G03	MFOL2	PDGFRA-CRE	1	corpus callosum	-1	22	8.569091
1772117151_H08	MFOL2	C57BL6	0	dorsal horn	0	19	15.80317
1772117154_A05	MFOL2	C57BL6	0	dorsal horn	0	19	9.819695
1772117055_E03	MFOL2	C57BL6	0	dorsal horn	0	28	10.7294
1772117104_E12	MFOL2	C57BL6	0	dorsal horn	0	NaN	11.29126
1772117108_D12	MFOL2	C57BL6	0	dorsal horn	0	NaN	9.555938
1772072242_A01	MFOL2	C57BL6	0	dorsal horn	-1	NaN	9.29193
1772094121_G05	MFOL2	CD-1	0	DentGyr	1	22	8.059572
1772099038_E05	MFOL2	CD-1	0	ZonaIncerta	-1	22	8.877429
1772099015_E03	MFOL2	C57BL6	0	dorsal horn	1	NaN	9.534804
1772096149_E10	MFOL2	CD-1	0	SN-VTA	0	25	11.12327
1772096099_C01	MFOL2	C57BL6	0	hypothalamus	-1	23	10.13643
1772099086_C12	MFOL2	CD-1	0	ZonaIncerta	-1	22	9.492395
1772099302_D02	MFOL2	C57BL6	0	dorsal horn	0	NaN	10.20914
1772092318_C11	MFOL2	5HT3A-EGFP	0	striatum	1	23	9.577025
1772075310_H08	MFOL2	C57BL6	0	hypothalamus	-1	21	9.378369
1772099037_B10	MFOL2	CD-1	0	ZonaIncerta	-1	21	10.25514
1771017035_C06	MFOL2	PDGFRA-GFP	0	cortex S1	1	90	10.1298
1772096152_E05	MFOL2	CD-1	0	SN-VTA	-1	26	11.5445
1772096083_D08	MFOL2	CD-1	0	SN-VTA	1	19	8.975359
1772099014_E12	MFOL2	C57BL6	0	dorsal horn	-1	NaN	10.20914
1772096099_A10	MFOL2	C57BL6	0	hypothalamus	-1	23	10.04982
1772094153_B03	MFOL2	LHX6ICRERFP	0	striatum	-1	28	9.44
1772117156_H01	MFOL2	C57BL6	0	dorsal horn	0	19	11.76376
1772062113_E07	MFOL2	CD-1	0	cortex S1	-1	26	10.09655
1772099035_E07	MFOL2	CD-1	0	ZonaIncerta	-1	21	12.59736
1772117055_B12	MFOL2	C57BL6	0	dorsal horn	0	28	12.66656
1772099304_B09	MFOL2	C57BL6	0	dorsal horn	0	NaN	12.12407
1772092308_D05	MFOL2	5HT3A-EGFP	1	striatum	1	22	10.24859
1772117100_B05	MFOL2	C57BL6	0	dorsal horn	0	NaN	13.09464
1772117057_B05	MFOL2	C57BL6	0	dorsal horn	0	27	10.52055
1772099001_E05	MFOL2	CD-1	0	SN-VTA	-1	21	11.59101
1772092003_C05	MFOL2	CD-1	0	SN-VTA	-1	20	10.85402
1772078028_G08	MFOL2	C57BL6	0	hypothalamus	1	22	11.39206
1772089201_B02	MFOL2	CD-1	0	SN-VTA	-1	21	13.52906
1772096094_H02	MFOL2	CD-1	0	SN-VTA	-1	21	10.07655
1772096156_E05	MFOL2	CD-1	0	SN-VTA	1	26	10.20255
1772099044_B04	MFOL2	C57BL6	0	dorsal horn	0	NaN	10.64129
1772063063_D07	MFOL2	5HT3A-EGFP	0	cortex S1	-1	21	8.224744
1862091051_F02	MFOL2	CD-1	0	Amygdala	-1	25	8.092876
1862091048_C08	MFOL2	CD-1	0	Amygdala	1	24	9.385536
1772099015_H12	MFOL2	C57BL6	0	dorsal horn	1	NaN	11.71794
1772092296_D07	MFOL2	LHX6ICRERFP	0	striatum	-1	25	8.678256
1772117158_F09	MFOL2	C57BL6	0	dorsal horn	0	19	9.123968
1772117159_F12	MFOL2	C57BL6	0	dorsal horn	0	20	11.29722
1772099301_F05	MFOL2	C57BL6	0	dorsal horn	0	NaN	9.853874
1772099046_F01	MFOL2	CD-1	0	SN-VTA	-1	21	12.26194
1772117104_B01	MFOL2	C57BL6	0	dorsal horn	0	NaN	10.23546
1772092008_A07	MFOL2	C57BL6	0	hypothalamus	1	29	7.204968
1772096151_A04	MFOL2	CD-1	0	SN-VTA	0	25	10.66654
1771051147_F07	MFOL2	PDGFRA-CRE	1	corpus callosum	-1	21	9.785396
1772062116_H06	MFOL2	CD-1	0	cortex S1	1	22	12.68778
1772096108_H01	MFOL2	CD-1	0	SN-VTA	1	24	10.95883
1772096162_A08	MFOL2	C57BL6	0	hypothalamus	-1	27	10.50136
1772096152_F01	MFOL2	CD-1	0	SN-VTA	-1	26	10.7294
1772084018_H08	MFOL2	CD-1	0	SN-VTA	-1	24	9.97595
1772096094_H08	MFOL2	CD-1	0	SN-VTA	1	21	9.935425
1772072240_B05	MFOL2	C57BL6	0	dorsal horn	-1	NaN	10.5397
1772099070_D06	MFOL2	CD-1	0	ZonaIncerta	-1	19	12.15177
1772096108_D04	MFOL2	CD-1	0	SN-VTA	-1	24	8.763074
1772096152_B10	MFOL2	CD-1	0	SN-VTA	-1	26	10.71058
1772084018_C06	MFOL2	CD-1	0	SN-VTA	-1	24	10.04982
1772099071_D12	MFOL2	CD-1	0	ZonaIncerta	1	19	10.77942
1772099305_D03	MFOL2	C57BL6	0	dorsal horn	0	NaN	10.91579
1772096085_E08	MFOL2	CD-1	0	SN-VTA	1	19	12.25097
1772099090_A06	MFOL2	C57BL6	0	dorsal horn	0	20	12.07405
1772117103_D03	MFOL2	C57BL6	0	dorsal horn	0	NaN	12.04618
1772066101_H08	MFOL2	CD-1	0	hippo CA1	1	24	0
1772099040_F12	MFOL2	C57BL6	0	dorsal horn	-1	NaN	8.740023
1772092009_D06	MFOL2	C57BL6	0	hypothalamus	1	29	8.740023
1772092013_G02	MFOL2	C57BL6	0	hypothalamus	1	28	6.467235
1772094143_H07	MFOL2	CD-1	0	SN-VTA	1	24	10.0096
1772092284_D05	MFOL2	CD-1	0	DentGyr	-1	25	9.541854
1772096135_B06	MFOL2	C57BL6	0	hypothalamus	-1	25	11.92274
1772078022_B01	MFOL2	C57BL6	0	hypothalamus	-1	27	10.24202
1772096100_G05	MFOL2	C57BL6	0	hypothalamus	-1	23	9.881133
1772099301_A09	MFOL2	C57BL6	0	dorsal horn	0	NaN	10.08989
1772117111_G07	MFOL2	C57BL6	0	dorsal horn	0	26	14.12242
1862091022_C04	MFOL2	CD-1	0	Amygdala	-1	22	10.06988
1772099080_C07	MFOL2	CD-1	0	ZonaIncerta	1	22	8.778407
1772094135_C01	MFOL2	CD-1	0	SN-VTA	1	19	11.61419
1772099041_D12	MFOL2	C57BL6	0	dorsal horn	-1	NaN	9.744078
1772117159_D06	MFOL2	C57BL6	0	dorsal horn	0	20	13.71172
1862091028_A12	MFOL2	CD-1	0	Amygdala	1	27	11.47439
1772096152_G04	MFOL2	CD-1	0	SN-VTA	1	26	12.06848
1772099154_A03	MFOL2	C57BL6	0	dorsal horn	1	18	7.28848
1772099194_B12	MFOL2		0	DentGyr	1	67	9.219279
1862091037_A10	MFOL2	CD-1	0	Amygdala	-1	25	9.901527
1772066098_D10	MFOL2	CD-1	0	hippo CA1	-1	26	10.30094
1772089194_C11	MFOL2	C57BL6	0	hypothalamus	-1	25	7.831065
1772099012_A04	MFOL2	CD-1	0	SN-VTA	1	24	11.77519
1772096106_G04	MFOL2	CD-1	0	SN-VTA	-1	24	9.702585
1862091113_H03	MFOL2	CD-1	0	Amygdala	1	24	11.38615
1772096087_C11	MFOL2	CD-1	0	SN-VTA	-1	20	11.08087
1772096100_E10	MFOL2	C57BL6	0	hypothalamus	-1	23	12.66125
1772084018_H04	MFOL2	CD-1	0	SN-VTA	1	24	9.492395
1772096152_A08	MFOL2	CD-1	0	SN-VTA	1	26	10.68544
1772096117_B01	MFOL2	CD-1	0	SN-VTA	-1	26	8.892566
1862091029_B11	MFOL2	CD-1	0	Amygdala	1	27	10.94041
1862091114_B04	MFOL2	CD-1	0	Amygdala	1	21	11.65465
1772096100_A01	MFOL2	C57BL6	0	hypothalamus	-1	23	11.06873
1772078024_E11	MFOL2	5HT3A-EGFP	0	striatum	1	27	11.6431
1862091024_C10	MFOL2	CD-1	0	Amygdala	1	27	13.22239
1772099044_A01	MFOL2	C57BL6	0	dorsal horn	-1	NaN	9.101831
1772075305_H11	MFOL2	C57BL6	0	hypothalamus	-1	21	10.10321
1772092276_A12	MFOL2	CD-1	0	SN-VTA	-1	27	13.78509
1772094135_C07	MFOL2	CD-1	0	SN-VTA	1	19	9.764759
1772094125_D10	MFOL2	CD-1	0	DentGyr	1	22	9.812845
1772096084_B03	MFOL2	CD-1	0	SN-VTA	1	19	11.92837
1772096100_E11	MFOL2	C57BL6	0	hypothalamus	-1	23	8.839475
1772099034_F10	MFOL2	CD-1	0	ZonaIncerta	-1	21	10.84782
1772092276_D04	MFOL2	CD-1	0	SN-VTA	-1	27	11.26145
1772117159_E05	MFOL2	C57BL6	0	dorsal horn	0	20	13.04318
1772117100_C12	MFOL2	C57BL6	0	dorsal horn	0	NaN	11.87753
1772092308_D06	MFOL2	5HT3A-EGFP	0	striatum	1	22	11.32694
1772092314_B08	MFOL2	CD-1	0	DentGyr	-1	25	10.60331
1772066110_F08	MFOL2	CD-1	0	hippo CA1	1	23	17.48389
1772075304_G11	MFOL2	C57BL6	0	hypothalamus	-1	21	7.865337
1772078029_H10	MFOL2	C57BL6	0	hypothalamus	1	22	11.47439
1772117103_H04	MFOL2	C57BL6	0	dorsal horn	0	NaN	12.67187
1772099010_E03	MFOL2	CD-1	0	SN-VTA	-1	24	7.674949
1772096085_E02	MFOL2	CD-1	0	SN-VTA	1	19	11.64888
1772099200_A07	MFOL2		0	DentGyr	1	68	12.3112
1772096133_B12	MFOL2	C57BL6	0	hypothalamus	-1	25	12.85102
1772096128_H12	MFOL2	C57BL6	0	hypothalamus	-1	29	10.48854
1772096173_C09	MFOL2	C57BL6	0	hypothalamus	-1	28	10.48854
1862091052_A01	MFOL2	CD-1	0	Amygdala	-1	25	11.70646
1772099302_E03	MFOL2	C57BL6	0	dorsal horn	0	NaN	9.881133
1772117156_E02	MFOL2	C57BL6	0	dorsal horn	0	19	11.49781
1772117108_B01	MFOL2	C57BL6	0	dorsal horn	0	NaN	9.847048
1772099301_D04	MFOL2	C57BL6	0	dorsal horn	0	NaN	10.10986
1772099001_H01	MFOL2	CD-1	0	SN-VTA	-1	21	8.584771
1862091118_C07	MFOL2	CD-1	0	Amygdala	1	21	11.06265
1772094135_E09	MFOL2	CD-1	0	SN-VTA	1	19	10.40486
1772099012_E06	MFOL2	CD-1	0	SN-VTA	-1	24	10.8973
1771051147_G05	MFOL2	PDGFRA-CRE	1	corpus callosum	-1	21	8.092877
1772099091_E03	MFOL2	C57BL6	0	dorsal horn	0	20	12.40371
1772096154_B10	MFOL2	CD-1	0	SN-VTA	1	26	11.11722
1772096141_C04	MFOL2	C57BL6	0	hypothalamus	1	19	12.81959
1772099027_H06	MFOL2	CD-1	0	Amygdala	1	29	9.778522
1772099045_G09	MFOL2	CD-1	0	SN-VTA	-1	21	11.8662
1772096099_C04	MFOL2	C57BL6	0	hypothalamus	-1	23	9.513623
1772096148_H03	MFOL2	CD-1	0	SN-VTA	-1	24	7.251482
1772078029_G10	MFOL2	C57BL6	0	hypothalamus	1	22	9.284691
1772099153_A06	MFOL2	C57BL6	0	dorsal horn	1	18	11.03831
1772117160_C10	MFOL2	C57BL6	0	dorsal horn	0	20	9.969208
1772117161_A12	MFOL2	C57BL6	0	dorsal horn	0	20	8.142577
1772096083_D09	MFOL2	CD-1	0	SN-VTA	1	19	8.623846
1772092290_D09	MFOL2	CD-1	0	DentGyr	-1	21	13.39419
1772096148_G12	MFOL2	CD-1	0	SN-VTA	1	24	10.64129
1862091045_A12	MFOL2	CD-1	0	Amygdala	1	24	13.05349
1772096101_D11	MFOL2	C57BL6	0	hypothalamus	-1	23	9.313615
1772089200_D01	MFOL2	CD-1	0	SN-VTA	-1	21	15.31481
1772099011_B04	MFOL2	CD-1	0	SN-VTA	-1	24	11.67194
1772084017_H12	MFOL2	C57BL6	0	hypothalamus	1	24	11.21358
1772096148_C03	MFOL2	CD-1	0	SN-VTA	1	24	9.612067
1772096133_D10	MFOL2	C57BL6	0	hypothalamus	-1	25	11.64888
1772096110_D01	MFOL2	CD-1	0	SN-VTA	-1	24	8.370613
1772096108_G11	MFOL2	CD-1	0	SN-VTA	-1	24	11.49781
1772071041_G10	MFOL2	CD-1	0	cortex S1	-1	23	11.36842
1772096150_G12	MFOL2	CD-1	0	SN-VTA	-1	25	9.378369
1772099093_H11	MFOL2	C57BL6	0	dorsal horn	0	20	11.64887
1772099196_D08	MFOL2		0	DentGyr	1	67	10.20255
1772099042_A12	MFOL2	C57BL6	0	dorsal horn	0	NaN	8.02613
1772096084_A10	MFOL2	CD-1	0	SN-VTA	1	19	10.52694
1772099008_B07	MFOL2	CD-1	0	SN-VTA	1	23	11.3625
1772067060_A02	MFOL2	5HT3A-EGFP	0	hippo CA1	-1	23	10.59697
1772092010_H12	MFOL2	C57BL6	0	hypothalamus	-1	29	9.371196
1772099030_B07	MFOL2	CD-1	0	ZonaIncerta	1	20	10.11651
1772099047_H10	MFOL2	CD-1	0	SN-VTA	0	21	14.23623
1772099001_B03	MFOL2	CD-1	0	SN-VTA	-1	21	11.7866
1772096138_A05	MFOL2	C57BL6	0	hypothalamus	1	19	10.69801
1772089188_G04	MFOL2	C57BL6	0	hypothalamus	-1	27	10.43713
1772096086_B05	MFOL2	CD-1	0	SN-VTA	1	20	10.85402
1772092011_D02	MFOL2	C57BL6	0	hypothalamus	-1	29	11.12931
1772099008_C04	MFOL2	CD-1	0	SN-VTA	1	23	8.101181
1772096084_C06	MFOL2	CD-1	0	SN-VTA	1	19	11.09906
1772099008_G06	MFOL2	CD-1	0	SN-VTA	1	23	10.89112
1772078017_D12	MFOL2	C57BL6	0	hypothalamus	-1	25	8.793714
1772096099_B05	MFOL2	C57BL6	0	hypothalamus	-1	23	10.80434
1772096103_F08	MFOL2	C57BL6	0	hypothalamus	-1	24	9.96246
1772096083_G03	MFOL2	CD-1	0	SN-VTA	1	19	9.45691
1862091022_A08	MFOL2	CD-1	0	Amygdala	1	22	11.23754
1772096110_D03	MFOL2	CD-1	0	SN-VTA	-1	24	10.37898
1772117156_C04	MFOL2	C57BL6	0	dorsal horn	0	19	10.18276
1772096094_D03	MFOL2	CD-1	0	SN-VTA	1	21	11.82078
1772099044_D08	MFOL2	C57BL6	0	dorsal horn	-1	NaN	9.005277
1772117160_D08	MFOL2	C57BL6	0	dorsal horn	0	20	12.47937
1772099038_F04	MFOL2	CD-1	0	ZonaIncerta	1	22	10.82921
1772099046_H01	MFOL2	CD-1	0	SN-VTA	-1	21	11.43918
1772067076_B09	MFOL2	5HT3A-EGFP	0	hippo CA1	1	26	11.01391
1772092011_G05	MFOL2	C57BL6	0	hypothalamus	-1	29	10.89112
1862091052_H08	MFOL2	CD-1	0	Amygdala	-1	25	9.894734
1772117158_E01	MFOL2	C57BL6	0	dorsal horn	0	19	9.96246
1772096146_E06	MFOL2	CD-1	0	SN-VTA	1	24	11.37433
1772089199_D08	MFOL2	CD-1	0	SN-VTA	-1	23	12.382
1772096162_H01	MFOL2	C57BL6	0	hypothalamus	-1	27	10.81678
1771051147_D12	MFOL2	PDGFRA-CRE	1	corpus callosum	-1	21	9.819695
1772125090_G03	MFOL2	PDGFRA-CRE	1	corpus callosum	-1	22	14.13193
1772096116_E03	MFOL2	CD-1	0	SN-VTA	1	26	10.22888
1771051164_H02	MOL5	PDGFRA-CRE	1	cortex S1	1	61	7.082602
1772117059_F06	MOL5	C57BL6	0	dorsal horn	0	27	7.967268
1772117014_D01	MOL5	PDGFRA-CRE	1	corpus callosum	1	60	8.059573
1771051163_A04	MOL5	PDGFRA-CRE	1	cortex S1	1	61	10.92811
1772117154_G12	MOL5	C57BL6	0	dorsal horn	0	19	10.90963
1772099298_G10	MOL5	C57BL6	0	dorsal horn	0	NaN	11.82078
1772099014_B12	MOL5	C57BL6	0	dorsal horn	-1	NaN	12.00704
1772099314_F10	MOL5	C57BL6	0	dorsal horn	1	22	12.12407
1772099041_F04	MOL5	C57BL6	0	dorsal horn	-1	NaN	9.255676
1772096148_B07	MOL5	CD-1	0	SN-VTA	-1	24	8.537644
1772117103_B04	MOL5	C57BL6	0	dorsal horn	0	NaN	10.39193
1772096148_H04	MOL5	CD-1	0	SN-VTA	1	24	9.45691
1772117124_C04	MOL5	C57BL6	0	dorsal horn	0	27	13.78997
1772099302_C08	MOL5	C57BL6	0	dorsal horn	0	NaN	10.01631
1772062109_H02	MOL5	CD-1	0	cortex S1	1	22	10.8973
1772099298_C08	MOL5	C57BL6	0	dorsal horn	0	NaN	10.40486
1772096126_H11	MOL5	C57BL6	0	hypothalamus	-1	21	11.03221
1772099301_C02	MOL5	C57BL6	0	dorsal horn	0	NaN	12.40912
1772099298_D06	MOL5	C57BL6	0	dorsal horn	0	NaN	9.399854
1772117055_D04	MOL5	C57BL6	0	dorsal horn	0	28	11.13535
1772092008_B12	MOL5	C57BL6	0	hypothalamus	1	29	11.06265
1772062115_G12	MOL5	CD-1	0	cortex S1	-1	28	10.2617
1772117096_D10	MOL5	C57BL6	0	dorsal horn	0	26	10.35303
1772117097_C08	MOL5	C57BL6	0	dorsal horn	0	26	12.58133
1772072242_C05	MOL5	C57BL6	0	dorsal horn	-1	NaN	7.569082
1772117055_E04	MOL5	C57BL6	0	dorsal horn	0	28	10.32051
1772092008_H02	MOL5	C57BL6	0	hypothalamus	1	29	6.234295
1772099040_H12	MOL5	C57BL6	0	dorsal horn	-1	NaN	7.111027
1862091023_A07	MOL5	CD-1	0	Amygdala	1	27	8.922761
1772099043_A08	MOL5	C57BL6	0	dorsal horn	-1	NaN	8.466463
1772072240_H10	MOL5	C57BL6	0	dorsal horn	-1	NaN	0
1772096131_A08	MOL5	C57BL6	0	hypothalamus	-1	29	7.7534
1772117111_D02	MOL5	C57BL6	0	dorsal horn	0	26	12.23449
1772117123_E10	MOL5	C57BL6	0	dorsal horn	0	26	9.723354
1772117057_C07	MOL5	C57BL6	0	dorsal horn	0	27	10.2617
1772072242_B09	MOL5	C57BL6	0	dorsal horn	-1	NaN	7.796643
1772117014_A05	MOL5	PDGFRA-CRE	1	corpus callosum	1	60	9.681771
1772099092_F11	MOL5	C57BL6	0	dorsal horn	0	20	11.43918
1772099040_C04	MOL5	C57BL6	0	dorsal horn	-1	NaN	8.322274
1772099011_D12	MOL5	CD-1	0	SN-VTA	-1	24	13.2934
1772117123_C05	MOL5	C57BL6	0	dorsal horn	0	26	11.74087
1772117108_C10	MOL5	C57BL6	0	dorsal horn	0	NaN	10.15631
1772117037_A11	MOL5	PDGFRA-CRE	0	cortex S1	-1	62	6.309345
1772092005_D05	MOL5	C57BL6	0	hypothalamus	-1	29	10.29441
1772062113_F12	MOL5	CD-1	0	cortex S1	-1	26	11.68346
1772117028_F10	MOL5	PDGFRA-CRE	1	corpus callosum	-1	61	9.241135
1772096149_C11	MOL5	CD-1	0	SN-VTA	0	25	8.793714
1772089194_E10	MOL5	C57BL6	0	hypothalamus	-1	25	7.015828
1772099093_H08	MOL5	C57BL6	0	dorsal horn	0	20	11.9509
1772063079_A12	MOL5	CD-1	0	cortex S1	1	28	9.47112
1772062114_A08	MOL5	CD-1	0	cortex S1	1	27	8.808994
1772067066_H05	MOL5	5HT3A-EGFP	0	cortex S1	1	25	9.819695
1772099153_D03	MOL5	C57BL6	0	dorsal horn	1	18	9.61906
1772072242_F02	MOL5	C57BL6	0	dorsal horn	-1	NaN	0
1772099298_D11	MOL5	C57BL6	0	dorsal horn	0	NaN	8.778408
1772099301_B01	MOL5	C57BL6	0	dorsal horn	0	NaN	9.853874
1772117159_F03	MOL5	C57BL6	0	dorsal horn	0	20	11.0748
1772117096_F02	MOL5	C57BL6	0	dorsal horn	0	26	7.361918
1772099010_B02	MOL5	CD-1	0	SN-VTA	1	24	11.98461
1772092264_A10	MOL5	LHX6ICRERFP	0	striatum	1	28	7.890943
1772099315_D12	MOL5	C57BL6	0	dorsal horn	1	22	10.26825
1772096151_E04	MOL5	CD-1	0	SN-VTA	-1	25	11.56778
1772096108_G04	MOL5	CD-1	0	SN-VTA	1	24	7.443669
1772096154_F06	MOL5	CD-1	0	SN-VTA	1	26	9.020199
1771051146_C12	MOL5	PDGFRA-CRE	1	corpus callosum	-1	61	6.425511
1772117015_H12	MOL5	PDGFRA-CRE	1	corpus callosum	1	60	7.639823
1772067064_G04	MOL5	5HT3A-EGFP	0	cortex S1	-1	24	8.763074
1772096110_G01	MOL5	CD-1	0	SN-VTA	-1	24	8.839475
1772096149_E06	MOL5	CD-1	0	SN-VTA	-1	25	10.81056
1772117160_B10	MOL5	C57BL6	0	dorsal horn	0	20	9.414151
1772117103_G05	MOL5	C57BL6	0	dorsal horn	0	NaN	10.0096
1772117137_E03	MOL5	C57BL6	0	dorsal horn	0	20	11.05049
1772117014_B07	MOL5	PDGFRA-CRE	1	corpus callosum	1	60	8.786064
1772117104_A12	MOL5	C57BL6	0	dorsal horn	0	NaN	11.29126
1772099092_E05	MOL5	C57BL6	0	dorsal horn	0	20	12.4416
1772117039_A01	MOL5	PDGFRA-CRE	1	corpus callosum	-1	21	8.553382
1772067092_G04	MOL5	CD-1	0	hippo CA1	1	22	8.70147
1771051146_G12	MOL5	PDGFRA-CRE	1	corpus callosum	-1	61	5.402171
1772099152_E01	MOL5	C57BL6	0	dorsal horn	1	18	12.06848
1771051167_H12	MOL5	PDGFRA-CRE	1	corpus callosum	1	60	7.28848
1772117028_A12	MOL5	PDGFRA-CRE	0	corpus callosum	-1	61	7.497674
1772067094_E11	MOL5	5HT3A-EGFP	0	hippo CA1	1	24	10.02302
1771051167_F06	MOL5	PDGFRA-CRE	1	corpus callosum	1	60	7.251483
1772117028_E10	MOL5	PDGFRA-CRE	1	corpus callosum	-1	61	9.385536
1772099298_B05	MOL5	C57BL6	0	dorsal horn	0	NaN	8.034503
1772099303_E05	MOL5	C57BL6	0	dorsal horn	0	NaN	11.61419
1772096132_E08	MOL5	C57BL6	0	hypothalamus	-1	24	10.29441
1772117097_A07	MOL5	C57BL6	0	dorsal horn	0	26	13.16123
1771051165_H12	MOL5	PDGFRA-CRE	1	corpus callosum	1	60	6.987016
1771051167_D02	MOL5	PDGFRA-CRE	1	corpus callosum	1	60	6.16924
1771051165_E09	MOL5	PDGFRA-CRE	1	corpus callosum	1	60	8.678256
1772099040_G10	MOL5	C57BL6	0	dorsal horn	0	NaN	6.880338
1772058147_C05	MOL5	?	0	hypothalamus	0	NaN	9.349645
1772096102_H04	MOL5	C57BL6	0	hypothalamus	-1	23	8.553382
1772063061_F12	MOL5	CD-1	0	cortex S1	-1	31	9.160743
1772096171_B12	MOL5	C57BL6	0	hypothalamus	-1	28	11.13535
1772062113_D12	MOL5	CD-1	0	cortex S1	-1	26	9.577025
1772089205_C04	MOL5	CD-1	0	SN-VTA	1	22	11.35066
1772096132_B06	MOL5	C57BL6	0	hypothalamus	-1	24	8.322274
1771051167_G11	MOL5	PDGFRA-CRE	1	corpus callosum	1	60	9.313615
1772117029_D09	MOL5	PDGFRA-CRE	1	corpus callosum	-1	61	5.439385
1772099039_G12	MOL5	C57BL6	0	dorsal horn	0	NaN	8.678256
1772117031_G11	MOL5	PDGFRA-CRE	1	corpus callosum	-1	61	8.167314
1772117151_F06	MOL5	C57BL6	0	dorsal horn	0	19	10.21573
1771051167_D08	MOL5	PDGFRA-CRE	1	corpus callosum	1	60	5.212116
1772099301_C12	MOL5	C57BL6	0	dorsal horn	0	NaN	8.793714
1772117059_A10	MOL5	C57BL6	0	dorsal horn	0	27	10.48854
1772125087_G03	MOL5	PDGFRA-CRE	1	corpus callosum	-1	22	9.674823
1772117057_E05	MOL5	C57BL6	0	dorsal horn	0	27	8.662745
1772092276_D09	MOL5	CD-1	0	SN-VTA	-1	27	11.40385
1772062115_A06	MOL5	CD-1	0	cortex S1	-1	28	9.9151
1772099042_A02	MOL5	C57BL6	0	dorsal horn	0	NaN	8.686001
1772089194_A03	MOL5	C57BL6	0	hypothalamus	-1	25	8.289892
1772092314_D03	MOL5	CD-1	0	DentGyr	-1	25	9.730267
1772096099_A04	MOL5	C57BL6	0	hypothalamus	-1	23	7.907968
1772078019_G11	MOL5	C57BL6	0	hypothalamus	-1	27	8.952855
1772096108_B03	MOL5	CD-1	0	SN-VTA	-1	24	7.779374
1862091053_A03	MOL5	CD-1	0	Amygdala	-1	25	8.101181
1772072242_C07	MOL5	C57BL6	0	dorsal horn	-1	NaN	9.22657
1772062115_E07	MOL5	CD-1	0	cortex S1	-1	28	9.948952
1772063063_E02	MOL5	5HT3A-EGFP	0	cortex S1	1	21	10.30094
1772092010_D12	MOL5	C57BL6	0	hypothalamus	-1	29	9.75787
1772092010_E07	MOL5	C57BL6	0	hypothalamus	-1	29	9.22657
1772099298_E08	MOL5	C57BL6	0	dorsal horn	0	NaN	11.52118
1772117057_E12	MOL5	C57BL6	0	dorsal horn	0	27	9.76476
1772117059_A03	MOL5	C57BL6	0	dorsal horn	0	27	9.527749
1772117059_E10	MOL5	C57BL6	0	dorsal horn	0	27	10.98335
1772096102_H06	MOL5	C57BL6	0	hypothalamus	-1	23	7.657406
1772089201_A12	MOL5	CD-1	0	SN-VTA	1	21	9.948952
1772060224_H11	MOL5	CD-1	0	cortex S1	1	24	6.987016
1772117029_H04	MOL5	PDGFRA-CRE	1	corpus callosum	-1	61	6.529322
1772096156_C07	MOL5	CD-1	0	SN-VTA	1	26	9.555938
1772063074_A12	MOL5	CD-1	0	cortex S1	1	27	8.816624
1772117111_F03	MOL5	C57BL6	0	dorsal horn	0	26	11.88885
1772099009_F07	MOL5	CD-1	0	SN-VTA	1	24	12.24548
1772117096_H05	MOL5	C57BL6	0	dorsal horn	0	26	9.29193
1772099304_F12	MOL5	C57BL6	0	dorsal horn	0	NaN	8.862267
1772099298_A02	MOL5	C57BL6	0	dorsal horn	0	NaN	10.7294
1772096133_C11	MOL5	C57BL6	0	hypothalamus	-1	25	9.881133
1772099302_H05	MOL5	C57BL6	0	dorsal horn	0	NaN	11.44506
1772117111_H06	MOL5	C57BL6	0	dorsal horn	0	26	12.08519
1772099042_E04	MOL5	C57BL6	0	dorsal horn	-1	NaN	7.967268
1772063070_G01	MOL5	CD-1	0	cortex S1	-1	27	10.84162
1772117107_C01	MOL5	C57BL6	0	dorsal horn	0	NaN	11.9509
1772096108_C10	MOL5	CD-1	0	SN-VTA	0	24	8.869852
1772117099_A12	MOL5	C57BL6	0	dorsal horn	0	NaN	11.51535
1772099092_G05	MOL5	C57BL6	0	dorsal horn	0	20	10.41778
1772117108_D06	MOL5	C57BL6	0	dorsal horn	0	NaN	10.25514
1772063064_E03	MOL5	5HT3A-EGFP	0	cortex S1	1	20	10.07655
1772117101_G04	MOL5	C57BL6	0	dorsal horn	0	NaN	14.62302
1772099040_D06	MOL5	C57BL6	0	dorsal horn	-1	NaN	8.092876
1772060224_B05	MOL5	CD-1	0	cortex S1	1	24	10.74192
1771051164_B03	MOL5	PDGFRA-CRE	1	cortex S1	1	61	5.992307
1771051165_C03	MOL5	PDGFRA-CRE	1	corpus callosum	1	60	7.148752
1772092265_B05	MOL5	LHX6ICRERFP	0	striatum	1	28	10.95269
1771051165_F08	MOL5	PDGFRA-CRE	1	corpus callosum	1	60	7.214296
1772078030_B01	MOL5	C57BL6	0	hypothalamus	1	22	7.371046
1771051164_D01	MOL5	PDGFRA-CRE	1	cortex S1	1	61	6.702112
1771051165_D05	MOL5	PDGFRA-CRE	1	corpus callosum	1	60	7.796643
1772099083_C11	MOL5	CD-1	0	ZonaIncerta	-1	22	7.709914
1772062111_B02	MOL5	CD-1	0	cortex S1	1	24	12.01823
1772084018_F06	MOL5	CD-1	0	SN-VTA	1	24	7.822474
1772117055_G10	MOL5	C57BL6	0	dorsal horn	0	28	9.894734
1772117103_A03	MOL5	C57BL6	0	dorsal horn	0	NaN	10.14969
1772067059_A01	MOL5	5HT3A-EGFP	0	hippo CA1	-1	23	11.8945
1772099042_C12	MOL5	C57BL6	0	dorsal horn	0	NaN	7.452697
1772099043_B10	MOL5	C57BL6	0	dorsal horn	-1	NaN	7.577961
1772117111_C10	MOL5	C57BL6	0	dorsal horn	0	26	9.989422
1772117028_F02	MOL5	PDGFRA-CRE	1	corpus callosum	-1	61	7.542384
1772117037_G07	MOL5	PDGFRA-CRE	1	cortex S1	-1	62	8.537644
1772096136_H01	MOL5	C57BL6	0	hypothalamus	-1	25	8.126044
1772096145_E12	MOL5	C57BL6	0	hypothalamus	-1	29	8.076241
1771051167_A05	MOL5	PDGFRA-CRE	1	corpus callosum	1	60	7.967268
1772117031_B02	MOL5	PDGFRA-CRE	0	corpus callosum	-1	61	5.890447
1771051167_G03	MOL5	PDGFRA-CRE	1	corpus callosum	1	60	6.560145
1772099003_A04	MOL5	CD-1	0	SN-VTA	-1	23	10.18276
1772099092_A05	MOL5	C57BL6	0	dorsal horn	0	20	9.881133
1772096144_E12	MOL5	C57BL6	0	hypothalamus	-1	27	7.907968
1772117137_G01	MOL5	C57BL6	0	dorsal horn	0	20	11.36842
1772067054_A06	MOL5	5HT3A-EGFP	0	hippo CA1	-1	26	10.90347
1772072240_F08	MOL5	C57BL6	0	dorsal horn	0	NaN	8.232916
1772117123_F08	MOL5	C57BL6	0	dorsal horn	0	26	14.81489
1772117107_E04	MOL5	C57BL6	0	dorsal horn	0	NaN	10.95883
1772099043_C03	MOL5	C57BL6	0	dorsal horn	-1	NaN	7.586829
1772096162_D12	MOL5	C57BL6	0	hypothalamus	-1	27	10.28788
1772072240_H06	MOL5	C57BL6	0	dorsal horn	0	NaN	0
1772072240_F12	MOL5	C57BL6	0	dorsal horn	-1	NaN	9.182738
1772072240_G02	MOL5	C57BL6	0	dorsal horn	0	NaN	9.042535
1772062114_B12	MOL5	CD-1	0	cortex S1	1	27	9.660913
1772099039_A12	MOL5	C57BL6	0	dorsal horn	0	NaN	7.613372
1772096100_G02	MOL5	C57BL6	0	hypothalamus	-1	23	10.18276
1772099036_H09	MOL5	CD-1	0	ZonaIncerta	0	21	9.96246
1772096132_H05	MOL5	C57BL6	0	hypothalamus	-1	24	8.930294
1772096103_D09	MOL5	C57BL6	0	hypothalamus	-1	24	7.788013
1772092005_G12	MOL5	C57BL6	0	hypothalamus	-1	29	10.32051
1772092265_D04	MOL5	LHX6ICRERFP	0	striatum	1	28	8.623846
1772092010_D11	MOL5	C57BL6	0	hypothalamus	-1	29	8.770744
1772063065_H06	MOL5	CD-1	0	cortex S1	-1	23	10.08322
1772099011_E06	MOL5	CD-1	0	SN-VTA	1	24	7.882417
1772099042_G12	MOL5	C57BL6	0	dorsal horn	-1	NaN	8.854676
1772063061_G11	MOL5	CD-1	0	cortex S1	-1	31	7.967268
1772096096_B09	MOL5	C57BL6	0	hypothalamus	-1	22	8.778407
1772096136_D04	MOL5	C57BL6	0	hypothalamus	-1	25	12.75122
1771017036_B06	MOL5	PDGFRA-GFP	0	corpus callosum	1	90	11.02612
1772092012_G05	MOL5	C57BL6	0	hypothalamus	1	28	8.370613
1771051165_E06	MOL5	PDGFRA-CRE	1	corpus callosum	1	60	7.28848
1771051167_H06	MOL5	PDGFRA-CRE	1	corpus callosum	1	60	8.506082
1772117015_H02	MOL5	PDGFRA-CRE	1	corpus callosum	1	60	8.498173
1771051146_C04	MOL5	PDGFRA-CRE	1	corpus callosum	-1	61	6.519015
1771051146_E06	MOL5	PDGFRA-CRE	1	corpus callosum	-1	61	7.443669
1772117028_A08	MOL5	PDGFRA-CRE	1	corpus callosum	-1	61	9.435554
1772117031_A04	MOL5	PDGFRA-CRE	1	corpus callosum	-1	61	7.907968
1772099315_F11	MOL5	C57BL6	0	dorsal horn	1	22	10.72313
1772117160_A09	MOL5	C57BL6	0	dorsal horn	0	20	10.89112
1772117097_E04	MOL5	C57BL6	0	dorsal horn	0	26	8.314191
1772117097_B10	MOL5	C57BL6	0	dorsal horn	0	26	9.005277
1772117097_D12	MOL5	C57BL6	0	dorsal horn	0	26	8.466464
1772117055_C02	MOL5	C57BL6	0	dorsal horn	0	28	11.53868
1772117099_A09	MOL5	C57BL6	0	dorsal horn	0	NaN	13.57867
1772096132_G06	MOL5	C57BL6	0	hypothalamus	-1	24	7.907968
1772096171_A04	MOL5	C57BL6	0	hypothalamus	-1	28	8.117765
1772092295_F11	MOL5	LHX6ICRERFP	0	striatum	-1	25	8.273653
1772060240_F10	MOL5	CD-1	0	cortex S1	-1	23	9.61906
1772092304_B10	MOL5	LHX6ICRERFP	0	striatum	1	27	11.7866
1772063078_D09	MOL5	CD-1	0	cortex S1	-1	27	9.874325
1772063078_D05	MOL5	CD-1	0	cortex S1	-1	27	7.631016
1772072240_E01	MOL5	C57BL6	0	dorsal horn	-1	NaN	10.71058
1772092303_F08	MOL5	LHX6ICRERFP	0	striatum	1	22	7.941908
1772096162_B06	MOL5	C57BL6	0	hypothalamus	-1	27	7.779374
1772063068_F10	MOL5	CD-1	0	cortex S1	1	26	9.612067
1772099044_C05	MOL5	C57BL6	0	dorsal horn	-1	NaN	9.570001
1772062115_B03	MOL5	CD-1	0	cortex S1	-1	28	9.633031
1772092296_A08	MOL5	LHX6ICRERFP	0	striatum	-1	25	9.262938
1772078023_B03	MOL5	C57BL6	0	hypothalamus	-1	27	7.788013
1772096099_B12	MOL5	C57BL6	0	hypothalamus	-1	23	8.553382
1772063079_F08	MOL5	CD-1	0	cortex S1	1	28	9.562972
1772092010_A03	MOL5	C57BL6	0	hypothalamus	-1	29	9.262938
1772092262_G01	MOL5	LHX6ICRERFP	0	striatum	1	28	9.812845
1772096108_A03	MOL5	CD-1	0	SN-VTA	-1	24	6.519015
1772096116_E05	MOL5	CD-1	0	SN-VTA	1	26	10.75444
1772062118_G06	MOL5	CD-1	0	cortex S1	-1	24	8.975359
1772096162_C01	MOL5	C57BL6	0	hypothalamus	-1	27	10.29441
1772094143_D08	MOL5	CD-1	0	SN-VTA	-1	24	7.805263
1772063065_A02	MOL5	CD-1	0	cortex S1	-1	23	9.660913
1772096103_E08	MOL5	C57BL6	0	hypothalamus	-1	24	9.681771
1772063068_A09	MOL5	CD-1	0	cortex S1	1	26	10.73566
1772117014_H04	MOL5	PDGFRA-CRE	1	corpus callosum	1	60	9.534804
1771051165_G04	MOL5	PDGFRA-CRE	1	corpus callosum	1	60	7.19563
1771051167_G09	MOL5	PDGFRA-CRE	1	corpus callosum	1	60	6.125486
1772117015_B02	MOL5	PDGFRA-CRE	1	corpus callosum	1	60	10.97109
1772117015_H10	MOL5	PDGFRA-CRE	1	corpus callosum	1	60	9.299164
1772117013_F01	MOL5	PDGFRA-CRE	1	cortex S1	1	61	8.892566
1771051146_B12	MOL5	PDGFRA-CRE	1	corpus callosum	-1	61	6.114498
1772117029_E10	MOL5	PDGFRA-CRE	1	corpus callosum	-1	61	6.446407
1772125087_C02	MOL5	PDGFRA-CRE	1	corpus callosum	-1	22	10.32051
1772099304_B05	MOL5	C57BL6	0	dorsal horn	0	NaN	9.79913
1772117151_F05	MOL5	C57BL6	0	dorsal horn	0	19	10.41132
1772117154_D03	MOL5	C57BL6	0	dorsal horn	0	19	11.37434
1772117160_F05	MOL5	C57BL6	0	dorsal horn	0	20	10.0632
1772117111_A05	MOL5	C57BL6	0	dorsal horn	0	26	11.69496
1772117123_E06	MOL5	C57BL6	0	dorsal horn	0	26	8.907676
1772117107_B07	MOL5	C57BL6	0	dorsal horn	0	NaN	10.20914
1772099101_E08	MOL5	HGFAP-GFP	1	DentGyr	-1	50	8.434635
1772099037_C06	MOL5	CD-1	0	ZonaIncerta	-1	21	11.09906
1772099037_F10	MOL5	CD-1	0	ZonaIncerta	0	21	10.00288
1772117096_G07	MOL5	C57BL6	0	dorsal horn	0	26	6.201853
1772117012_F08	MOL5	PDGFRA-CRE	1	cortex S1	1	61	7.796643
1772096162_C10	MOL5	C57BL6	0	hypothalamus	-1	27	10.18276
1771051150_F09	MOL5	PDGFRA-CRE	1	cortex S1	-1	62	7.613373
1772099305_C05	MOL5	C57BL6	0	dorsal horn	0	NaN	9.527749
1772099003_B10	MOL5	CD-1	0	SN-VTA	1	23	8.623846
1772099316_G06	MOL5	C57BL6	0	dorsal horn	1	22	10.94655
1772117123_C11	MOL5	C57BL6	0	dorsal horn	0	26	9.146051
1772117103_B12	MOL5	C57BL6	0	dorsal horn	0	NaN	9.79913
1772099086_B09	MOL5	CD-1	0	ZonaIncerta	-1	22	9.299164
1772094131_G07	MOL5	CD-1	0	DentGyr	1	24	7.063588
1771051165_F02	MOL5	PDGFRA-CRE	1	corpus callosum	1	60	6.682015
1772096103_D11	MOL5	C57BL6	0	hypothalamus	-1	24	7.176915
1772099040_C07	MOL5	C57BL6	0	dorsal horn	-1	NaN	7.831065
1772099034_A04	MOL5	CD-1	0	ZonaIncerta	-1	21	10.50136
1772066098_F01	MOL5	CD-1	0	hippo CA1	-1	26	12.42537
1772099041_C01	MOL5	C57BL6	0	dorsal horn	0	NaN	9.371196
1772099028_C02	MOL5	CD-1	0	ZonaIncerta	1	20	9.996151
1771051167_B03	MOL5	PDGFRA-CRE	1	corpus callosum	1	60	6.929032
1772099298_A03	MOL5	C57BL6	0	dorsal horn	0	NaN	10.42423
1772117158_E06	MOL5	C57BL6	0	dorsal horn	0	19	9.80599
1772117031_D04	MOL5	PDGFRA-CRE	1	corpus callosum	-1	61	6.319994
1772117111_B02	MOL5	C57BL6	0	dorsal horn	0	26	12.66656
1772092304_E03	MOL5	LHX6ICRERFP	0	striatum	1	27	7.551293
1772096173_D04	MOL5	C57BL6	0	hypothalamus	-1	28	7.569082
1772092314_G05	MOL5	CD-1	0	DentGyr	-1	25	7.129914
1772072240_E02	MOL5	C57BL6	0	dorsal horn	-1	NaN	9.233855
1772089205_G06	MOL5	CD-1	0	SN-VTA	1	22	9.485309
1772075305_D02	MOL5	C57BL6	0	hypothalamus	-1	21	8.763074
1772078029_E06	MOL5	C57BL6	0	hypothalamus	1	22	9.34245
1772099037_F04	MOL5	CD-1	0	ZonaIncerta	1	21	8.537644
1772067074_D12	MOL5	CD-1	0	cortex S1	1	28	9.96246
1772099039_H06	MOL5	C57BL6	0	dorsal horn	-1	NaN	9.674823
1772117035_A02	MOL5	PDGFRA-CRE	1	cortex S1	-1	62	9.527749
1771051165_F04	MOL5	PDGFRA-CRE	1	corpus callosum	1	60	7.352778
1772117154_E11	MOL5	C57BL6	0	dorsal horn	0	19	9.612067
1772117029_B11	MOL5	PDGFRA-CRE	1	corpus callosum	-1	61	5.1992
1772117013_D10	MOL5	PDGFRA-CRE	1	cortex S1	1	61	9.555938
1772062128_C05	MOL5	?	0	cortex S1	1	NaN	11.06873
1772071014_D12	MOL5	5HT3A-EGFP	0	cortex S1	1	21	10.29441
1772092264_E10	MOL5	LHX6ICRERFP	0	striatum	1	28	7.51559
1772089195_B10	MOL5	C57BL6	0	hypothalamus	-1	25	7.524532
1772099303_C12	MOL5	C57BL6	0	dorsal horn	0	NaN	11.39205
1771051165_B01	MOL5	PDGFRA-CRE	1	corpus callosum	1	60	7.2977
1772096110_B06	MOL5	CD-1	0	SN-VTA	-1	24	6.18013
1772099041_A01	MOL5	C57BL6	0	dorsal horn	0	NaN	9.640009
1772067074_F05	MOL5	CD-1	0	cortex S1	1	28	9.819695
1772096106_H11	MOL5	CD-1	0	SN-VTA	1	24	8.816624
1772092318_A12	MOL5	5HT3A-EGFP	0	striatum	1	23	13.03287
1772099012_C06	MOL5	CD-1	0	SN-VTA	-1	24	10.58427
1772099040_A06	MOL5	C57BL6	0	dorsal horn	-1	NaN	8.273653
1772117151_G03	MOL5	C57BL6	0	dorsal horn	0	19	13.71663
1772117031_E10	MOL5	PDGFRA-CRE	1	corpus callosum	-1	61	8.763074
1772117035_G10	MOL5	PDGFRA-CRE	1	cortex S1	-1	62	8.273654
1772099303_A05	MOL5	C57BL6	0	dorsal horn	0	NaN	10.32702
1772117014_F04	MOL5	PDGFRA-CRE	1	corpus callosum	1	60	8.249235
1772078033_A06	MOL5	LHX6ICRERFP	0	striatum	1	22	10.73566
1772099315_B07	MOL5	C57BL6	0	dorsal horn	1	22	11.51535
1772099298_A04	MOL5	C57BL6	0	dorsal horn	0	NaN	11.95653
1772060225_G06	MOL5	CD-1	0	cortex S1	-1	28	10.20255
1772067073_D10	MOL5	CD-1	0	cortex S1	1	28	10.57792
1772072242_H05	MOL5	C57BL6	0	dorsal horn	-1	NaN	10.64761
1772117107_G07	MOL5	C57BL6	0	dorsal horn	0	NaN	12.2235
1772117124_F04	MOL5	C57BL6	0	dorsal horn	0	27	9.160743
1772072242_H06	MOL5	C57BL6	0	dorsal horn	0	NaN	0
1772096156_F11	MOL5	CD-1	0	SN-VTA	1	26	7.796643
1772117031_F06	MOL5	PDGFRA-CRE	1	corpus callosum	-1	61	5.704875
1772099082_C03	MOL5	CD-1	0	ZonaIncerta	1	22	11.14139
1772099028_C04	MOL5	CD-1	0	ZonaIncerta	1	20	7.718631
1771051165_A02	MOL5	PDGFRA-CRE	1	corpus callosum	1	60	7.882417
1772117014_A12	MOL5	PDGFRA-CRE	1	corpus callosum	1	60	9.414151
1772117031_A01	MOL5	PDGFRA-CRE	1	corpus callosum	-1	61	11.67194
1771051146_B02	MOL5	PDGFRA-CRE	1	corpus callosum	-1	61	6.425511
1772060225_D07	MOL5	CD-1	0	cortex S1	-1	28	9.633031
1772096156_H10	MOL5	CD-1	0	SN-VTA	-1	26	9.681771
1772096128_H06	MOL5	C57BL6	0	hypothalamus	-1	29	8.5926
1772096151_G03	MOL5	CD-1	0	SN-VTA	0	25	9.277445
1772072240_C01	MOL5	C57BL6	0	dorsal horn	0	NaN	9.853874
1772062118_D10	MOL5	CD-1	0	cortex S1	-1	24	9.45691
1772096172_C08	MOL5	C57BL6	0	hypothalamus	-1	28	8.306099
1772096092_F01	MOL5	CD-1	0	SN-VTA	1	21	9.492395
1772099042_F07	MOL5	C57BL6	0	dorsal horn	-1	NaN	8.059572
1772096150_A03	MOL5	CD-1	0	SN-VTA	-1	25	8.289892
1772071041_B04	MOL5	CD-1	0	cortex S1	-1	23	11.34474
1772096118_B11	MOL5	CD-1	0	SN-VTA	1	26	8.017747
1772096154_D02	MOL5	CD-1	0	SN-VTA	-1	26	10.79189
1772096148_A02	MOL5	CD-1	0	SN-VTA	1	24	10.34003
1772078016_D03	MOL5	C57BL6	0	hypothalamus	-1	25	12.17389
1772099046_B12	MOL5	CD-1	0	SN-VTA	-1	21	11.17754
1772092312_B09	MOL5	5HT3A-EGFP	0	striatum	1	22	11.28531
1771051167_B04	MOL5	PDGFRA-CRE	1	corpus callosum	1	60	8.394678
1771051146_B11	MOL5	PDGFRA-CRE	0	corpus callosum	-1	61	9.313615
1772117159_B04	MOL5	C57BL6	0	dorsal horn	0	20	11.02612
1772117096_H04	MOL5	C57BL6	0	dorsal horn	0	26	9.506553
1772060225_C04	MOL5	CD-1	0	cortex S1	-1	28	9.709513
1772096165_B11	MOL5	C57BL6	0	hypothalamus	-1	27	9.534804
1772099008_E04	MOL5	CD-1	0	SN-VTA	1	23	8.017747
1772117014_G01	MOL5	PDGFRA-CRE	1	corpus callosum	1	60	7.214296
1771051165_B02	MOL5	PDGFRA-CRE	1	corpus callosum	1	60	6.631508
1771051165_G03	MOL5	PDGFRA-CRE	1	corpus callosum	1	60	6.958084
1771051165_G07	MOL5	PDGFRA-CRE	1	corpus callosum	1	60	6.2235
1772099093_C12	MOL5	C57BL6	0	dorsal horn	0	20	10.84782
1772117057_D05	MOL5	C57BL6	0	dorsal horn	0	27	10.29441
1772099040_D04	MOL5	C57BL6	0	dorsal horn	-1	NaN	7.924956
1771051165_C05	MOL5	PDGFRA-CRE	1	corpus callosum	1	60	7.98413
1772117029_G12	MOL5	PDGFRA-CRE	1	corpus callosum	-1	61	6.277291
1771051167_D05	MOL5	PDGFRA-CRE	1	corpus callosum	1	60	8.24108
1772060224_E09	MOL5	CD-1	0	cortex S1	1	24	9.955708
1772117123_B07	MOL5	C57BL6	0	dorsal horn	0	26	11.00781
1772063065_H08	MOL5	CD-1	0	cortex S1	-1	23	11.70071
1772117101_F12	MOL5	C57BL6	0	dorsal horn	0	NaN	10.40486
1772078014_B10	MOL5	C57BL6	0	hypothalamus	-1	25	9.646982
1772078013_A05	MOL5	C57BL6	0	hypothalamus	-1	25	9.612067
1772099036_F06	MOL5	CD-1	0	ZonaIncerta	-1	21	9.146051
1772099040_C11	MOL5	C57BL6	0	dorsal horn	0	NaN	6.712137
1772099315_C01	MOL5	C57BL6	0	dorsal horn	1	22	11.79231
1772117107_E05	MOL5	C57BL6	0	dorsal horn	0	NaN	10.85402
1771051163_G02	MOL5	PDGFRA-CRE	1	cortex S1	1	61	7.306909
1771051165_E10	MOL5	PDGFRA-CRE	1	corpus callosum	1	60	8.70147
1772096146_B02	MOL5	CD-1	0	SN-VTA	-1	24	8.56124
1772099039_F11	MOL5	C57BL6	0	dorsal horn	-1	NaN	10.57156
1772096087_A10	MOL5	CD-1	0	SN-VTA	-1	20	13.61823
1772062115_C10	MOL5	CD-1	0	cortex S1	-1	28	9.785396
1771051167_D06	MOL5	PDGFRA-CRE	1	corpus callosum	1	60	7.577961
1772117111_B07	MOL5	C57BL6	0	dorsal horn	0	26	11.48025
1772117013_F06	MOL5	PDGFRA-CRE	1	cortex S1	1	61	8.678256
1771051165_D04	MOL5	PDGFRA-CRE	1	corpus callosum	1	60	7.214296
1772117154_F12	MOL5	C57BL6	0	dorsal horn	0	19	10.98335
1772099043_C12	MOL5	C57BL6	0	dorsal horn	-1	NaN	7.805263
1772099304_E08	MOL5	C57BL6	0	dorsal horn	0	NaN	11.7466
1772099003_A11	MOL5	CD-1	0	SN-VTA	1	23	10.74192
1772096136_D12	MOL5	C57BL6	0	hypothalamus	-1	25	7.639823
1772117057_E06	MOL5	C57BL6	0	dorsal horn	0	27	10.01631
1772117037_F06	MOL5	PDGFRA-CRE	0	cortex S1	-1	62	5.54953
1772117035_B11	MOL5	PDGFRA-CRE	0	cortex S1	-1	62	5.054931
1772096118_B04	MOL5	CD-1	0	SN-VTA	0	26	8.740023
1772099153_H06	MOL5	C57BL6	0	dorsal horn	1	18	8.322274
1772117111_H09	MOL5	C57BL6	0	dorsal horn	0	26	8.249235
1772099044_B08	MOL5	C57BL6	0	dorsal horn	0	NaN	7.251482
1772096132_F08	MOL5	C57BL6	0	hypothalamus	-1	24	11.56778
1772099303_H04	MOL5	C57BL6	0	dorsal horn	0	NaN	10.66654
1772117097_F06	MOL5	C57BL6	0	dorsal horn	0	26	12.08519
1772117097_B06	MOL5	C57BL6	0	dorsal horn	0	26	9.520689
1772117123_G01	MOL5	C57BL6	0	dorsal horn	0	26	9.840217
1772117055_C08	MOL5	C57BL6	0	dorsal horn	0	28	10.98947
1771051164_B01	MOL5	PDGFRA-CRE	0	cortex S1	1	61	5.947252
1862091045_G05	MOL5	CD-1	0	Amygdala	1	24	7.796643
1772099043_B01	MOL5	C57BL6	0	dorsal horn	-1	NaN	7.666182
1772096171_D11	MOL5	C57BL6	0	hypothalamus	-1	28	8.159077
1772096149_E03	MOL5	CD-1	0	SN-VTA	-1	25	6.477624
1772096128_G09	MOL5	C57BL6	0	hypothalamus	-1	29	8.982848
1772099039_C03	MOL5	C57BL6	0	dorsal horn	-1	NaN	8.232916
1772096097_D08	MOL5	C57BL6	0	hypothalamus	-1	22	12.66125
1772072240_H11	MOL5	C57BL6	0	dorsal horn	0	NaN	8.426658
1772099003_G12	MOL5	CD-1	0	SN-VTA	0	23	7.683705
1772099039_A05	MOL5	C57BL6	0	dorsal horn	-1	NaN	7.343627
1772099044_C01	MOL5	C57BL6	0	dorsal horn	-1	NaN	9.435554
1771051165_D09	MOL5	PDGFRA-CRE	1	corpus callosum	1	60	7.186278
1771051150_G11	MOL5	PDGFRA-CRE	1	cortex S1	-1	62	7.822474
1772099314_H11	MOL5	C57BL6	0	dorsal horn	1	22	11.42742
1772099298_A11	MOL5	C57BL6	0	dorsal horn	0	NaN	11.25548
1772099301_C04	MOL5	C57BL6	0	dorsal horn	0	NaN	11.22557
1772117137_A04	MOL5	C57BL6	0	dorsal horn	0	20	9.674823
1772117097_C09	MOL5	C57BL6	0	dorsal horn	0	26	10.88495
1772096103_B06	MOL5	C57BL6	0	hypothalamus	-1	24	9.41415
1772063068_H06	MOL5	CD-1	0	cortex S1	1	26	9.778522
1772092005_B06	MOL5	C57BL6	0	hypothalamus	-1	29	10.45644
1772084018_F05	MOL5	CD-1	0	SN-VTA	1	24	9.09444
1772089205_G11	MOL5	CD-1	0	SN-VTA	1	22	8.900124
1772072242_B10	MOL5	C57BL6	0	dorsal horn	-1	NaN	8.257382
1771051165_E07	MOL5	PDGFRA-CRE	1	corpus callosum	1	60	7.822474
1771051163_F06	MOL5	PDGFRA-CRE	1	cortex S1	1	61	6.266569
1772099298_C02	MOL5	C57BL6	0	dorsal horn	0	NaN	8.175544
1772099302_A07	MOL5	C57BL6	0	dorsal horn	0	NaN	8.402685
1772099303_D11	MOL5	C57BL6	0	dorsal horn	0	NaN	11.83215
1772117111_E04	MOL5	C57BL6	0	dorsal horn	0	26	9.197372
1772117137_E04	MOL5	C57BL6	0	dorsal horn	0	20	10.24202
1772117097_C06	MOL5	C57BL6	0	dorsal horn	0	26	9.449797
1772117123_B04	MOL5	C57BL6	0	dorsal horn	0	26	9.548898
1772117014_A02	MOL5	PDGFRA-CRE	1	corpus callosum	1	60	9.435554
1772099298_A08	MOL5	C57BL6	0	dorsal horn	0	NaN	13.25795
1772099010_D10	MOL5	CD-1	0	SN-VTA	-1	24	8.892566
1772072242_E11	MOL5	C57BL6	0	dorsal horn	-1	NaN	8.257382
1772092277_C10	MOL5	CD-1	0	SN-VTA	-1	27	12.12962
1772089187_C03	MOL5	C57BL6	0	hypothalamus	-1	28	10.00288
1772117015_E10	MOL5	PDGFRA-CRE	1	corpus callosum	1	60	7.015828
1772099090_A01	MOL5	C57BL6	0	dorsal horn	0	20	9.555938
1772117097_E10	MOL5	C57BL6	0	dorsal horn	0	26	11.82078
1772117107_E12	MOL5	C57BL6	0	dorsal horn	0	NaN	9.435554
1772117107_F12	MOL5	C57BL6	0	dorsal horn	0	NaN	10.34003
1772117059_H12	MOL5	C57BL6	0	dorsal horn	0	27	10.57156
1772096151_G05	MOL5	CD-1	0	SN-VTA	0	25	11.20158
1772117055_E05	MOL5	C57BL6	0	dorsal horn	0	28	12.23449
1772096154_B02	MOL5	CD-1	0	SN-VTA	-1	26	9.996151
1772117101_B05	MOL5	C57BL6	0	dorsal horn	0	NaN	12.63467
1772117096_C05	MOL5	C57BL6	0	dorsal horn	0	26	11.2495
1772117111_A11	MOL5	C57BL6	0	dorsal horn	0	26	9.499477
1772117059_F11	MOL5	C57BL6	0	dorsal horn	0	27	9.598066
1772092264_B12	MOL5	LHX6ICRERFP	0	striatum	1	28	10.36601
1772117124_G12	MOL5	C57BL6	0	dorsal horn	0	27	11.49196
1772099305_E05	MOL5	C57BL6	0	dorsal horn	0	NaN	11.99022
1772096145_E07	MOL5	C57BL6	0	hypothalamus	-1	29	10.92811
1771051167_C02	MOL5	PDGFRA-CRE	1	corpus callosum	1	60	6.850956
1772099302_A02	MOL5	C57BL6	0	dorsal horn	0	NaN	10.20255
1772125088_A04	MOL5	PDGFRA-CRE	1	corpus callosum	-1	22	13.30351
1772117124_D05	MOL5	C57BL6	0	dorsal horn	0	27	10.89112
1772099304_A04	MOL5	C57BL6	0	dorsal horn	0	NaN	8.600422
1772117096_G12	MOL5	C57BL6	0	dorsal horn	0	26	9.744078
1772117123_E05	MOL5	C57BL6	0	dorsal horn	0	26	10.7294
1772072240_D01	MOL5	C57BL6	0	dorsal horn	-1	NaN	9.65395
1772072242_D04	MOL5	C57BL6	0	dorsal horn	-1	NaN	7.063588
1772117013_G11	MOL5	PDGFRA-CRE	1	cortex S1	1	61	8.662745
1771051146_F06	MOL5	PDGFRA-CRE	1	corpus callosum	-1	61	6.467235
1771051167_E08	MOL5	PDGFRA-CRE	1	corpus callosum	1	60	6.682015
1772117012_G05	MOL5	PDGFRA-CRE	1	cortex S1	1	61	8.990331
1772062114_F08	MOL5	CD-1	0	cortex S1	1	27	10.48854
1772060225_H10	MOL5	CD-1	0	cortex S1	-1	28	11.81509
1772092299_A10	MOL5	LHX6ICRERFP	0	striatum	1	27	6.91932
1772117123_D02	MOL5	C57BL6	0	dorsal horn	0	26	7.701188
1772092264_H08	MOL5	LHX6ICRERFP	0	striatum	1	28	11.40975
1772063077_A12	MOL5	CD-1	0	cortex S1	-1	26	12.21799
1772062111_D05	MOL5	CD-1	0	cortex S1	1	24	11.00781
1772117097_F03	MOL5	C57BL6	0	dorsal horn	0	26	10.64129
1772117055_D06	MOL5	C57BL6	0	dorsal horn	0	28	10.26825
1772062115_E04	MOL5	CD-1	0	cortex S1	-1	28	8.608237
1772117015_E05	MOL6	PDGFRA-CRE	1	corpus callosum	1	60	8.281777
1772117013_H04	MOL6	PDGFRA-CRE	1	cortex S1	1	61	6.234295
1772089194_D12	MOL6	C57BL6	0	hypothalamus	-1	25	6.62136
1772099055_C01	MOL6	CD-1	0	Amygdala	-1	28	7.856783
1772117029_F09	MOL6	PDGFRA-CRE	1	corpus callosum	-1	61	5.969822
1771051167_B06	MOL6	PDGFRA-CRE	1	corpus callosum	1	60	7.361918
1771051167_E02	MOL6	PDGFRA-CRE	1	corpus callosum	1	60	7.524532
1771051165_F09	MOL6	PDGFRA-CRE	1	corpus callosum	1	60	7.082602
1772078030_C12	MOL6	C57BL6	0	hypothalamus	1	22	10.22888
1771051165_F12	MOL6	PDGFRA-CRE	1	corpus callosum	1	60	7.813873
1772117013_G12	MOL6	PDGFRA-CRE	1	cortex S1	1	61	9.442678
1771051165_E03	MOL6	PDGFRA-CRE	1	corpus callosum	1	60	6.37297
1772099041_F11	MOL6	C57BL6	0	dorsal horn	-1	NaN	7.497674
1772099143_G04	MOL6	HGFAP-GFP	1	DentGyr	-1	50	8.600422
1771051167_E05	MOL6	PDGFRA-CRE	1	corpus callosum	1	60	8.02613
1772117012_A05	MOL6	PDGFRA-CRE	1	cortex S1	1	61	8.545517
1772117029_D05	MOL6	PDGFRA-CRE	1	corpus callosum	-1	61	8.159077
1771051146_F03	MOL6	PDGFRA-CRE	1	corpus callosum	-1	61	5.054931
1772099040_E06	MOL6	C57BL6	0	dorsal horn	0	NaN	7.95037
1772117124_G05	MOL6	C57BL6	0	dorsal horn	0	27	10.64761
1771051167_A07	MOL6	PDGFRA-CRE	1	corpus callosum	1	60	7.214296
1772117013_E01	MOL6	PDGFRA-CRE	1	cortex S1	1	61	6.631508
1771051146_H06	MOL6	PDGFRA-CRE	1	corpus callosum	-1	61	5.901852
1772099042_H10	MOL6	C57BL6	0	dorsal horn	-1	NaN	7.89946
1772117012_B11	MOL6	PDGFRA-CRE	1	cortex S1	1	61	0
1772099042_H06	MOL6	C57BL6	0	dorsal horn	-1	NaN	7.683705
1771051165_G01	MOL6	PDGFRA-CRE	1	corpus callosum	1	60	6.298679
1771051146_F05	MOL6	PDGFRA-CRE	1	corpus callosum	-1	61	7.933436
1772117029_A02	MOL6	PDGFRA-CRE	1	corpus callosum	-1	61	7.744722
1771051146_H08	MOL6	PDGFRA-CRE	1	corpus callosum	-1	61	8.458517
1771051165_E04	MOL6	PDGFRA-CRE	1	corpus callosum	1	60	7.416519
1772117028_B05	MOL6	PDGFRA-CRE	1	corpus callosum	-1	61	7.398363
1772099304_C04	MOL6	C57BL6	0	dorsal horn	0	NaN	8.498173
1771051146_D05	MOL6	PDGFRA-CRE	1	corpus callosum	-1	61	6.91932
1772117031_A11	MOL6	PDGFRA-CRE	1	corpus callosum	-1	61	6.702112
1772117013_A08	MOL6	PDGFRA-CRE	1	cortex S1	1	61	8.314191
1772117031_H06	MOL6	PDGFRA-CRE	1	corpus callosum	-1	61	8.967864
1772117014_E11	MOL6	PDGFRA-CRE	1	corpus callosum	1	60	9.219279
1772117031_F05	MOL6	PDGFRA-CRE	1	corpus callosum	-1	61	8.770744
1771051165_C07	MOL6	PDGFRA-CRE	1	corpus callosum	1	60	7.054062
1772117097_H08	MOL6	C57BL6	0	dorsal horn	0	26	8.338419
1771051165_D10	MOL6	PDGFRA-CRE	1	corpus callosum	1	60	6.661858
1772117014_E12	MOL6	PDGFRA-CRE	1	corpus callosum	1	60	9.277445
1771051146_A09	MOL6	PDGFRA-CRE	1	corpus callosum	-1	61	6.661858
1772117031_A07	MOL6	PDGFRA-CRE	1	corpus callosum	-1	61	8.009357
1771051167_B01	MOL6	PDGFRA-CRE	1	corpus callosum	1	60	7.371046
1772117029_B10	MOL6	PDGFRA-CRE	1	corpus callosum	-1	61	8.314191
1771051165_H02	MOL6	PDGFRA-CRE	1	corpus callosum	1	60	7.595688
1771051165_D02	MOL6	PDGFRA-CRE	1	corpus callosum	1	60	7.371046
1772117015_D11	MOL6	PDGFRA-CRE	1	corpus callosum	1	60	9.548898
1772117014_G07	MOL6	PDGFRA-CRE	1	corpus callosum	1	60	7.64862
1772117028_A09	MOL6	PDGFRA-CRE	1	corpus callosum	-1	61	8.70147
1772117014_D06	MOL6	PDGFRA-CRE	1	corpus callosum	1	60	9.96246
1772117029_C07	MOL6	PDGFRA-CRE	1	corpus callosum	-1	61	8.134315
1772117014_H11	MOL6	PDGFRA-CRE	1	corpus callosum	1	60	10.22888
1772117028_D07	MOL6	PDGFRA-CRE	1	corpus callosum	-1	61	9.057396
1772117029_D01	MOL6	PDGFRA-CRE	1	corpus callosum	-1	61	7.129914
1771051146_G02	MOL6	PDGFRA-CRE	1	corpus callosum	-1	61	7.595688
1772117031_A02	MOL6	PDGFRA-CRE	1	corpus callosum	-1	61	7.701188
1772117028_F07	MOL6	PDGFRA-CRE	1	corpus callosum	-1	61	8.877429
1772117013_B06	MOL6	PDGFRA-CRE	1	cortex S1	1	61	10.05651
1772096172_A02	MOL6	C57BL6	0	hypothalamus	-1	28	8.937821
1772117031_C05	MOL6	PDGFRA-CRE	1	corpus callosum	-1	61	7.242203
1772117029_G11	MOL6	PDGFRA-CRE	1	corpus callosum	-1	61	6.702112
1771051164_F07	MOL6	PDGFRA-CRE	1	cortex S1	1	61	7.506638
1771051165_D12	MOL6	PDGFRA-CRE	1	corpus callosum	1	60	6.880338
1772117031_A05	MOL6	PDGFRA-CRE	1	corpus callosum	-1	61	6.601018
1772117031_D10	MOL6	PDGFRA-CRE	1	corpus callosum	-1	61	5.537399
1771017034_B07	MOL6	PDGFRA-GFP	0	cortex S1	-1	90	11.06873
1772117015_A09	MOL6	PDGFRA-CRE	1	corpus callosum	1	60	8.716912
1771051146_B10	MOL6	PDGFRA-CRE	1	corpus callosum	-1	61	7.461714
1771051146_C01	MOL6	PDGFRA-CRE	1	corpus callosum	-1	61	5.809989
1771051165_G09	MOL6	PDGFRA-CRE	1	corpus callosum	1	60	6.671945
1772099215_A03	MOL6	CD-1	0	DentGyr	-1	63	12.89281
1772117021_C01	MOL6	CD-1	0	corpus callosum	-1	69	6.722148
1771051167_H07	MOL6	PDGFRA-CRE	1	corpus callosum	1	60	8.537644
1772117012_F01	MOL6	PDGFRA-CRE	1	cortex S1	1	61	8.662745
1772099215_A01	MOL6	CD-1	1	DentGyr	-1	63	12.02383
1772117013_H09	MOL6	PDGFRA-CRE	1	cortex S1	1	61	8.960363
1772117013_E12	MOL6	PDGFRA-CRE	1	cortex S1	1	61	7.657406
1772117124_E03	MOL6	C57BL6	0	dorsal horn	0	27	12.84579
1772117031_H10	MOL6	PDGFRA-CRE	1	corpus callosum	-1	61	9.385536
1772117013_H11	MOL6	PDGFRA-CRE	1	cortex S1	1	61	9.82654
1771051164_G11	MOL6	PDGFRA-CRE	1	cortex S1	1	61	5.339571
1771017034_D09	MOL6	PDGFRA-GFP	0	cortex S1	1	90	10.3984
1771051164_F03	MOL6	PDGFRA-CRE	1	cortex S1	1	61	5.250678
1772117029_G06	MOL6	PDGFRA-CRE	1	corpus callosum	-1	61	6.37297
1772117029_B07	MOL6	PDGFRA-CRE	1	corpus callosum	-1	61	7.343627
1772117035_C07	MOL6	PDGFRA-CRE	1	cortex S1	-1	62	8.000956
1771051163_D02	MOL6	PDGFRA-CRE	1	cortex S1	1	61	7.839648
1772117034_B02	MOL6	PDGFRA-CRE	1	cortex S1	-1	62	7.95037
1771051150_C08	MOL6	PDGFRA-CRE	1	cortex S1	-1	62	6.712138
1771051150_D04	MOL6	PDGFRA-CRE	1	cortex S1	-1	62	8.297999
1772117029_E06	MOL6	PDGFRA-CRE	1	corpus callosum	-1	61	6.712138
1772117037_H11	MOL6	PDGFRA-CRE	1	cortex S1	-1	62	6.958084
1772117034_C03	MOL6	PDGFRA-CRE	1	cortex S1	-1	62	8.670504
1772117034_C10	MOL6	PDGFRA-CRE	1	cortex S1	-1	62	8.109477
1772099039_C06	MOL6	C57BL6	0	dorsal horn	-1	NaN	6.771979
1772117055_A02	MOL6	C57BL6	0	dorsal horn	0	28	14.44257
1772117034_H11	MOL6	PDGFRA-CRE	1	cortex S1	-1	62	9.072232
1772117028_D04	MOL6	PDGFRA-CRE	1	corpus callosum	-1	61	7.586829
1772117035_D10	MOL6	PDGFRA-CRE	1	cortex S1	-1	62	10.50136
1771051150_C05	MOL6	PDGFRA-CRE	1	cortex S1	-1	62	7.595688
1772117035_B09	MOL6	PDGFRA-CRE	1	cortex S1	-1	62	8.474402
1772117034_G04	MOL6	PDGFRA-CRE	1	cortex S1	-1	62	6.570387
1772117034_H10	MOL6	PDGFRA-CRE	1	cortex S1	-1	62	6.611197
1772117034_F06	MOL6	PDGFRA-CRE	1	cortex S1	-1	62	7.204968
1771051150_F02	MOL6	PDGFRA-CRE	1	cortex S1	-1	62	9.005277
1772117035_A07	MOL6	PDGFRA-CRE	1	cortex S1	-1	62	8.584771
1772117031_E12	MOL6	PDGFRA-CRE	1	corpus callosum	-1	61	9.47112
1772117035_F11	MOL6	PDGFRA-CRE	1	cortex S1	-1	62	7.839648
1772117035_D02	MOL6	PDGFRA-CRE	1	cortex S1	-1	62	8.600422
1772117037_E10	MOL6	PDGFRA-CRE	1	cortex S1	-1	62	8.647206
1772117035_D07	MOL6	PDGFRA-CRE	1	cortex S1	-1	62	9.955709
1772117035_D04	MOL6	PDGFRA-CRE	1	cortex S1	-1	62	10.01631
1772117034_F09	MOL6	PDGFRA-CRE	1	cortex S1	-1	62	8.084563
1771051164_D08	MOL6	PDGFRA-CRE	1	cortex S1	1	61	6.967742
1772117035_B10	MOL6	PDGFRA-CRE	1	cortex S1	-1	62	8.249235
1771051150_F03	MOL6	PDGFRA-CRE	1	cortex S1	-1	62	8.354532
1772117055_G11	MOL6	C57BL6	0	dorsal horn	0	28	10.2617
1772117037_A06	MOL6	PDGFRA-CRE	1	cortex S1	-1	62	8.150831
1772117037_H04	MOL6	PDGFRA-CRE	1	cortex S1	-1	62	7.380163
1772117034_A09	MOL6	PDGFRA-CRE	1	cortex S1	-1	62	8.117765
1772117037_G08	MOL6	PDGFRA-CRE	1	cortex S1	-1	62	12.41455
1772117034_C04	MOL6	PDGFRA-CRE	1	cortex S1	-1	62	9.92188
1771051150_B08	MOL6	PDGFRA-CRE	1	cortex S1	-1	62	8.386665
1772117037_A01	MOL5	PDGFRA-CRE	1	cortex S1	-1	62	8.338419
1771051150_C06	MOL5	PDGFRA-CRE	1	cortex S1	-1	62	7.111027
1772117035_C12	MOL5	PDGFRA-CRE	1	cortex S1	-1	62	6.938729
1772117034_G01	MOL5	PDGFRA-CRE	1	cortex S1	-1	62	6.2235
1772117029_A01	MOL5	PDGFRA-CRE	1	corpus callosum	-1	61	7.622199
1771051150_A07	MOL5	PDGFRA-CRE	1	cortex S1	-1	62	7.214296
1772117034_H07	MOL5	PDGFRA-CRE	1	cortex S1	-1	62	7.924956
1771051150_B11	MOL5	PDGFRA-CRE	1	cortex S1	-1	62	8.482333
1771051150_B03	MOL5	PDGFRA-CRE	1	cortex S1	-1	62	8.059573
1772117034_B06	MOL5	PDGFRA-CRE	1	cortex S1	-1	62	7.941908
1771051150_H08	MOL5	PDGFRA-CRE	1	cortex S1	-1	62	7.129914
1772117034_F08	MOL5	PDGFRA-CRE	1	cortex S1	-1	62	9.042535
1771051150_A02	MOL5	PDGFRA-CRE	1	cortex S1	-1	62	8.824248
1771051150_D03	MOL5	PDGFRA-CRE	1	cortex S1	-1	62	7.865337
1771051150_D12	MOL5	PDGFRA-CRE	1	cortex S1	-1	62	7.148752
1772117034_E05	MOL5	PDGFRA-CRE	0	cortex S1	-1	62	6.404546
1772117035_A06	MOL5	PDGFRA-CRE	1	cortex S1	-1	62	7.306909
1771051150_G12	MOL5	PDGFRA-CRE	1	cortex S1	-1	62	7.831065
1772117037_B11	MOL5	PDGFRA-CRE	1	cortex S1	-1	62	6.425511
1772117034_D07	MOL5	PDGFRA-CRE	1	cortex S1	-1	62	7.916467
1772117034_E03	MOL5	PDGFRA-CRE	1	cortex S1	-1	62	7.015828
1772117034_B01	MOL5	PDGFRA-CRE	1	cortex S1	-1	62	6.147402
1771051164_D03	MOL5	PDGFRA-CRE	1	cortex S1	1	61	6.967742
1772117035_B05	MOL5	PDGFRA-CRE	1	cortex S1	-1	62	8.02613
1772117034_D06	MOL5	PDGFRA-CRE	1	cortex S1	-1	62	5.856101
1771051150_D09	MOL5	PDGFRA-CRE	1	cortex S1	-1	62	7.924956
1771051150_E07	MOL5	PDGFRA-CRE	1	cortex S1	-1	62	6.560145
1772117035_G02	MOL5	PDGFRA-CRE	1	cortex S1	-1	62	8.839476
1772117035_D05	MOL5	PDGFRA-CRE	1	cortex S1	-1	62	5.992307
1771051150_G09	MOL5	PDGFRA-CRE	1	cortex S1	-1	62	6.909596
1772117034_G03	MOL5	PDGFRA-CRE	1	cortex S1	-1	62	7.316105
1771051146_G03	MOL5	PDGFRA-CRE	0	corpus callosum	-1	61	6.266569
1771051150_B07	MOL5	PDGFRA-CRE	1	cortex S1	-1	62	8.092877
1772117035_F06	MOL5	PDGFRA-CRE	1	cortex S1	-1	62	8.150831
1772117035_A10	MOL5	PDGFRA-CRE	1	cortex S1	-1	62	12.08519
1772117034_C08	MOL5	PDGFRA-CRE	1	cortex S1	-1	62	4.132762
1772062116_A02	MOL5	CD-1	0	cortex S1	1	22	12.60803
1772096144_D12	MOL5	C57BL6	0	hypothalamus	-1	27	8.273653
1771051146_G07	MOL5	PDGFRA-CRE	1	corpus callosum	-1	61	5.094683
1772117034_G05	MOL5	PDGFRA-CRE	1	cortex S1	-1	62	6.742125
1772117035_C03	MOL5	PDGFRA-CRE	1	cortex S1	-1	62	7.822474
1772117034_D03	MOL5	PDGFRA-CRE	1	cortex S1	-1	62	5.867572
1772117029_H09	MOL5	PDGFRA-CRE	1	corpus callosum	-1	61	7.389268
1772117111_H11	MOL5	C57BL6	0	dorsal horn	0	26	10.04982
1772117057_D12	MOL5	C57BL6	0	dorsal horn	0	27	9.935425
1772117037_C06	MOL5	PDGFRA-CRE	0	cortex S1	-1	62	5.585762
1772117035_D12	MOL5	PDGFRA-CRE	0	cortex S1	-1	62	8.678256
1772117035_A04	MOL5	PDGFRA-CRE	1	cortex S1	-1	62	5.173268
1772117035_F01	MOL5	PDGFRA-CRE	1	cortex S1	-1	62	5.237855
1772117037_G02	MOL5	PDGFRA-CRE	1	cortex S1	-1	62	6.191001
1772117037_G09	MOL5	PDGFRA-CRE	1	cortex S1	-1	62	11.03831
1772117037_A02	MOL5	PDGFRA-CRE	1	cortex S1	-1	62	5.947252
1772117035_B01	MOL5	PDGFRA-CRE	1	cortex S1	-1	62	5.890447
1772117037_G10	MOL5	PDGFRA-CRE	1	cortex S1	-1	62	8.338419
1772063074_H10	MOL5	CD-1	0	cortex S1	1	27	11.92837
1772117037_H02	MOL5	PDGFRA-CRE	1	cortex S1	-1	62	12.10187
1772117034_A12	MOL5	PDGFRA-CRE	1	cortex S1	-1	62	9.116595
1772117034_A03	MOL5	PDGFRA-CRE	1	cortex S1	-1	62	5.890447
1772117037_F12	MOL5	PDGFRA-CRE	1	cortex S1	-1	62	4.550916
1772117034_C02	MOL5	PDGFRA-CRE	1	cortex S1	-1	62	5.7284
1772117035_G09	MOL5	PDGFRA-CRE	1	cortex S1	-1	62	5.633709
1772117034_A11	MOL5	PDGFRA-CRE	1	cortex S1	-1	62	6.549887
1772117037_H12	MOL5	PDGFRA-CRE	1	cortex S1	-1	62	7.111027
1772117035_E06	MOL5	PDGFRA-CRE	1	cortex S1	-1	62	6.37297
1772117037_E07	MOL5	PDGFRA-CRE	1	cortex S1	-1	62	4.536117
1772117012_D05	MOL5	PDGFRA-CRE	1	cortex S1	1	61	5.833091
1772117037_E03	MOL5	PDGFRA-CRE	1	cortex S1	-1	62	8.70147
1771051150_F08	MOL5	PDGFRA-CRE	1	cortex S1	-1	62	6.611197
1771051164_H03	MOL5	PDGFRA-CRE	1	cortex S1	1	61	5.364698
1772117034_H12	MOL5	PDGFRA-CRE	1	cortex S1	-1	62	7.398363
1772117037_H10	MOL5	PDGFRA-CRE	0	cortex S1	-1	62	6.266569
1772117035_G04	MOL5	PDGFRA-CRE	1	cortex S1	-1	62	7.158152
1772117034_B05	MOL5	PDGFRA-CRE	1	cortex S1	-1	62	8.686001
1771051164_F09	MOL5	PDGFRA-CRE	1	cortex S1	1	61	8.24108
1772117013_D11	MOL5	PDGFRA-CRE	1	cortex S1	1	61	9.42129
1772117035_C01	MOL5	PDGFRA-CRE	1	cortex S1	-1	62	5.821551
1772063061_E07	MOL5	CD-1	0	cortex S1	-1	31	8.434634
1772117034_C05	MOL5	PDGFRA-CRE	1	cortex S1	-1	62	5.537399
1772063078_G08	MOL5	CD-1	0	cortex S1	-1	27	9.785396
1771051163_F10	MOL5	PDGFRA-CRE	1	cortex S1	1	61	8.289892
1772117137_B06	MOL5	C57BL6	0	dorsal horn	0	20	9.399854
1772117034_G10	MOL5	PDGFRA-CRE	1	cortex S1	-1	62	4.767403
1772072243_A08	MOL5	C57BL6	0	dorsal horn	1	NaN	11.0748
1772117034_A06	MOL5	PDGFRA-CRE	1	cortex S1	-1	62	7.19563
1771051163_F02	MOL5	PDGFRA-CRE	1	cortex S1	1	61	6.037027
1772099303_B01	MOL5	C57BL6	0	dorsal horn	0	NaN	8.639427
1771051164_F11	MOL5	PDGFRA-CRE	1	cortex S1	1	61	6.539612
1771051163_G09	MOL5	PDGFRA-CRE	1	cortex S1	1	61	6.498352
1772117108_H07	MOL5	C57BL6	0	dorsal horn	0	NaN	10.01631
1772117012_H10	MOL5	PDGFRA-CRE	1	cortex S1	1	61	10.8664
1772117034_E09	MOL5	PDGFRA-CRE	0	cortex S1	-1	62	6.890104
1772060225_A12	MOL5	CD-1	0	cortex S1	-1	28	8.952855
1772117014_G06	MOL5	PDGFRA-CRE	1	corpus callosum	1	60	11.22557
1772117035_D03	MOL5	PDGFRA-CRE	1	cortex S1	-1	62	8.56124
1771051164_H06	MOL5	PDGFRA-CRE	1	cortex S1	1	61	8.224745
1772117123_E11	MOL5	C57BL6	0	dorsal horn	0	26	13.1049
1772062113_G09	MOL5	CD-1	0	cortex S1	-1	26	11.47439
1772117035_F10	MOL5	PDGFRA-CRE	1	cortex S1	-1	62	8.686001
1771051164_F08	MOL5	PDGFRA-CRE	1	cortex S1	1	61	6.611197
1772099042_G11	MOL5	C57BL6	0	dorsal horn	0	NaN	7.16754
1772117096_F05	MOL5	C57BL6	0	dorsal horn	0	26	12.36026
1771051163_G06	MOL5	PDGFRA-CRE	0	cortex S1	1	61	5.969822
1771051164_G04	MOL5	PDGFRA-CRE	1	cortex S1	1	61	6.07035
1772117101_D06	MOL5	C57BL6	0	dorsal horn	0	NaN	14.06038
1771051146_G04	MOL5	PDGFRA-CRE	1	corpus callosum	-1	61	6.435967
1772099041_B02	MOL5	C57BL6	0	dorsal horn	-1	NaN	9.674823
1771051164_H01	MOL5	PDGFRA-CRE	0	cortex S1	1	61	5.212116
1772099092_G02	MOL5	C57BL6	0	dorsal horn	0	20	11.08087
1772096108_D09	MOL5	CD-1	0	SN-VTA	-1	24	8.686001
1772096154_D08	MOL5	CD-1	0	SN-VTA	-1	26	9.47112
1772117108_B03	MOL5	C57BL6	0	dorsal horn	0	NaN	11.4333
1772117028_C07	MOL5	PDGFRA-CRE	1	corpus callosum	-1	61	6.191001
1772072242_G11	MOL5	C57BL6	0	dorsal horn	0	NaN	10.55246
1772117103_C11	MOL5	C57BL6	0	dorsal horn	0	NaN	11.38025
1772099092_A09	MOL5	C57BL6	0	dorsal horn	0	20	9.847048
1772099315_D11	MOL5	C57BL6	0	dorsal horn	1	22	11.36842
1772117037_B04	MOL5	PDGFRA-CRE	0	cortex S1	-1	62	7.452697
1772117104_H07	MOL5	C57BL6	0	dorsal horn	0	NaN	10.36601
1772078024_B04	MOL5	5HT3A-EGFP	0	striatum	1	27	8.394678
1772117124_D04	MOL5	C57BL6	0	dorsal horn	0	27	11.50366
1772063064_D09	MOL5	5HT3A-EGFP	0	cortex S1	1	20	9.577025
1772099093_B02	MOL5	C57BL6	0	dorsal horn	0	20	10.8664
1772099010_D11	MOL5	CD-1	0	SN-VTA	0	24	9.364018
1772117096_A11	MOL5	C57BL6	0	dorsal horn	0	26	8.862267
1772099298_C03	MOL5	C57BL6	0	dorsal horn	0	NaN	11.32694
1772117059_E02	MOL5	C57BL6	0	dorsal horn	0	27	9.485309
1772096151_C08	MOL5	CD-1	0	SN-VTA	0	25	8.232916
1772096151_A05	MOL5	CD-1	0	SN-VTA	-1	25	8.506082
1772117104_D09	MOL5	C57BL6	0	dorsal horn	0	NaN	9.853874
1772117037_D10	MOL5	PDGFRA-CRE	1	cortex S1	-1	62	6.722148
1772099092_D07	MOL5	C57BL6	0	dorsal horn	0	20	12.20698
1772117057_G01	MOL5	C57BL6	0	dorsal horn	0	27	10.87259
1772089199_B03	MOL5	CD-1	0	SN-VTA	-1	23	9.335249
1771051164_D06	MOL5	PDGFRA-CRE	1	cortex S1	1	61	6.529322
1772117107_G09	MOL5	C57BL6	0	dorsal horn	0	NaN	10.34003
1772099303_G04	MOL5	C57BL6	0	dorsal horn	0	NaN	7.674949
1772117035_B03	MOL5	PDGFRA-CRE	0	cortex S1	-1	62	6.671945
1772099303_E12	MOL5	C57BL6	0	dorsal horn	0	NaN	9.284691
1772099154_G11	MOL5	C57BL6	0	dorsal horn	1	18	10.49495
1772096148_E05	MOL5	CD-1	0	SN-VTA	1	24	10.95883
1772117151_D11	MOL5	C57BL6	0	dorsal horn	0	19	13.79484
1772117159_G05	MOL5	C57BL6	0	dorsal horn	0	20	12.93967
1772067069_D04	MOL5	CD-1	0	cortex S1	1	26	8.576934
1772071040_C10	MOL5	CD-1	0	cortex S1	-1	23	9.792266
1772117123_G03	MOL5	C57BL6	0	dorsal horn	0	26	10.44357
1772099315_H08	MOL5	C57BL6	0	dorsal horn	1	22	11.25548
1772099298_H06	MOL5	C57BL6	0	dorsal horn	0	NaN	10.95269
1772099316_H08	MOL5	C57BL6	0	dorsal horn	1	22	9.562972
1772117100_C04	MOL5	C57BL6	0	dorsal horn	0	NaN	11.45093
1772099315_E01	MOL5	C57BL6	0	dorsal horn	1	22	7.788014
1772099092_F12	MOL5	C57BL6	0	dorsal horn	0	20	10.28788
1772067064_B10	MOL5	5HT3A-EGFP	0	cortex S1	-1	24	0
1772099315_G01	MOL5	C57BL6	0	dorsal horn	1	22	9.492395
1772099315_E12	MOL5	C57BL6	0	dorsal horn	1	22	9.364018
1772117055_F04	MOL5	C57BL6	0	dorsal horn	0	28	10.2748
1772063079_F09	MOL5	CD-1	0	cortex S1	1	28	11.39796
1772063074_F12	MOL5	CD-1	0	cortex S1	1	27	8.63164
1772117111_F06	MOL5	C57BL6	0	dorsal horn	0	26	8.529765
1772063070_C06	MOL5	CD-1	0	cortex S1	-1	27	10.67914
1772117100_D12	MOL5	C57BL6	0	dorsal horn	0	NaN	10.84162
1772099304_D08	MOL5	C57BL6	0	dorsal horn	0	NaN	11.55615
1772099301_G02	MOL5	C57BL6	0	dorsal horn	0	NaN	11.7122
1772099305_B04	MOL5	C57BL6	0	dorsal horn	0	NaN	13.17655
1772067073_E11	MOL5	CD-1	0	cortex S1	1	28	10.69801
1772062118_D02	MOL5	CD-1	0	cortex S1	-1	24	10.46287
1772099304_H01	MOL5	C57BL6	0	dorsal horn	0	NaN	9.035096
1772099302_D07	MOL5	C57BL6	0	dorsal horn	0	NaN	10.58427
1772117097_D06	MOL5	C57BL6	0	dorsal horn	0	26	9.640009
1772062116_F05	MOL5	CD-1	0	cortex S1	1	22	10.24202
1772117097_A02	MOL5	C57BL6	0	dorsal horn	0	26	10.29441
1772099090_H09	MOL5	C57BL6	0	dorsal horn	0	20	11.35659
1772099304_G10	MOL5	C57BL6	0	dorsal horn	0	NaN	10.92811
1772117123_H12	MOL5	C57BL6	0	dorsal horn	0	26	9.96246
1772099090_D05	MOL5	C57BL6	0	dorsal horn	0	20	11.63733
1772099298_C12	MOL5	C57BL6	0	dorsal horn	0	NaN	11.78089
1772071036_G02	MOL5	CD-1	0	hippo CA1	1	28	11.43918
1772099303_A06	MOL5	C57BL6	0	dorsal horn	0	NaN	10.97109
1772117124_H03	MOL5	C57BL6	0	dorsal horn	0	27	10.98947
1772099298_B10	MOL5	C57BL6	0	dorsal horn	0	NaN	8.63164
1772117059_G10	MOL5	C57BL6	0	dorsal horn	0	27	10.61599
1772117097_A06	MOL5	C57BL6	0	dorsal horn	0	26	11.75804
1772099302_C05	MOL5	C57BL6	0	dorsal horn	0	NaN	11.03831
1771051164_G01	MOL5	PDGFRA-CRE	1	cortex S1	1	61	7.120478
1772117097_G06	MOL5	C57BL6	0	dorsal horn	0	26	10.67914
1772117059_H10	MOL5	C57BL6	0	dorsal horn	0	27	11.093
1772096149_A01	MOL5	CD-1	0	SN-VTA	-1	25	11.321
1772117096_F09	MOL5	C57BL6	0	dorsal horn	0	26	10.56519
1772072243_D04	MOL5	C57BL6	0	dorsal horn	1	NaN	8.101181
1772067064_D10	MOL5	5HT3A-EGFP	0	cortex S1	-1	24	8.686001
1772099302_A01	MOL5	C57BL6	0	dorsal horn	0	NaN	10.32702
1772117100_D06	MOL5	C57BL6	0	dorsal horn	0	NaN	11.57359
1772099305_G06	MOL5	C57BL6	0	dorsal horn	0	NaN	9.555938
1772071040_C04	MOL5	CD-1	0	cortex S1	-1	23	13.53899
1772117059_G07	MOL5	C57BL6	0	dorsal horn	0	27	11.20758
1772117111_A02	MOL5	C57BL6	0	dorsal horn	0	26	7.43463
1772117102_D10	MOL5	C57BL6	0	dorsal horn	0	NaN	12.05176
1772099304_E06	MOL5	C57BL6	0	dorsal horn	0	NaN	10.16293
1772117059_E06	MOL5	C57BL6	0	dorsal horn	0	27	12.10187
1772117096_F06	MOL5	C57BL6	0	dorsal horn	0	26	11.44506
1772117124_F10	MOL5	C57BL6	0	dorsal horn	0	27	10.79812
1772099092_E07	MOL5	C57BL6	0	dorsal horn	0	20	10.82921
1772099090_F10	MOL5	C57BL6	0	dorsal horn	0	20	10.90347
1772117104_C12	MOL5	C57BL6	0	dorsal horn	0	NaN	12.59736
1772117059_E11	MOL5	C57BL6	0	dorsal horn	0	27	13.88715
1772117124_A09	MOL5	C57BL6	0	dorsal horn	0	27	11.33288
1772117158_B07	MOL5	C57BL6	0	dorsal horn	0	19	10.47571
1772099303_H03	MOL5	C57BL6	0	dorsal horn	0	NaN	11.25548
1772117111_G09	MOL5	C57BL6	0	dorsal horn	0	26	9.853874
1772099302_E10	MOL5	C57BL6	0	dorsal horn	0	NaN	12.4416
1772099298_H10	MOL5	C57BL6	0	dorsal horn	0	NaN	10.47571
1772117123_H07	MOL5	C57BL6	0	dorsal horn	0	26	9.378369
1772117102_H01	MOL5	C57BL6	0	dorsal horn	0	NaN	11.49781
1772117099_E05	MOL5	C57BL6	0	dorsal horn	0	NaN	11.9509
1772117160_B04	MOL5	C57BL6	0	dorsal horn	0	20	10.23546
1772092004_C01	MOL5	C57BL6	0	hypothalamus	-1	29	9.087043
1772099298_A12	MOL5	C57BL6	0	dorsal horn	0	NaN	9.562972
1772117111_H03	MOL5	C57BL6	0	dorsal horn	0	26	9.035096
1772117057_G02	MOL5	C57BL6	0	dorsal horn	0	27	10.30094
1772092277_B10	MOL5	CD-1	0	SN-VTA	-1	27	9.948952
1772063061_D05	MOL5	CD-1	0	cortex S1	-1	31	9.955708
1772099303_F11	MOL5	C57BL6	0	dorsal horn	0	NaN	9.175412
1772099298_E05	MOL5	C57BL6	0	dorsal horn	0	NaN	10.55246
1772117014_H02	MOL5	PDGFRA-CRE	1	corpus callosum	1	60	13.61823
1772092306_H05	MOL5	CD-1	0	DentGyr	-1	23	7.139339
1772117161_D02	MOL5	C57BL6	0	dorsal horn	0	20	10.63497
1772117055_B08	MOL5	C57BL6	0	dorsal horn	0	28	11.83215
1772094138_H04	MOL5	CD-1	0	DentGyr	1	28	7.770726
1772117097_G11	MOL5	C57BL6	0	dorsal horn	0	26	11.82647
1772078018_G11	MOL5	C57BL6	0	hypothalamus	-1	27	10.21573
1772066080_B04	MOL5	CD-1	0	hippo CA1	-1	28	11.90015
1772060225_B06	MOL5	CD-1	0	cortex S1	-1	28	10.02302
1772099003_B09	MOL5	CD-1	0	SN-VTA	1	23	8.142577
1772099316_E10	MOL5	C57BL6	0	dorsal horn	1	22	11.9509
1771051167_A11	MOL5	PDGFRA-CRE	1	corpus callosum	1	60	7.542384
1772117097_F04	MOL5	C57BL6	0	dorsal horn	0	26	10.98335
1771051146_C09	MOL5	PDGFRA-CRE	1	corpus callosum	-1	61	7.941908
1772117037_A04	MOL5	PDGFRA-CRE	1	cortex S1	-1	62	8.952855
1772117034_F12	MOL5	PDGFRA-CRE	1	cortex S1	-1	62	9.012741
1772099304_B06	MOL5	C57BL6	0	dorsal horn	0	NaN	10.44357
1772117096_B11	MOL5	C57BL6	0	dorsal horn	0	26	11.98461
1772062118_D05	MOL5	CD-1	0	cortex S1	-1	24	11.05049
1772117124_G03	MOL5	C57BL6	0	dorsal horn	0	27	9.812845
1772063074_G10	MOL5	CD-1	0	cortex S1	1	27	10.14969
1772117124_E06	MOL5	C57BL6	0	dorsal horn	0	27	11.26145
1772117057_E11	MOL5	C57BL6	0	dorsal horn	0	27	10.67914
1771051150_G01	MOL5	PDGFRA-CRE	1	cortex S1	-1	62	6.909596
1772092012_A04	MOL5	C57BL6	0	hypothalamus	1	28	7.736035
1772063077_F04	MOL5	CD-1	0	cortex S1	-1	26	9.22657
1772117057_A11	MOL5	C57BL6	0	dorsal horn	0	27	10.18936
1772078018_A07	MOL5	C57BL6	0	hypothalamus	-1	27	12.50091
1772099012_A07	MOL5	CD-1	0	SN-VTA	1	24	10.26825
1772099044_E06	MOL5	C57BL6	0	dorsal horn	0	NaN	8.418675
1772066076_E05	MOL5	CD-1	0	hippo CA1	-1	28	8.623846
1772089186_B01	MOL5	C57BL6	0	hypothalamus	-1	28	7.452697
1772117029_C09	MOL5	PDGFRA-CRE	1	corpus callosum	-1	61	7.631016
1772117022_H06	MOL5	CD-1	0	corpus callosum	-1	69	10.64129
1772117096_E12	MOL5	C57BL6	0	dorsal horn	0	26	10.61599
1772062115_B08	MOL5	CD-1	0	cortex S1	-1	28	10.36601
1772063079_C12	MOL5	CD-1	0	cortex S1	1	28	13.19694
1772099009_C12	MOL5	CD-1	0	SN-VTA	-1	24	9.270195
1772078024_E12	MOL5	5HT3A-EGFP	0	striatum	1	27	9.270195
1772096136_C06	MOL5	C57BL6	0	hypothalamus	-1	25	9.97595
1772060226_D04	MOL5	CD-1	0	cortex S1	1	22	11.11722
1772099298_B04	MOL5	C57BL6	0	dorsal horn	0	NaN	9.29193
1772099302_B04	MOL5	C57BL6	0	dorsal horn	0	NaN	10.38546
1772117097_E12	MOL5	C57BL6	0	dorsal horn	0	26	11.01391
1772117031_B06	MOL5	PDGFRA-CRE	1	corpus callosum	-1	61	6.831297
1772099011_H06	MOL5	CD-1	0	SN-VTA	1	24	10.17616
1772099090_E01	MOL5	C57BL6	0	dorsal horn	0	20	9.847048
1772117124_D12	MOL5	C57BL6	0	dorsal horn	0	27	11.52702
1772099304_B10	MOL5	C57BL6	0	dorsal horn	0	NaN	10.03643
1772117111_C11	MOL5	C57BL6	0	dorsal horn	0	26	10.48854
1772099303_G12	MOL5	C57BL6	0	dorsal horn	0	NaN	9.577025
1772099298_D10	MOL5	C57BL6	0	dorsal horn	0	NaN	9.969208
1771051146_H05	MOL5	PDGFRA-CRE	1	corpus callosum	-1	61	7.479716
1772117123_C04	MOL5	C57BL6	0	dorsal horn	0	26	10.92195
1772117111_A08	MOL5	C57BL6	0	dorsal horn	0	26	12.2948
1772117031_E08	MOL5	PDGFRA-CRE	1	corpus callosum	-1	61	7.389268
1772117059_C06	MOL5	C57BL6	0	dorsal horn	0	27	10.35953
1772117097_D10	MOL5	C57BL6	0	dorsal horn	0	26	9.989422
1772117057_H08	MOL5	C57BL6	0	dorsal horn	0	27	11.01391
1772099305_A03	MOL5	C57BL6	0	dorsal horn	0	NaN	11.41564
1772099303_B02	MOL5	C57BL6	0	dorsal horn	0	NaN	10.44357
1772117059_D04	MOL5	C57BL6	0	dorsal horn	0	27	9.131335
1772117035_C05	MOL5	PDGFRA-CRE	1	cortex S1	-1	62	6.841133
1772099298_B02	MOL5	C57BL6	0	dorsal horn	0	NaN	11.35066
1772117096_G04	MOL5	C57BL6	0	dorsal horn	0	26	8.434635
1772099040_B11	MOL5	C57BL6	0	dorsal horn	0	NaN	7.542383
1772117057_G07	MOL5	C57BL6	0	dorsal horn	0	27	10.69173
1772062114_C06	MOL5	CD-1	0	cortex S1	1	27	9.219279
1772072242_A03	MOL5	C57BL6	0	dorsal horn	-1	NaN	0
1772117111_D04	MOL5	C57BL6	0	dorsal horn	0	26	11.98461
1772099305_E11	MOL5	C57BL6	0	dorsal horn	0	NaN	12.20147
1772096162_E12	MOL5	C57BL6	0	hypothalamus	-1	27	9.499477
1772062118_C10	MOL5	CD-1	0	cortex S1	-1	24	9.175412
1772117059_B12	MOL5	C57BL6	0	dorsal horn	0	27	10.15631
1772099316_G10	MOL5	C57BL6	0	dorsal horn	1	22	9.723354
1772062113_C09	MOL5	CD-1	0	cortex S1	-1	26	10.28134
1772075310_E03	MOL5	C57BL6	0	hypothalamus	-1	21	8.378643
1772117123_C06	MOL5	C57BL6	0	dorsal horn	0	26	10.10321
1772092005_B01	MOL5	C57BL6	0	hypothalamus	-1	29	8.314191
1772099305_H04	MOL5	C57BL6	0	dorsal horn	0	NaN	10.68544
1772117111_A10	MOL5	C57BL6	0	dorsal horn	0	26	9.92188
1772099042_H12	MOL5	C57BL6	0	dorsal horn	0	NaN	6.742125
1772099304_D06	MOL5	C57BL6	0	dorsal horn	0	NaN	8.869852
1772117059_C10	MOL5	C57BL6	0	dorsal horn	0	27	9.248408
1772117111_H02	MOL5	C57BL6	0	dorsal horn	0	26	11.08694
1772117097_A12	MOL5	C57BL6	0	dorsal horn	0	26	9.955709
1772117124_G10	MOL5	C57BL6	0	dorsal horn	0	27	13.81432
1772117124_H11	MOL5	C57BL6	0	dorsal horn	0	27	8.808995
1772117057_C04	MOL5	C57BL6	0	dorsal horn	0	27	10.58427
1772063079_A06	MOL5	CD-1	0	cortex S1	1	28	9.688714
1772117096_B04	MOL5	C57BL6	0	dorsal horn	0	26	14.61842
1772094140_D09	MOL5	CD-1	0	DentGyr	1	28	10.92811
1772117123_D03	MOL5	C57BL6	0	dorsal horn	0	26	11.52118
1772117097_C04	MOL5	C57BL6	0	dorsal horn	0	26	11.10512
1772117111_B06	MOL5	C57BL6	0	dorsal horn	0	26	9.42129
1772062114_A06	MOL5	CD-1	0	cortex S1	1	27	9.42129
1772117057_D04	MOL5	C57BL6	0	dorsal horn	0	27	11.0017
1772099316_G08	MOL5	C57BL6	0	dorsal horn	1	22	10.97109
1772117097_E07	MOL5	C57BL6	0	dorsal horn	0	26	9.520689
1772099298_B11	MOL5	C57BL6	0	dorsal horn	0	NaN	8.869852
1772063079_E09	MOL5	CD-1	0	cortex S1	1	28	9.513623
1772099314_D11	MOL5	C57BL6	0	dorsal horn	1	22	10.87259
1772117034_E07	MOL5	PDGFRA-CRE	1	cortex S1	-1	62	7.692451
1772117123_H08	MOL5	C57BL6	0	dorsal horn	0	26	12.04059
1772117057_B12	MOL5	C57BL6	0	dorsal horn	0	27	9.385536
1772117096_H11	MOL5	C57BL6	0	dorsal horn	0	26	10.60965
1772117124_A04	MOL5	C57BL6	0	dorsal horn	0	27	9.356834
1772117012_H11	MOL5	PDGFRA-CRE	1	cortex S1	1	61	8.506082
1772117097_A11	MOL5	C57BL6	0	dorsal horn	0	26	9.057396
1772117059_H11	MOL5	C57BL6	0	dorsal horn	0	27	14.04124
1772060225_G07	MOL5	CD-1	0	cortex S1	-1	28	12.06848
1772099304_A05	MOL5	C57BL6	0	dorsal horn	0	NaN	9.506553
1772066089_F12	MOL5	CD-1	0	hippo CA1	-1	24	9.562972
1772117097_C12	MOL5	C57BL6	0	dorsal horn	0	26	11.61998
1772094138_G02	MOL5	CD-1	0	DentGyr	1	28	8.56124
1772062116_C06	MOL5	CD-1	0	cortex S1	1	22	11.40975
1772099302_D09	MOL5	C57BL6	0	dorsal horn	0	NaN	10.8664
1772117124_E02	MOL5	C57BL6	0	dorsal horn	0	27	10.69173
1772099315_D05	MOL5	C57BL6	0	dorsal horn	1	22	8.662745
1772058148_D07	MOL5	?	0	cortex S1	1	NaN	9.175412
1772099298_E04	MOL5	C57BL6	0	dorsal horn	0	NaN	8.786064
1771051150_B05	MOL5	PDGFRA-CRE	1	cortex S1	-1	62	7.7534
1771051150_E02	MOL5	PDGFRA-CRE	1	cortex S1	-1	62	8.297999
1772072243_G02	VLMC	C57BL6	0	dorsal horn	1	NaN	12.50091
1772099001_D03	VLMC	CD-1	0	SN-VTA	-1	21	9.9151
1772062115_G02	VLMC	CD-1	0	cortex S1	-1	28	9.109216
1772092013_F01	VLMC	C57BL6	0	hypothalamus	1	28	10.60331
1772099001_G11	VLMC	CD-1	0	SN-VTA	0	21	9.492395
1772117037_D06	VLMC	PDGFRA-CRE	1	cortex S1	-1	62	9.667871
1772099046_F10	VLMC	CD-1	0	SN-VTA	-1	21	7.43463
1772099050_G12	VLMC	CD-1	0	Amygdala	1	26	9.306392
1772096122_C02	VLMC	CD-1	0	DentGyr	-1	25	10.3984
1771017028_E08	VLMC	PDGFRA-GFP	1	hippo CA1	1	22	6.059262
1771017032_H04	VLMC	PDGFRA-GFP	1	cortex S1	-1	22	7.524532
1772094131_A12	VLMC	CD-1	0	DentGyr	1	24	10.07655
1771017028_E01	VLMC	PDGFRA-GFP	1	hippo CA1	1	22	5.681252
1772094132_E11	VLMC	CD-1	0	DentGyr	-1	24	8.034503
1771017151_A09	VLMC	PDGFRA-GFP	1	hippo CA1	0	22	7.890943
1772096123_D12	VLMC	CD-1	0	DentGyr	-1	25	10.25514
1772089200_D04	VLMC	CD-1	0	SN-VTA	1	21	8.183764
1771017032_H07	VLMC	PDGFRA-GFP	1	cortex S1	0	22	5.525243
1772125078_C02	VLMC	PDGFRA-CRE	1	corpus callosum	-1	21	9.160743
1771017028_D09	VLMC	PDGFRA-GFP	1	hippo CA1	1	22	6.277291
1772092314_F12	VLMC	CD-1	0	DentGyr	-1	25	7.101565
1772078023_E01	VLMC	C57BL6	0	hypothalamus	-1	27	11.10512
1772078016_D06	VLMC	C57BL6	0	hypothalamus	-1	25	7.497674
1771017031_H03	VLMC	PDGFRA-GFP	1	cortex S1	0	22	7.736035
1771017151_A04	VLMC	PDGFRA-GFP	1	hippo CA1	-1	22	6.234295
1772099011_F05	VLMC	CD-1	0	SN-VTA	0	24	8.824248
1772078033_D07	VLMC	LHX6ICRERFP	0	striatum	1	22	7.586829
1772063065_G04	VLMC	CD-1	0	cortex S1	-1	23	0
1771017032_B10	VLMC	PDGFRA-GFP	1	cortex S1	0	22	6.014708
1772092295_A02	VLMC	LHX6ICRERFP	0	striatum	-1	25	10.05651
1772089200_A01	VLMC	CD-1	0	SN-VTA	-1	21	9.79913
1772096100_D12	VLMC	C57BL6	0	hypothalamus	-1	23	6.446406
1772099045_A03	VLMC	CD-1	0	SN-VTA	-1	21	8.370613
1772117012_E08	VLMC	PDGFRA-CRE	1	cortex S1	1	61	7.186278
1862091105_E10	VLMC	CD-1	0	Amygdala	-1	28	9.492395
1771051150_B06	VLMC	PDGFRA-CRE	1	cortex S1	-1	62	8.960363
1772071044_A05	VLMC	CD-1	0	hippo CA1	-1	24	8.885001
1772096097_E07	VLMC	C57BL6	0	hypothalamus	-1	22	7.813873
1771017031_E05	VLMC	PDGFRA-GFP	1	cortex S1	1	22	6.467235
1772092289_G04	VLMC	CD-1	0	DentGyr	-1	21	8.877429
1771017032_D03	VLMC	PDGFRA-GFP	1	cortex S1	1	22	6.125486
1771017032_D07	VLMC	PDGFRA-GFP	1	cortex S1	1	22	7.2977
1772117022_C04	VLMC	CD-1	0	corpus callosum	-1	69	10.71058
1772096102_G05	VLMC	C57BL6	0	hypothalamus	-1	23	7.683705
1772084018_F01	VLMC	CD-1	0	SN-VTA	1	24	11.39796
1771017032_A06	VLMC	PDGFRA-GFP	1	cortex S1	1	22	6.781901
1772117014_C09	VLMC	PDGFRA-CRE	1	corpus callosum	1	60	9.61906
1772117137_C02	VLMC	C57BL6	0	dorsal horn	0	20	8.716912
1771017032_E02	VLMC	PDGFRA-GFP	1	cortex S1	1	22	7.251482
1771017152_E02	VLMC	PDGFRA-GFP	1	hippo CA1	0	22	7.204968
1772099070_E05	VLMC	CD-1	0	ZonaIncerta	0	19	8.793714
1771017032_H08	VLMC	PDGFRA-GFP	1	cortex S1	0	22	7.461714
1772078033_A02	VLMC	LHX6ICRERFP	0	striatum	1	22	11.72941
1772099072_E05	VLMC	CD-1	0	ZonaIncerta	1	19	10.60331
1771017030_A07	VLMC	PDGFRA-GFP	1	cortex S1	1	22	7.744722
1771017030_F12	VLMC	PDGFRA-GFP	1	cortex S1	1	22	11.25548
1771051164_E02	VLMC	PDGFRA-CRE	1	cortex S1	1	61	6.212686
1772096097_E12	VLMC	C57BL6	0	hypothalamus	-1	22	8.362576
1772096140_B12	VLMC	C57BL6	0	hypothalamus	1	19	10.51415
1772078016_E05	VLMC	C57BL6	0	hypothalamus	-1	25	9.716436
1772075317_E10	VLMC	C57BL6	0	hypothalamus	-1	16	12.3112
1772092261_G08	VLMC	CD-1	0	DentGyr	-1	21	10.41778
1772062111_G07	VLMC	CD-1	0	cortex S1	1	24	9.34245
1771017032_G05	VLMC	PDGFRA-GFP	1	cortex S1	1	22	6.212685
1772075317_G01	VLMC	C57BL6	0	hypothalamus	-1	16	14.89637
1772117035_G05	VLMC	PDGFRA-CRE	1	cortex S1	-1	62	8.847079
1771017033_B11	VLMC	PDGFRA-GFP	1	cortex S1	1	22	6.671944
1772089186_C12	VLMC	C57BL6	0	hypothalamus	-1	28	11.90015
1771051150_A01	VLMC	PDGFRA-CRE	1	cortex S1	-1	62	8.386665
1771051150_F07	VLMC	PDGFRA-CRE	1	cortex S1	-1	62	8.482333
1772096139_B07	VLMC	C57BL6	0	hypothalamus	1	19	10.20914
1771017032_D05	VLMC	PDGFRA-GFP	1	cortex S1	1	22	5.464053
1772096084_B06	VLMC	CD-1	0	SN-VTA	1	19	10.29441
1771017031_E11	VLMC	PDGFRA-GFP	1	cortex S1	1	22	5.740126
1771017028_E12	VLMC	PDGFRA-GFP	1	hippo CA1	1	22	6.456829
1771017029_H12	VLMC	PDGFRA-GFP	1	hippo CA1	1	22	7.015828
1772099090_F12	MOL3	C57BL6	0	dorsal horn	0	20	11.6026
1772099035_C04	MOL3	CD-1	0	ZonaIncerta	-1	21	10.66023
1772099011_G12	MOL3	CD-1	0	SN-VTA	-1	24	8.63164
1772099011_A08	MOL3	CD-1	0	SN-VTA	1	24	7.129914
1772099002_D08	MOL3	CD-1	0	SN-VTA	0	23	9.41415
1772117037_B09	MOL3	PDGFRA-CRE	1	cortex S1	-1	62	7.907968
1772099003_B12	MOL3	CD-1	0	SN-VTA	1	23	9.853874
1772099035_B08	MOL3	CD-1	0	ZonaIncerta	1	21	11.83783
1772099033_B02	MOL3	CD-1	0	ZonaIncerta	1	20	11.55615
1772096150_A04	MOL3	CD-1	0	SN-VTA	0	25	6.929031
1772094143_A08	MOL3	CD-1	0	SN-VTA	-1	24	8.885001
1772096154_D04	MOL3	CD-1	0	SN-VTA	-1	26	10.13643
1772096094_H06	MOL3	CD-1	0	SN-VTA	1	21	8.576934
1772063062_E11	MOL3	5HT3A-EGFP	0	cortex S1	1	20	11.5794
1772099080_H06	MOL3	CD-1	0	ZonaIncerta	1	22	12.71953
1772096150_H01	MOL3	CD-1	0	SN-VTA	-1	25	9.66787
1772099076_D09	MOL3	CD-1	0	ZonaIncerta	1	21	11.69496
1772099010_E12	MOL3	CD-1	0	SN-VTA	1	24	11.05657
1771051147_C04	MOL3	PDGFRA-CRE	1	corpus callosum	-1	21	13.57867
1771051146_D02	MOL3	PDGFRA-CRE	1	corpus callosum	-1	61	9.79913
1772117031_C03	MOL3	PDGFRA-CRE	1	corpus callosum	-1	61	8.265522
1772062109_H04	MOL3	CD-1	0	cortex S1	1	22	0
1772117029_F06	MOL3	PDGFRA-CRE	1	corpus callosum	-1	61	7.788014
1772099303_B03	MOL3	C57BL6	0	dorsal horn	0	NaN	10.77318
1772096086_D11	MOL3	CD-1	0	SN-VTA	1	20	13.25287
1772096086_B02	MOL3	CD-1	0	SN-VTA	1	20	12.43619
1772096156_B11	MOL3	CD-1	0	SN-VTA	-1	26	10.46929
1772099083_C12	MOL3	CD-1	0	ZonaIncerta	-1	22	9.591057
1772096110_C12	MOL3	CD-1	0	SN-VTA	1	24	10.38546
1772117031_E02	MOL3	PDGFRA-CRE	1	corpus callosum	-1	61	8.732327
1772063063_D08	MOL3	5HT3A-EGFP	0	cortex S1	-1	21	11.75232
1772099302_D06	MOL3	C57BL6	0	dorsal horn	0	NaN	9.492395
1772092003_B03	MOL3	CD-1	0	SN-VTA	0	20	12.28933
1772096108_G02	MOL3	CD-1	0	SN-VTA	0	24	9.723354
1772067064_C10	MOL3	5HT3A-EGFP	0	cortex S1	-1	24	0
1772084018_B11	MOL3	CD-1	0	SN-VTA	1	24	11.38615
1772096091_C02	MOL3	CD-1	0	SN-VTA	1	20	9.688714
1772099008_F03	MOL3	CD-1	0	SN-VTA	1	23	9.29193
1772096087_B06	MOL3	CD-1	0	SN-VTA	1	20	11.5445
1772096156_E07	MOL3	CD-1	0	SN-VTA	-1	26	10.66023
1772096152_G05	MOL3	CD-1	0	SN-VTA	-1	26	7.907968
1772099043_B11	MOL3	C57BL6	0	dorsal horn	-1	NaN	10.08989
1772063062_H08	MOL3	5HT3A-EGFP	0	cortex S1	1	20	11.78089
1772092262_B03	MOL3	LHX6ICRERFP	0	striatum	1	28	9.82654
1772099315_H04	MOL3	C57BL6	0	dorsal horn	1	22	11.0444
1771017034_A10	MOL3	PDGFRA-GFP	0	cortex S1	1	90	10.87877
1772096117_C06	MOL3	CD-1	0	SN-VTA	-1	26	9.548898
1772096085_E10	MOL3	CD-1	0	SN-VTA	1	19	13.85321
1772117123_A11	MOL3	C57BL6	0	dorsal horn	0	26	11.52118
1772096148_G10	MOL3	CD-1	0	SN-VTA	0	24	10.64129
1772063061_D01	MOL3	CD-1	0	cortex S1	-1	31	8.732326
1771051146_E11	MOL3	PDGFRA-CRE	1	corpus callosum	-1	61	8.370614
1772099046_D02	MOL3	CD-1	0	SN-VTA	-1	21	8.885001
1772071041_A08	MOL3	CD-1	0	cortex S1	-1	23	0
1772099302_A05	MOL3	C57BL6	0	dorsal horn	0	NaN	9.598066
1772063074_C12	MOL3	CD-1	0	cortex S1	1	27	11.0017
1772062115_B06	MOL3	CD-1	0	cortex S1	-1	28	9.47112
1772071040_G05	MOL3	CD-1	0	cortex S1	-1	23	10.74818
1772096154_F05	MOL3	CD-1	0	SN-VTA	-1	26	10.46287
1772117108_A08	MOL3	C57BL6	0	dorsal horn	0	NaN	12.61336
1772096154_C10	MOL3	CD-1	0	SN-VTA	1	26	10.5397
1772092296_G03	MOL3	LHX6ICRERFP	0	striatum	-1	25	10.48213
1772084018_F09	MOL3	CD-1	0	SN-VTA	0	24	10.60331
1772063061_G08	MOL3	CD-1	0	cortex S1	-1	31	9.881133
1772099035_F11	MOL3	CD-1	0	ZonaIncerta	1	21	10.48213
1772062111_E04	MOL3	CD-1	0	cortex S1	1	24	10.19596
1772096146_E12	MOL3	CD-1	0	SN-VTA	-1	24	9.175412
1772096110_C04	MOL3	CD-1	0	SN-VTA	-1	24	9.646982
1772062111_G01	MOL3	CD-1	0	cortex S1	1	24	13.66259
1772063061_D10	MOL3	CD-1	0	cortex S1	-1	31	9.356834
1772096108_E11	MOL3	CD-1	0	SN-VTA	1	24	8.608237
1772096116_G07	MOL3	CD-1	0	SN-VTA	1	26	11.20758
1772096162_E04	MOL3	C57BL6	0	hypothalamus	-1	27	6.456829
1772096106_G05	MOL3	CD-1	0	SN-VTA	-1	24	9.478217
1772096087_A03	MOL3	CD-1	0	SN-VTA	1	20	11.10512
1772096086_E03	MOL3	CD-1	0	SN-VTA	1	20	9.534804
1772096117_A04	MOL3	CD-1	0	SN-VTA	1	26	8.529765
1772063079_F04	MOL3	CD-1	0	cortex S1	1	28	10.0632
1772096094_E03	MOL3	CD-1	0	SN-VTA	1	21	7.890943
1772096171_D03	MOL3	C57BL6	0	hypothalamus	-1	28	12.27838
1772096087_H05	MOL3	CD-1	0	SN-VTA	-1	20	13.151
1772096152_A03	MOL3	CD-1	0	SN-VTA	1	26	10.19596
1772062114_F05	MOL3	CD-1	0	cortex S1	1	27	11.47439
1772117160_E03	MOL3	C57BL6	0	dorsal horn	0	20	10.80434
1772096146_B05	MOL3	CD-1	0	SN-VTA	0	24	10.24859
1772096152_A01	MOL3	CD-1	0	SN-VTA	1	26	11.29126
1772096118_D03	MOL3	CD-1	0	SN-VTA	1	26	9.584043
1772062113_A08	MOL3	CD-1	0	cortex S1	-1	26	10.97109
1772096083_G12	MOL3	CD-1	0	SN-VTA	1	19	11.08087
1772060240_B12	MOL3	CD-1	0	cortex S1	-1	23	10.04313
1772096148_H12	MOL3	CD-1	0	SN-VTA	1	24	10.49495
1772096154_D09	MOL3	CD-1	0	SN-VTA	1	26	12.10187
1772096151_H07	MOL3	CD-1	0	SN-VTA	-1	25	9.908316
1772096106_F12	MOL3	CD-1	0	SN-VTA	-1	24	10.59062
1772094143_D07	MOL3	CD-1	0	SN-VTA	-1	24	10.17616
1772062115_B10	MOL3	CD-1	0	cortex S1	-1	28	8.370613
1772096094_C10	MOL3	CD-1	0	SN-VTA	-1	21	11.9509
1772096110_E09	MOL3	CD-1	0	SN-VTA	1	24	10.01631
1772099302_D08	MOL3	C57BL6	0	dorsal horn	0	NaN	12.93447
1772099045_D04	MOL3	CD-1	0	SN-VTA	-1	21	10.92811
1772094136_E10	MOL3	CD-1	0	SN-VTA	1	21	10.97109
1772096156_A11	MOL3	CD-1	0	SN-VTA	-1	26	10.05651
1772096094_E09	MOL3	CD-1	0	SN-VTA	1	21	11.35658
1772094143_E05	MOL3	CD-1	0	SN-VTA	0	24	9.61906
1772096154_A10	MOL3	CD-1	0	SN-VTA	1	26	11.39206
1772072242_G08	MOL3	C57BL6	0	dorsal horn	-1	NaN	10.98335
1772096152_C05	MOL3	CD-1	0	SN-VTA	0	26	8.967864
1772099003_A07	MOL3	CD-1	0	SN-VTA	1	23	11.36842
1772096087_G07	MOL3	CD-1	0	SN-VTA	1	20	8.498173
1772096094_G01	MOL3	CD-1	0	SN-VTA	1	21	11.76947
1772084018_H02	MOL3	CD-1	0	SN-VTA	1	24	9.175412
1772072242_E08	MOL3	C57BL6	0	dorsal horn	-1	NaN	8.816624
1772094143_B10	MOL3	CD-1	0	SN-VTA	-1	24	10.57792
1772096088_C12	MOL3	CD-1	0	SN-VTA	1	20	11.27338
1772096097_E10	MOL3	C57BL6	0	hypothalamus	-1	22	10.61599
1772099086_B03	MOL3	CD-1	0	ZonaIncerta	-1	22	11.08694
1772099031_H10	MOL3	CD-1	0	ZonaIncerta	1	20	8.142577
1772099008_A05	MOL3	CD-1	0	SN-VTA	-1	23	10.11651
1772096150_C12	MOL3	CD-1	0	SN-VTA	-1	25	12.43078
1772096106_A03	MOL3	CD-1	0	SN-VTA	-1	24	11.66041
1772096150_D03	MOL3	CD-1	0	SN-VTA	-1	25	9.674823
1772062113_B11	MOL3	CD-1	0	cortex S1	-1	26	11.44506
1772096108_E03	MOL3	CD-1	0	SN-VTA	1	24	10.43713
1772096148_B09	MOL3	CD-1	0	SN-VTA	-1	24	12.47937
1772096150_H07	MOL3	CD-1	0	SN-VTA	0	25	9.087043
1772072243_F02	MOL3	C57BL6	0	dorsal horn	1	NaN	9.955708
1772099040_C01	MOL3	C57BL6	0	dorsal horn	-1	NaN	9.012741
1772096146_A11	MOL3	CD-1	0	SN-VTA	-1	24	10.78565
1772096106_G09	MOL3	CD-1	0	SN-VTA	0	24	11.02002
1772096094_A11	MOL3	CD-1	0	SN-VTA	0	21	10.65393
1772096152_C01	MOL3	CD-1	0	SN-VTA	0	26	8.600422
1772092003_G07	MOL3	CD-1	0	SN-VTA	1	20	11.18356
1772096088_G04	MOL3	CD-1	0	SN-VTA	-1	20	7.613372
1772094136_F04	MOL3	CD-1	0	SN-VTA	0	21	13.22239
1772099009_F05	MOL3	CD-1	0	SN-VTA	-1	24	11.72368
1772096116_H11	MOL3	CD-1	0	SN-VTA	-1	26	6.909595
1772092277_E01	MOL3	CD-1	0	SN-VTA	-1	27	8.553382
1772096097_C05	MOL3	C57BL6	0	hypothalamus	-1	22	8.793714
1772062113_A12	MOL3	CD-1	0	cortex S1	-1	26	10.52055
1772117029_H03	MOL3	PDGFRA-CRE	1	corpus callosum	-1	61	8.059573
1772117156_A06	MOL3	C57BL6	0	dorsal horn	0	19	11.0748
1772117159_B10	MOL3	C57BL6	0	dorsal horn	0	20	10.87877
1772063074_G12	MOL3	CD-1	0	cortex S1	1	27	10.87877
1772099070_D11	MOL3	CD-1	0	ZonaIncerta	1	19	11.6026
1772092003_C10	MOL3	CD-1	0	SN-VTA	-1	20	12.69307
1772071041_A12	MOL3	CD-1	0	cortex S1	-1	23	10.823
1772094135_E11	MOL3	CD-1	0	SN-VTA	1	19	11.6026
1772096094_B07	MOL3	CD-1	0	SN-VTA	1	21	10.15631
1772096084_H01	MOL3	CD-1	0	SN-VTA	1	19	12.02383
1772096151_A08	MOL3	CD-1	0	SN-VTA	-1	25	7.639823
1772063074_G04	MOL3	CD-1	0	cortex S1	1	27	9.908316
1772062111_G02	MOL3	CD-1	0	cortex S1	1	24	11.8094
1772084018_G01	MOL3	CD-1	0	SN-VTA	1	24	9.833381
1772063078_B07	MOL3	CD-1	0	cortex S1	-1	27	11.321
1772099298_H09	MOL3	C57BL6	0	dorsal horn	0	NaN	13.42928
1772099010_C11	MOL3	CD-1	0	SN-VTA	-1	24	12.61336
1772096108_C07	MOL3	CD-1	0	SN-VTA	1	24	12.05733
1772117012_E05	MOL3	PDGFRA-CRE	1	cortex S1	1	61	8.362576
1772060240_G11	MOL3	CD-1	0	cortex S1	-1	23	10.23545
1772099044_E02	MOL3	C57BL6	0	dorsal horn	-1	NaN	9.737175
1772099031_C10	MOL3	CD-1	0	ZonaIncerta	1	20	8.716912
1772094143_E01	MOL3	CD-1	0	SN-VTA	1	24	10.84782
1772072242_F01	MOL3	C57BL6	0	dorsal horn	-1	NaN	7.577961
1772117160_F01	MOL3	C57BL6	0	dorsal horn	0	20	12.05176
1772096148_E07	MOL3	CD-1	0	SN-VTA	-1	24	11.87187
1772096087_D04	MOL3	CD-1	0	SN-VTA	1	20	9.22657
1772096148_B03	MOL3	CD-1	0	SN-VTA	-1	24	11.12327
1772062116_D04	MOL3	CD-1	0	cortex S1	1	22	11.0017
1772099028_E09	MOL3	CD-1	0	ZonaIncerta	-1	20	10.17616
1772092296_B05	MOL3	LHX6ICRERFP	0	striatum	-1	25	10.76693
1772099011_A10	MOL3	CD-1	0	SN-VTA	-1	24	11.34474
1772117108_H01	MOL3	C57BL6	0	dorsal horn	0	NaN	11.42153
1772096108_B01	MOL3	CD-1	0	SN-VTA	-1	24	9.449797
1772096152_C07	MOL3	CD-1	0	SN-VTA	-1	26	6.014708
1772084018_A08	MOL3	CD-1	0	SN-VTA	-1	24	9.485309
1772094136_C12	MOL3	CD-1	0	SN-VTA	1	21	11.87187
1772060224_C10	MOL3	CD-1	0	cortex S1	1	24	10.35303
1772094143_E07	MOL3	CD-1	0	SN-VTA	1	24	9.65395
1772063062_G01	MOL3	5HT3A-EGFP	0	cortex S1	1	20	10.37898
1772089202_H11	MOL3	CD-1	0	SN-VTA	-1	22	8.915222
1772071040_F07	MOL3	CD-1	0	cortex S1	-1	23	7.692451
1772099046_D06	MOL3	CD-1	0	SN-VTA	-1	21	12.38743
1772072242_G02	MOL3	C57BL6	0	dorsal horn	-1	NaN	8.709194
1772096108_C09	MOL3	CD-1	0	SN-VTA	0	24	10.86021
1772096117_F02	MOL3	CD-1	0	SN-VTA	0	26	12.31666
1772117099_G05	MOL3	C57BL6	0	dorsal horn	0	NaN	11.06873
1772096150_G07	MOL3	CD-1	0	SN-VTA	-1	25	8.306099
1772096085_B12	MOL3	CD-1	0	SN-VTA	1	19	11.7923
1772096148_H10	MOL3	CD-1	0	SN-VTA	1	24	12.2235
1772096151_F02	MOL3	CD-1	0	SN-VTA	0	25	10.33353
1772096084_C02	MOL3	CD-1	0	SN-VTA	1	19	8.740023
1772096087_A08	MOL3	CD-1	0	SN-VTA	1	20	12.40913
1772092002_F12	MOL3	CD-1	0	SN-VTA	0	20	10.81056
1772096088_H12	MOL3	CD-1	0	SN-VTA	-1	20	11.321
1772117014_A07	MOL3	PDGFRA-CRE	1	corpus callosum	1	60	8.63164
1772099072_D03	MOL3	CD-1	0	ZonaIncerta	1	19	11.34474
1772125087_G09	MOL3	PDGFRA-CRE	1	corpus callosum	-1	22	11.44506
1772099073_G07	MOL3	CD-1	0	ZonaIncerta	1	21	11.18356
1772096094_H07	MOL3	CD-1	0	SN-VTA	-1	21	11.19557
1772099313_G04	MOL3	C57BL6	0	dorsal horn	1	22	11.34473
1772062113_D09	MOL3	CD-1	0	cortex S1	-1	26	9.709513
1772117123_D08	MOL3	C57BL6	0	dorsal horn	0	26	10.97722
1772094143_C06	MOL3	CD-1	0	SN-VTA	-1	24	9.570001
1772096087_A04	MOL3	CD-1	0	SN-VTA	-1	20	11.8662
1772096083_C12	MOL3	CD-1	0	SN-VTA	1	19	8.778407
1772096085_F11	MOL3	CD-1	0	SN-VTA	1	19	9.385536
1772063062_B04	MOL3	5HT3A-EGFP	0	cortex S1	1	20	11.5794
1772096093_B09	MOL3	CD-1	0	SN-VTA	1	21	10.18936
1772096148_B04	MOL3	CD-1	0	SN-VTA	1	24	9.737175
1772096092_B03	MOL3	CD-1	0	SN-VTA	0	21	10.50776
1772089190_D01	MOL3	C57BL6	0	hypothalamus	-1	27	10.67284
1772117107_H03	MOL3	C57BL6	0	dorsal horn	0	NaN	8.232916
1772117137_D08	MOL3	C57BL6	0	dorsal horn	0	20	11.53868
1772099303_H06	MOL3	C57BL6	0	dorsal horn	0	NaN	12.77756
1772092277_C04	MOL3	CD-1	0	SN-VTA	-1	27	10.48213
1772099086_E01	MOL3	CD-1	0	ZonaIncerta	-1	22	11.37433
1772099036_F10	MOL3	CD-1	0	ZonaIncerta	0	21	10.20914
1772063062_G11	MOL3	5HT3A-EGFP	0	cortex S1	1	20	10.01631
1772096152_F10	MOL3	CD-1	0	SN-VTA	-1	26	11.11722
1772096087_G10	MOL3	CD-1	0	SN-VTA	1	20	13.11516
1772096085_E01	MOL3	CD-1	0	SN-VTA	1	19	9.42129
1772099002_H11	MOL3	CD-1	0	SN-VTA	1	23	9.392698
1772084018_B01	MOL3	CD-1	0	SN-VTA	-1	24	9.764759
1772096146_E10	MOL3	CD-1	0	SN-VTA	-1	24	8.134315
1772096092_D10	MOL3	CD-1	0	SN-VTA	-1	21	10.39193
1772096093_A03	MOL3	CD-1	0	SN-VTA	1	21	10.97109
1772063078_B06	MOL3	CD-1	0	cortex S1	-1	27	10.09655
1772084018_G05	MOL3	CD-1	0	SN-VTA	1	24	9.520689
1772071040_D04	MOL3	CD-1	0	cortex S1	-1	23	11.0444
1772092002_D05	MOL3	CD-1	0	SN-VTA	-1	20	11.14742
1772096086_H12	MOL3	CD-1	0	SN-VTA	1	20	11.0748
1772099015_B04	MOL3	C57BL6	0	dorsal horn	1	NaN	10.03643
1772072242_F05	MOL3	C57BL6	0	dorsal horn	-1	NaN	0
1772096100_F05	MOL3	C57BL6	0	hypothalamus	-1	23	9.335249
1772096094_G05	MOL3	CD-1	0	SN-VTA	-1	21	8.892566
1772096091_E05	MOL3	CD-1	0	SN-VTA	-1	20	11.35658
1772099075_C09	MOL3	CD-1	0	ZonaIncerta	-1	21	11.00781
1772099001_D07	MOL3	CD-1	0	SN-VTA	-1	21	11.56196
1772094135_B03	MOL3	CD-1	0	SN-VTA	1	19	10.39193
1772099045_A09	MOL3	CD-1	0	SN-VTA	-1	21	12.30574
1772096094_A05	MOL3	CD-1	0	SN-VTA	-1	21	14.40527
1772099086_A09	MOL3	CD-1	0	ZonaIncerta	-1	22	10.38546
1772063062_A08	MOL3	5HT3A-EGFP	0	cortex S1	1	20	0
1862091030_D12	MOL3	CD-1	0	Amygdala	1	26	8.808994
1772092270_C04	MOL3	CD-1	0	DentGyr	1	23	11.8662
1772084018_B05	MOL3	CD-1	0	SN-VTA	-1	24	9.674823
1772099031_D11	MOL3	CD-1	0	ZonaIncerta	-1	20	9.47112
1772117015_G09	MOL3	PDGFRA-CRE	1	corpus callosum	1	60	6.191001
1772099071_B11	MOL3	CD-1	0	ZonaIncerta	-1	19	7.443669
1772099076_C09	MOL3	CD-1	0	ZonaIncerta	-1	21	9.02765
1772096085_G05	MOL3	CD-1	0	SN-VTA	1	19	12.21249
1772096106_D01	MOL3	CD-1	0	SN-VTA	1	24	10.61599
1772096151_C06	MOL3	CD-1	0	SN-VTA	0	25	10.73566
1772096091_E08	MOL3	CD-1	0	SN-VTA	-1	20	10.06988
1772096084_G06	MOL3	CD-1	0	SN-VTA	1	19	10.53332
1772099037_H12	MOL3	CD-1	0	ZonaIncerta	-1	21	9.349645
1772060225_D12	MOL3	CD-1	0	cortex S1	-1	28	10.43713
1772096094_G09	MOL3	CD-1	0	SN-VTA	1	21	11.50366
1772062115_C06	MOL3	CD-1	0	cortex S1	-1	28	10.45644
1772099009_D02	MOL3	CD-1	0	SN-VTA	1	24	9.101831
1772096094_C02	MOL3	CD-1	0	SN-VTA	1	21	11.09906
1772096106_B03	MOL3	CD-1	0	SN-VTA	1	24	8.960363
1772062114_H12	MOL3	CD-1	0	cortex S1	1	27	10.41778
1772099086_H05	MOL3	CD-1	0	ZonaIncerta	-1	22	9.695652
1772096088_C03	MOL3	CD-1	0	SN-VTA	-1	20	11.37433
1772096151_C01	MOL3	CD-1	0	SN-VTA	-1	25	6.771979
1772099093_H12	MOL3	C57BL6	0	dorsal horn	0	20	11.25548
1772099035_F12	MOL3	CD-1	0	ZonaIncerta	1	21	9.660913
1772099001_A06	MOL3	CD-1	0	SN-VTA	-1	21	11.321
1772117111_A07	MOL3	C57BL6	0	dorsal horn	0	26	9.778522
1772092276_A10	MOL3	CD-1	0	SN-VTA	-1	27	10.77318
1772099043_E05	MOL3	C57BL6	0	dorsal horn	-1	NaN	8.693739
1772096106_G02	MOL3	CD-1	0	SN-VTA	-1	24	8.208377
1772099036_B11	MOL3	CD-1	0	ZonaIncerta	-1	21	12.91366
1862091020_E09	MOL3	CD-1	0	Amygdala	-1	22	8.450564
1772096094_F07	MOL3	CD-1	0	SN-VTA	-1	21	6.870557
1771051146_H11	MOL3	PDGFRA-CRE	1	corpus callosum	-1	61	9.248408
1772099298_A06	MOL3	C57BL6	0	dorsal horn	0	NaN	8.183764
1772096088_D08	MOL3	CD-1	0	SN-VTA	0	20	11.03221
1772063074_A11	MOL3	CD-1	0	cortex S1	1	27	10.76693
1772099047_B12	MOL3	CD-1	0	SN-VTA	-1	21	12.79859
1772117108_B11	MOL3	C57BL6	0	dorsal horn	0	NaN	9.499477
1771051167_G08	MOL3	PDGFRA-CRE	1	corpus callosum	1	60	10.17616
1772117159_B12	MOL3	C57BL6	0	dorsal horn	0	20	14.79673
1772117161_C02	MOL3	C57BL6	0	dorsal horn	0	20	10.37898
1772117097_D07	MOL3	C57BL6	0	dorsal horn	0	26	11.4568
1772099080_E10	MOL3	CD-1	0	ZonaIncerta	-1	22	11.49781
1772084018_A09	MOL3	CD-1	0	SN-VTA	1	24	10.74192
1772094143_B03	MOL3	CD-1	0	SN-VTA	-1	24	8.616045
1772089205_B11	MOL3	CD-1	0	SN-VTA	-1	22	10.25514
1772096118_H10	MOL3	CD-1	0	SN-VTA	-1	26	9.29193
1772099047_B05	MOL3	CD-1	0	SN-VTA	-1	21	10.39193
1772063062_G05	MOL3	5HT3A-EGFP	0	cortex S1	1	20	11.24352
1772062114_F03	MOL3	CD-1	0	cortex S1	1	27	10.24859
1772096146_C08	MOL3	CD-1	0	SN-VTA	-1	24	12.01823
1772063074_A04	MOL3	CD-1	0	cortex S1	1	27	9.901527
1772063078_C07	MOL3	CD-1	0	cortex S1	-1	27	10.81056
1772063078_H04	MOL3	CD-1	0	cortex S1	-1	27	11.06873
1772099041_C03	MOL3	C57BL6	0	dorsal horn	0	NaN	10.65393
1772099046_A10	MOL3	CD-1	0	SN-VTA	-1	21	10.62232
1772096172_G08	MOL3	C57BL6	0	hypothalamus	-1	28	10.37898
1772096148_D01	MOL3	CD-1	0	SN-VTA	-1	24	10.2617
1772084018_E08	MOL3	CD-1	0	SN-VTA	1	24	9.840217
1772096083_G01	MOL3	CD-1	0	SN-VTA	1	19	9.989422
1772099008_D08	MOL3	CD-1	0	SN-VTA	1	23	11.73514
1772072242_C10	MOL3	C57BL6	0	dorsal horn	-1	NaN	10.02973
1772096083_H11	MOL3	CD-1	0	SN-VTA	1	19	9.66787
1772096118_A03	MOL3	CD-1	0	SN-VTA	0	26	7.586829
1772096091_G03	MOL3	CD-1	0	SN-VTA	-1	20	11.0017
1772092003_C01	MOL3	CD-1	0	SN-VTA	1	20	8.109477
1772071041_A10	MOL3	CD-1	0	cortex S1	-1	23	9.168081
1772096151_G01	MOL3	CD-1	0	SN-VTA	-1	25	10.62232
1772072240_C03	MOL3	C57BL6	0	dorsal horn	-1	NaN	10.55246
1772060225_E02	MOL3	CD-1	0	cortex S1	-1	28	11.2495
1772096088_B05	MOL3	CD-1	0	SN-VTA	1	20	11.21358
1772099043_H12	MOL3	C57BL6	0	dorsal horn	0	NaN	8.5926
1772096116_B02	MOL3	CD-1	0	SN-VTA	1	26	11.5852
1772099154_D08	MOL3	C57BL6	0	dorsal horn	1	18	13.67243
1772092003_H11	MOL3	CD-1	0	SN-VTA	-1	20	8.808994
1772092277_B11	MOL3	CD-1	0	SN-VTA	-1	27	12.4578
1772096084_E05	MOL3	CD-1	0	SN-VTA	1	19	11.47439
1772096168_E10	MOL3	C57BL6	0	hypothalamus	-1	28	10.33353
1772089205_A04	MOL3	CD-1	0	SN-VTA	1	22	9.577025
1772096091_D05	MOL3	CD-1	0	SN-VTA	1	20	10.1298
1772099040_F01	MOL3	C57BL6	0	dorsal horn	0	NaN	10.67914
1772099015_E10	MOL3	C57BL6	0	dorsal horn	1	NaN	11.10512
1772062118_A03	MOL3	CD-1	0	cortex S1	1	24	11.87753
1772096156_A08	MOL3	CD-1	0	SN-VTA	0	26	12.1407
1772096118_A06	MOL3	CD-1	0	SN-VTA	-1	26	9.764759
1772072242_H09	MOL3	C57BL6	0	dorsal horn	-1	NaN	15.83718
1772096084_F05	MOL3	CD-1	0	SN-VTA	1	19	10.29441
1772099080_C02	MOL3	CD-1	0	ZonaIncerta	1	22	10.71686
1772078019_A05	MOL3	C57BL6	0	hypothalamus	-1	27	11.85486
1772089199_E01	MOL3	CD-1	0	SN-VTA	-1	23	9.123968
1772096085_A08	MOL3	CD-1	0	SN-VTA	1	19	11.33288
1772099071_C04	MOL3	CD-1	0	ZonaIncerta	-1	19	11.65465
1772096175_D06	MOL3	C57BL6	0	hypothalamus	-1	29	10.83541
1772096148_D11	MOL3	CD-1	0	SN-VTA	-1	24	11.093
1772092309_A01	MOL3	5HT3A-EGFP	0	striatum	1	22	10.59062
1772096156_B10	MOL3	CD-1	0	SN-VTA	-1	26	10.84782
1772099008_G10	MOL3	CD-1	0	SN-VTA	1	23	9.785396
1772096152_A12	MOL3	CD-1	0	SN-VTA	1	26	9.955708
1772096146_H01	MOL3	CD-1	0	SN-VTA	-1	24	8.314191
1772099045_D03	MOL3	CD-1	0	SN-VTA	-1	21	10.04982
1772089205_A05	MOL3	CD-1	0	SN-VTA	-1	22	10.66654
1772096152_B01	MOL3	CD-1	0	SN-VTA	0	26	9.255676
1772092311_D05	MOL3	5HT3A-EGFP	0	striatum	1	22	10.79812
1772096084_F02	MOL3	CD-1	0	SN-VTA	1	19	8.967864
1772099039_G06	MOL3	C57BL6	0	dorsal horn	-1	NaN	9.702585
1772096108_E01	MOL3	CD-1	0	SN-VTA	-1	24	8.662745
1772099042_D04	MOL3	C57BL6	0	dorsal horn	-1	NaN	10.52055
1772096091_C01	MOL3	CD-1	0	SN-VTA	1	20	10.80434
1772096151_A11	MOL3	CD-1	0	SN-VTA	-1	25	8.724622
1772092003_D05	MOL3	CD-1	0	SN-VTA	-1	20	11.56196
1772096108_A05	MOL3	CD-1	0	SN-VTA	-1	24	8.498173
1772096084_H03	MOL3	CD-1	0	SN-VTA	1	19	9.730267
1772096094_F05	MOL3	CD-1	0	SN-VTA	1	21	9.80599
1772099030_C10	MOL3	CD-1	0	ZonaIncerta	-1	20	11.05049
1772099040_G03	MOL3	C57BL6	0	dorsal horn	-1	NaN	10.82921
1772062115_A04	MOL3	CD-1	0	cortex S1	-1	28	9.989422
1771051146_F08	MOL3	PDGFRA-CRE	1	corpus callosum	-1	61	6.319994
1772117029_A04	MOL3	PDGFRA-CRE	1	corpus callosum	-1	61	7.788014
1772099091_F12	MOL3	C57BL6	0	dorsal horn	0	20	11.27338
1772099315_B10	MOL3	C57BL6	0	dorsal horn	1	22	10.26825
1772099298_E12	MOL3	C57BL6	0	dorsal horn	0	NaN	9.399854
1772099303_C11	MOL3	C57BL6	0	dorsal horn	0	NaN	10.99558
1772099304_C06	MOL3	C57BL6	0	dorsal horn	0	NaN	9.887936
1772117154_E12	MOL3	C57BL6	0	dorsal horn	0	19	10.3984
1772117158_G03	MOL3	C57BL6	0	dorsal horn	0	19	7.352778
1772117123_A05	MOL3	C57BL6	0	dorsal horn	0	26	10.52694
1772117055_A04	MOL3	C57BL6	0	dorsal horn	0	28	9.955709
1772117107_E02	MOL3	C57BL6	0	dorsal horn	0	NaN	12.67187
1772099040_D02	MOL3	C57BL6	0	dorsal horn	0	NaN	10.35303
1772096108_B05	MOL3	CD-1	0	SN-VTA	-1	24	10.87259
1772099039_B01	MOL3	C57BL6	0	dorsal horn	-1	NaN	9.012741
1772096156_A03	MOL3	CD-1	0	SN-VTA	0	26	9.833381
1772117057_B09	MOL3	C57BL6	0	dorsal horn	0	27	10.2617
1772117103_A06	MOL3	C57BL6	0	dorsal horn	0	NaN	12.63999
1772099001_F03	MOL3	CD-1	0	SN-VTA	-1	21	12.51166
1772096108_F06	MOL3	CD-1	0	SN-VTA	-1	24	9.908316
1772096148_A01	MOL3	CD-1	0	SN-VTA	-1	24	9.598065
1772117099_F08	MOL3	C57BL6	0	dorsal horn	0	NaN	11.03831
1772096091_C05	MOL3	CD-1	0	SN-VTA	1	20	9.702585
1772099014_E05	MOL3	C57BL6	0	dorsal horn	1	NaN	11.06873
1772089205_G03	MOL3	CD-1	0	SN-VTA	1	22	10.39193
1772096087_C10	MOL3	CD-1	0	SN-VTA	1	20	10.60331
1772096110_C01	MOL3	CD-1	0	SN-VTA	-1	24	9.908316
1772096093_A05	MOL3	CD-1	0	SN-VTA	1	21	12.14624
1772084018_A03	MOL3	CD-1	0	SN-VTA	-1	24	11.6777
1772099304_F07	MOL3	C57BL6	0	dorsal horn	0	NaN	10.55246
1772096086_E10	MOL3	CD-1	0	SN-VTA	-1	20	12.39286
1772096088_H03	MOL3	CD-1	0	SN-VTA	-1	20	10.48854
1772096091_D02	MOL3	CD-1	0	SN-VTA	1	20	11.06265
1772096087_A06	MOL3	CD-1	0	SN-VTA	1	20	10.92195
1772078028_B11	MOL3	C57BL6	0	hypothalamus	1	22	10.00288
1772094143_A05	MOL3	CD-1	0	SN-VTA	1	24	9.442678
1772099008_F08	MOL3	CD-1	0	SN-VTA	0	23	9.75787
1772096092_C10	MOL3	CD-1	0	SN-VTA	1	21	12.43619
1772096092_C06	MOL3	CD-1	0	SN-VTA	1	21	9.012741
1772099014_E03	MOL3	C57BL6	0	dorsal horn	1	NaN	9.894734
1772099045_E08	MOL3	CD-1	0	SN-VTA	-1	21	10.49495
1772099011_B10	MOL3	CD-1	0	SN-VTA	0	24	8.716912
1772099087_H02	MOL3	CD-1	0	ZonaIncerta	-1	22	12.11297
1772099001_E09	MOL3	CD-1	0	SN-VTA	-1	21	9.182738
1772099047_A08	MOL3	CD-1	0	SN-VTA	0	21	9.969208
1772099012_G01	MOL3	CD-1	0	SN-VTA	-1	24	10.71058
1772099015_C06	MOL3	C57BL6	0	dorsal horn	0	NaN	10.60331
1772099071_A02	MOL3	CD-1	0	ZonaIncerta	-1	19	8.952855
1772117137_B03	MOL3	C57BL6	0	dorsal horn	0	20	10.64761
1772096118_D10	MOL3	CD-1	0	SN-VTA	1	26	9.168081
1772096083_F08	MOL3	CD-1	0	SN-VTA	1	19	9.660913
1772096151_B12	MOL3	CD-1	0	SN-VTA	0	25	9.96246
1772099078_D02	MOL3	CD-1	0	ZonaIncerta	1	21	10.68544
1772060224_B03	MOL3	CD-1	0	cortex S1	1	24	10.81056
1772072242_A08	MOL3	C57BL6	0	dorsal horn	-1	NaN	9.168081
1772096152_B02	MOL3	CD-1	0	SN-VTA	1	26	10.99558
1772096088_B10	MOL3	CD-1	0	SN-VTA	-1	20	8.134315
1772096150_C05	MOL3	CD-1	0	SN-VTA	0	25	6.611197
1772099046_B05	MOL3	CD-1	0	SN-VTA	0	21	12.86671
1772096152_G06	MOL3	CD-1	0	SN-VTA	0	26	9.771643
1772096092_A01	MOL3	CD-1	0	SN-VTA	1	21	10.92195
1772089205_E05	MOL3	CD-1	0	SN-VTA	-1	22	6.850955
1772096091_C03	MOL3	CD-1	0	SN-VTA	0	20	11.51534
1772078033_B12	MOL3	LHX6ICRERFP	0	striatum	1	22	11.11117
1772096148_H08	MOL3	CD-1	0	SN-VTA	-1	24	11.82647
1772096108_F05	MOL3	CD-1	0	SN-VTA	1	24	10.10986
1772072240_F01	MOL3	C57BL6	0	dorsal horn	-1	NaN	12.20698
1772096094_A03	MOL3	CD-1	0	SN-VTA	1	21	9.908316
1772072242_A05	MOL3	C57BL6	0	dorsal horn	-1	NaN	8.608237
1772117096_A01	MOL3	C57BL6	0	dorsal horn	0	26	13.60341
1772099046_F03	MOL3	CD-1	0	SN-VTA	-1	21	12.95006
1772096084_D10	MOL3	CD-1	0	SN-VTA	1	19	10.1298
1772099152_G09	MOL3	C57BL6	0	dorsal horn	1	18	10.3725
1772099304_B11	MOL3	C57BL6	0	dorsal horn	0	NaN	11.12931
1772117159_C02	MOL3	C57BL6	0	dorsal horn	0	20	11.40386
1772096091_C09	MOL3	CD-1	0	SN-VTA	1	20	11.65465
1772117111_C08	MOL3	C57BL6	0	dorsal horn	0	26	14.24567
1772099155_A11	MOL3	C57BL6	0	dorsal horn	1	18	12.21249
1772096156_G07	MOL3	CD-1	0	SN-VTA	-1	26	9.262938
1772099092_B05	MOL3	C57BL6	0	dorsal horn	0	20	11.4744
1772096086_E09	MOL3	CD-1	0	SN-VTA	1	20	11.91709
1772099002_H06	MOL3	CD-1	0	SN-VTA	1	23	12.64531
1772099037_H07	MOL3	CD-1	0	ZonaIncerta	-1	21	9.012741
1772096083_G04	MOL3	CD-1	0	SN-VTA	1	19	11.2495
1772096106_A10	MOL3	CD-1	0	SN-VTA	-1	24	9.20468
1772099045_A02	MOL3	CD-1	0	SN-VTA	-1	21	10.31399
1772096084_F09	MOL3	CD-1	0	SN-VTA	1	19	9.45691
1772099076_A01	MOL3	CD-1	0	ZonaIncerta	1	21	11.88885
1772094143_E11	MOL3	CD-1	0	SN-VTA	-1	24	8.716912
1772099011_C11	MOL3	CD-1	0	SN-VTA	1	24	10.2617
1772096085_H03	MOL3	CD-1	0	SN-VTA	1	19	8.513983
1772117124_G06	MOL3	C57BL6	0	dorsal horn	0	27	14.69641
1772117028_E01	MOL3	PDGFRA-CRE	1	corpus callosum	-1	61	7.533463
1772117015_C08	MOL3	PDGFRA-CRE	1	corpus callosum	1	60	7.461714
1772099298_H05	MOL3	C57BL6	0	dorsal horn	0	NaN	10.02973
1772099046_E07	MOL3	CD-1	0	SN-VTA	-1	21	10.16293
1772099040_F02	MOL3	C57BL6	0	dorsal horn	-1	NaN	11.3625
1772099008_E01	MOL3	CD-1	0	SN-VTA	-1	23	11.66618
1772096146_A04	MOL3	CD-1	0	SN-VTA	1	24	10.88495
1772117014_H06	MOL3	PDGFRA-CRE	1	corpus callosum	1	60	9.435554
1772099003_A09	MOL3	CD-1	0	SN-VTA	1	23	8.839475
1772099046_C07	MOL3	CD-1	0	SN-VTA	-1	21	11.12931
1772117029_F02	MOL3	PDGFRA-CRE	1	corpus callosum	-1	61	5.160253
1772117158_H03	MOL3	C57BL6	0	dorsal horn	0	19	10.80434
1772099086_F06	MOL3	CD-1	0	ZonaIncerta	-1	22	9.785396
1772099035_F06	MOL3	CD-1	0	ZonaIncerta	1	21	10.68544
1772117159_E10	MOL3	C57BL6	0	dorsal horn	0	20	11.79231
1772117057_A05	MOL3	C57BL6	0	dorsal horn	0	27	11.91709
1772072242_D01	MOL3	C57BL6	0	dorsal horn	-1	NaN	8.175543
1772099048_A04	MOL3	CD-1	0	Amygdala	1	26	8.763074
1772099092_E09	MOL3	C57BL6	0	dorsal horn	0	20	10.90347
1772117029_E02	MOL3	PDGFRA-CRE	1	corpus callosum	-1	61	8.647206
1772099152_C10	MOL3	C57BL6	0	dorsal horn	1	18	13.69209
1772099302_D11	MOL3	C57BL6	0	dorsal horn	0	NaN	11.99583
1772072240_B06	MOL3	C57BL6	0	dorsal horn	-1	NaN	10.74818
1772099047_C10	MOL3	CD-1	0	SN-VTA	-1	21	11.29722
1772099042_F06	MOL3	C57BL6	0	dorsal horn	-1	NaN	8.824248
1772096151_H01	MOL3	CD-1	0	SN-VTA	-1	25	11.18356
1772096086_E08	MOL3	CD-1	0	SN-VTA	0	20	9.901527
1772094143_F12	MOL3	CD-1	0	SN-VTA	1	24	8.839475
1772096108_E04	MOL3	CD-1	0	SN-VTA	-1	24	8.466463
1772092277_H06	MOL3	CD-1	0	SN-VTA	-1	27	10.45
1772096108_F03	MOL3	CD-1	0	SN-VTA	1	24	7.139339
1772096156_C08	MOL3	CD-1	0	SN-VTA	-1	26	10.77318
1772062116_E02	MOL3	CD-1	0	cortex S1	1	22	10.34654
1772092303_G11	MOL3	LHX6ICRERFP	0	striatum	1	22	10.15631
1772084018_E05	MOL3	CD-1	0	SN-VTA	-1	24	9.520689
1772092003_E06	MOL3	CD-1	0	SN-VTA	1	20	12.32757
1772096116_F12	MOL3	CD-1	0	SN-VTA	0	26	10.69801
1772117028_D08	MOL3	PDGFRA-CRE	1	corpus callosum	-1	61	11.67194
1772096087_E05	MOL3	CD-1	0	SN-VTA	1	20	11.73514
1772096134_C04	MOL3	C57BL6	0	hypothalamus	-1	25	10.14969
1772094143_F04	MOL3	CD-1	0	SN-VTA	-1	24	9.9151
1772096150_G02	MOL3	CD-1	0	SN-VTA	0	25	10.84782
1772099303_H10	MOL3	C57BL6	0	dorsal horn	0	NaN	10.03643
1772063063_B06	MOL3	5HT3A-EGFP	0	cortex S1	-1	21	11.67194
1772062113_B03	MOL3	CD-1	0	cortex S1	-1	26	10.81056
1771051146_F07	MOL2	PDGFRA-CRE	1	corpus callosum	-1	61	7.967268
1772099314_E12	MOL2	C57BL6	0	dorsal horn	1	22	11.53868
1772099092_C12	MOL2	C57BL6	0	dorsal horn	0	20	12.15731
1772117097_A08	MOL2	C57BL6	0	dorsal horn	0	26	10.92811
1772117034_G07	MOL2	PDGFRA-CRE	1	cortex S1	-1	62	9.138696
1772099303_B04	MOL2	C57BL6	0	dorsal horn	0	NaN	13.66751
1772099301_F12	MOL2	C57BL6	0	dorsal horn	0	NaN	12.51166
1772117057_B06	MOL2	C57BL6	0	dorsal horn	0	27	10.95269
1772117034_E06	MOL2	PDGFRA-CRE	1	cortex S1	-1	62	7.831065
1772117124_F12	MOL2	C57BL6	0	dorsal horn	0	27	10.86021
1772117123_F05	MOL2	C57BL6	0	dorsal horn	0	26	12.87193
1772072240_D05	MOL2	C57BL6	0	dorsal horn	-1	NaN	10.68544
1772117123_B09	MOL2	C57BL6	0	dorsal horn	0	26	10.81678
1772117028_C02	MOL2	PDGFRA-CRE	1	corpus callosum	-1	61	9.771643
1772117028_B11	MOL2	PDGFRA-CRE	1	corpus callosum	-1	61	12.32212
1772117059_D08	MOL2	C57BL6	0	dorsal horn	0	27	15.17366
1772099302_H01	MOL2	C57BL6	0	dorsal horn	0	NaN	13.05349
1772117055_H02	MOL2	C57BL6	0	dorsal horn	0	28	14.4146
1772117059_C01	MOL2	C57BL6	0	dorsal horn	0	27	11.39205
1772099042_B08	MOL2	C57BL6	0	dorsal horn	-1	NaN	11.03221
1772117137_A12	MOL2	C57BL6	0	dorsal horn	0	20	9.996152
1772062114_A03	MOL2	CD-1	0	cortex S1	1	27	11.73514
1772078022_B08	MOL2	C57BL6	0	hypothalamus	-1	27	9.605069
1772099043_D07	MOL2	C57BL6	0	dorsal horn	0	NaN	9.233855
1772099041_E11	MOL2	C57BL6	0	dorsal horn	-1	NaN	10.67914
1772117160_H11	MOL2	C57BL6	0	dorsal horn	0	20	10.30094
1772092003_B10	MOL2	CD-1	0	SN-VTA	1	20	10.53332
1772062109_A07	MOL2	CD-1	0	cortex S1	1	22	13.13566
1772096146_B09	MOL2	CD-1	0	SN-VTA	-1	24	11.91145
1772096118_F01	MOL2	CD-1	0	SN-VTA	-1	26	7.762068
1772094135_B10	MOL2	CD-1	0	SN-VTA	1	19	10.7043
1772096149_A03	MOL2	CD-1	0	SN-VTA	-1	25	9.464018
1772099086_A01	MOL2	CD-1	0	ZonaIncerta	-1	22	9.867513
1772099045_G03	MOL2	CD-1	0	SN-VTA	0	21	11.59101
1772062114_E05	MOL2	CD-1	0	cortex S1	1	27	9.989422
1772096151_E03	MOL2	CD-1	0	SN-VTA	-1	25	10.71686
1772092003_G06	MOL2	CD-1	0	SN-VTA	1	20	11.42742
1772092003_B08	MOL2	CD-1	0	SN-VTA	1	20	13.11003
1772096152_D09	MOL2	CD-1	0	SN-VTA	1	26	12.10742
1772096093_B03	MOL2	CD-1	0	SN-VTA	1	21	10.04313
1772099008_D03	MOL2	CD-1	0	SN-VTA	-1	23	10.69801
1772096117_B12	MOL2	CD-1	0	SN-VTA	-1	26	10.04982
1772096156_D07	MOL2	CD-1	0	SN-VTA	1	26	10.41132
1772096150_F06	MOL2	CD-1	0	SN-VTA	-1	25	7.916467
1772096118_D02	MOL2	CD-1	0	SN-VTA	1	26	12.50628
1772092264_G06	MOL2	LHX6ICRERFP	0	striatum	1	28	9.955708
1772099009_H11	MOL2	CD-1	0	SN-VTA	1	24	10.62232
1771051165_B07	MOL2	PDGFRA-CRE	1	corpus callosum	1	60	8.967864
1772096118_A09	MOL2	CD-1	0	SN-VTA	-1	26	10.11651
1772096146_B11	MOL2	CD-1	0	SN-VTA	1	24	11.84919
1772096106_D12	MOL2	CD-1	0	SN-VTA	-1	24	11.0748
1772096146_D03	MOL2	CD-1	0	SN-VTA	1	24	8.907676
1772096149_E09	MOL2	CD-1	0	SN-VTA	-1	25	11.40975
1772096149_A02	MOL2	CD-1	0	SN-VTA	-1	25	10.64761
1772117031_F09	MOL2	PDGFRA-CRE	1	corpus callosum	-1	61	9.47112
1772089200_H05	MOL2	CD-1	0	SN-VTA	0	21	7.992547
1772092002_F10	MOL2	CD-1	0	SN-VTA	1	20	13.37912
1772117028_C09	MOL2	PDGFRA-CRE	1	corpus callosum	-1	61	9.138696
1772084018_C08	MOL2	CD-1	0	SN-VTA	1	24	11.79801
1772089202_A11	MOL2	CD-1	0	SN-VTA	1	22	9.853874
1772094143_G10	MOL2	CD-1	0	SN-VTA	1	24	9.860696
1772092312_B12	MOL2	5HT3A-EGFP	0	striatum	1	22	11.85486
1772096146_C06	MOL2	CD-1	0	SN-VTA	-1	24	12.06291
1772099012_B12	MOL2	CD-1	0	SN-VTA	1	24	6.880338
1772117031_A12	MOL2	PDGFRA-CRE	1	corpus callosum	-1	61	8.922761
1772089199_D11	MOL2	CD-1	0	SN-VTA	-1	23	11.86053
1772096117_C03	MOL2	CD-1	0	SN-VTA	0	26	10.64761
1772096154_H11	MOL2	CD-1	0	SN-VTA	1	26	10.69801
1772096146_E04	MOL2	CD-1	0	SN-VTA	-1	24	11.22557
1772084018_G07	MOL2	CD-1	0	SN-VTA	0	24	11.95653
1772084018_F11	MOL2	CD-1	0	SN-VTA	1	24	13.78996
1772117159_F06	MOL2	C57BL6	0	dorsal horn	0	20	10.35303
1772096085_A07	MOL2	CD-1	0	SN-VTA	1	19	11.90015
1772096156_G08	MOL2	CD-1	0	SN-VTA	-1	26	8.386664
1772066097_B12	MOL2	CD-1	0	hippo CA1	-1	26	0
1772092002_G01	MOL2	CD-1	0	SN-VTA	1	20	11.26145
1772096151_B08	MOL2	CD-1	0	SN-VTA	0	25	11.27935
1772096106_F05	MOL2	CD-1	0	SN-VTA	1	24	11.42742
1772096106_G08	MOL2	CD-1	0	SN-VTA	-1	24	9.92188
1772099003_G05	MOL2	CD-1	0	SN-VTA	1	23	12.14624
1772089199_E11	MOL2	CD-1	0	SN-VTA	-1	23	9.750977
1772117015_D07	MOL2	PDGFRA-CRE	1	corpus callosum	1	60	9.612067
1772099003_C02	MOL2	CD-1	0	SN-VTA	1	23	10.38546
1772096154_C08	MOL2	CD-1	0	SN-VTA	1	26	12.51166
1772096085_D03	MOL2	CD-1	0	SN-VTA	1	19	11.53868
1772099011_F10	MOL2	CD-1	0	SN-VTA	-1	24	12.66125
1772096146_H06	MOL2	CD-1	0	SN-VTA	1	24	9.428425
1772096116_D12	MOL2	CD-1	0	SN-VTA	1	26	10.02973
1772099043_B04	MOL2	C57BL6	0	dorsal horn	-1	NaN	9.80599
1772096156_G05	MOL2	CD-1	0	SN-VTA	-1	26	9.840217
1772096086_C06	MOL2	CD-1	0	SN-VTA	1	20	12.07962
1772096156_E11	MOL2	CD-1	0	SN-VTA	-1	26	9.605069
1772096110_D06	MOL2	CD-1	0	SN-VTA	-1	24	9.66787
1772099012_F08	MOL2	CD-1	0	SN-VTA	-1	24	9.660913
1772096152_E12	MOL2	CD-1	0	SN-VTA	0	26	11.48025
1772096151_F05	MOL2	CD-1	0	SN-VTA	-1	25	10.90963
1772096156_E01	MOL2	CD-1	0	SN-VTA	-1	26	13.50916
1772099008_D05	MOL2	CD-1	0	SN-VTA	1	23	11.93964
1772096152_G01	MOL2	CD-1	0	SN-VTA	-1	26	8.709194
1772099012_C10	MOL2	CD-1	0	SN-VTA	-1	24	6.277291
1772099305_E04	MOL2	C57BL6	0	dorsal horn	0	NaN	13.4543
1772099003_D02	MOL2	CD-1	0	SN-VTA	1	23	14.60461
1772096154_H04	MOL2	CD-1	0	SN-VTA	-1	26	12.10187
1772096152_D12	MOL2	CD-1	0	SN-VTA	-1	26	10.45644
1772096148_E11	MOL2	CD-1	0	SN-VTA	1	24	13.01738
1772096118_D01	MOL2	CD-1	0	SN-VTA	-1	26	11.55033
1772096094_H03	MOL2	CD-1	0	SN-VTA	0	21	12.18493
1772096092_E07	MOL2	CD-1	0	SN-VTA	-1	21	12.05733
1772094143_B04	MOL2	CD-1	0	SN-VTA	0	24	10.5397
1772099012_D10	MOL2	CD-1	0	SN-VTA	-1	24	13.07922
1772096116_G08	MOL2	CD-1	0	SN-VTA	1	26	11.65465
1772096152_A04	MOL2	CD-1	0	SN-VTA	-1	26	11.6777
1772096116_C06	MOL2	CD-1	0	SN-VTA	1	26	10.62232
1772099003_E02	MOL2	CD-1	0	SN-VTA	-1	23	11.61998
1772096083_D10	MOL2	CD-1	0	SN-VTA	1	19	11.68921
1772096083_F02	MOL2	CD-1	0	SN-VTA	1	19	12.3657
1772096156_E03	MOL2	CD-1	0	SN-VTA	-1	26	10.90347
1772096085_D06	MOL2	CD-1	0	SN-VTA	1	19	12.229
1772094135_F01	MOL2	CD-1	0	SN-VTA	1	19	12.5385
1772096150_C11	MOL2	CD-1	0	SN-VTA	0	25	11.21957
1772096106_B05	MOL2	CD-1	0	SN-VTA	-1	24	10.30094
1772096088_F07	MOL2	CD-1	0	SN-VTA	-1	20	11.23754
1772096085_H02	MOL2	CD-1	0	SN-VTA	1	19	10.81678
1772096091_F09	MOL2	CD-1	0	SN-VTA	-1	20	12.41996
1772096149_D03	MOL2	CD-1	0	SN-VTA	-1	25	11.9058
1772075304_F01	MOL2	C57BL6	0	hypothalamus	-1	21	13.52906
1772099034_H02	MOL2	CD-1	0	ZonaIncerta	1	21	9.840217
1772099084_H11	MOL2	CD-1	0	ZonaIncerta	-1	19	11.79801
1772099047_C01	MOL2	CD-1	0	SN-VTA	-1	21	10.57792
1772096117_H04	MOL2	CD-1	0	SN-VTA	1	26	11.71794
1772099045_D05	MOL2	CD-1	0	SN-VTA	-1	21	10.71058
1772099083_G06	MOL2	CD-1	0	ZonaIncerta	-1	22	10.18936
1772072243_H02	MOL2	C57BL6	0	dorsal horn	1	NaN	11.70071
1772099044_B01	MOL2	C57BL6	0	dorsal horn	-1	NaN	10.38546
1772099008_D04	MOL2	CD-1	0	SN-VTA	1	23	11.47439
1772099045_D09	MOL2	CD-1	0	SN-VTA	-1	21	13.66751
1772072240_E04	MOL2	C57BL6	0	dorsal horn	-1	NaN	10.13643
1772099011_C04	MOL2	CD-1	0	SN-VTA	-1	24	9.534804
1772099002_G05	MOL2	CD-1	0	SN-VTA	-1	23	11.5095
1772099090_A08	MOL2	C57BL6	0	dorsal horn	0	20	14.3257
1772099008_F04	MOL2	CD-1	0	SN-VTA	1	23	14.74209
1772099046_D08	MOL2	CD-1	0	SN-VTA	-1	21	12.25097
1772099012_H12	MOL2	CD-1	0	SN-VTA	-1	24	12.19044
1772096086_D10	MOL2	CD-1	0	SN-VTA	1	20	13.53402
1772096094_B01	MOL2	CD-1	0	SN-VTA	-1	21	11.45093
1772078024_E04	MOL2	5HT3A-EGFP	0	striatum	1	27	11.7466
1772099001_B04	MOL2	CD-1	0	SN-VTA	-1	21	13.03803
1772092002_B03	MOL2	CD-1	0	SN-VTA	-1	20	14.33977
1772072242_A12	MOL2	C57BL6	0	dorsal horn	-1	NaN	11.00781
1772096087_D05	MOL2	CD-1	0	SN-VTA	1	20	12.98635
1772072242_B04	MOL2	C57BL6	0	dorsal horn	-1	NaN	7.542383
1772092002_H06	MOL2	CD-1	0	SN-VTA	1	20	12.25097
1772089202_A03	MOL2	CD-1	0	SN-VTA	1	22	12.98635
1772096148_G02	MOL2	CD-1	0	SN-VTA	-1	24	13.06379
1772096091_F03	MOL2	CD-1	0	SN-VTA	1	20	13.03803
1772092008_E03	MOL2	C57BL6	0	hypothalamus	1	29	10.08989
1772094136_E06	MOL2	CD-1	0	SN-VTA	-1	21	13.91134
1772096108_E02	MOL2	CD-1	0	SN-VTA	1	24	10.7294
1772072242_F03	MOL2	C57BL6	0	dorsal horn	-1	NaN	7.560193
1772099002_D12	MOL2	CD-1	0	SN-VTA	1	23	9.969208
1772092003_E02	MOL2	CD-1	0	SN-VTA	1	20	15.26644
1772094143_F11	MOL2	CD-1	0	SN-VTA	1	24	12.57064
1772096146_F09	MOL2	CD-1	0	SN-VTA	-1	24	12.55458
1772096092_E04	MOL2	CD-1	0	SN-VTA	-1	21	13.63796
1772096146_H12	MOL2	CD-1	0	SN-VTA	-1	24	11.05049
1772096146_A05	MOL2	CD-1	0	SN-VTA	-1	24	11.51534
1772092002_H04	MOL2	CD-1	0	SN-VTA	1	20	10.48854
1772092002_D11	MOL2	CD-1	0	SN-VTA	-1	20	12.92407
1772096085_G01	MOL2	CD-1	0	SN-VTA	1	19	11.12931
1772096108_C06	MOL2	CD-1	0	SN-VTA	1	24	10.46929
1772117029_C06	MOL2	PDGFRA-CRE	1	corpus callosum	-1	61	10.31399
1772072243_E05	MOL2	C57BL6	0	dorsal horn	1	NaN	9.867513
1772092003_E12	MOL2	CD-1	0	SN-VTA	1	20	13.17654
1772092003_A04	MOL2	CD-1	0	SN-VTA	1	20	13.51414
1772096086_A12	MOL2	CD-1	0	SN-VTA	-1	20	10.0632
1772096110_D09	MOL2	CD-1	0	SN-VTA	1	24	10.71686
1772096150_B11	MOL2	CD-1	0	SN-VTA	-1	25	8.869852
1772099314_E11	MOL2	C57BL6	0	dorsal horn	1	22	11.73514
1772096110_D02	MOL2	CD-1	0	SN-VTA	1	24	11.75232
1772078024_F03	MOL2	5HT3A-EGFP	0	striatum	1	27	12.54386
1772096116_H07	MOL2	CD-1	0	SN-VTA	-1	26	10.35303
1772096108_H03	MOL2	CD-1	0	SN-VTA	-1	24	10.2748
1772096084_D07	MOL2	CD-1	0	SN-VTA	1	19	12.62934
1772096092_A08	MOL2	CD-1	0	SN-VTA	1	21	12.72482
1772089202_F03	MOL2	CD-1	0	SN-VTA	-1	22	13.06894
1772096151_E02	MOL2	CD-1	0	SN-VTA	0	25	11.67194
1772117028_C05	MOL2	PDGFRA-CRE	1	corpus callosum	-1	61	8.386665
1772092002_G12	MOL2	CD-1	0	SN-VTA	-1	20	11.59101
1772092002_C08	MOL2	CD-1	0	SN-VTA	-1	20	11.55033
1772096094_G04	MOL2	CD-1	0	SN-VTA	-1	21	10.64129
1772089205_E07	MOL2	CD-1	0	SN-VTA	1	22	11.27935
1772096083_E07	MOL2	CD-1	0	SN-VTA	1	19	12.61336
1772092262_F06	MOL2	LHX6ICRERFP	0	striatum	1	28	10.82921
1772096087_D12	MOL2	CD-1	0	SN-VTA	1	20	11.19557
1772096084_F07	MOL2	CD-1	0	SN-VTA	1	19	13.27315
1772096084_H11	MOL2	CD-1	0	SN-VTA	1	19	10.46929
1772096085_C11	MOL2	CD-1	0	SN-VTA	1	19	12.4524
1772092002_E06	MOL2	CD-1	0	SN-VTA	-1	20	11.7866
1772099001_A05	MOL2	CD-1	0	SN-VTA	-1	21	9.633031
1772092002_A03	MOL2	CD-1	0	SN-VTA	1	20	10.99558
1772092002_B06	MOL2	CD-1	0	SN-VTA	1	20	10.87259
1772092003_A11	MOL2	CD-1	0	SN-VTA	1	20	11.91145
1772096149_H04	MOL2	CD-1	0	SN-VTA	0	25	9.778522
1772089200_C01	MOL2	CD-1	0	SN-VTA	-1	21	10.37898
1772096150_B03	MOL2	CD-1	0	SN-VTA	-1	25	7.129914
1772092002_C09	MOL2	CD-1	0	SN-VTA	1	20	8.216565
1772096088_B09	MOL2	CD-1	0	SN-VTA	1	20	13.38917
1772096088_E08	MOL2	CD-1	0	SN-VTA	1	20	11.82647
1772096106_D09	MOL2	CD-1	0	SN-VTA	1	24	11.03221
1772096156_A01	MOL2	CD-1	0	SN-VTA	-1	26	13.62316
1772096156_F07	MOL2	CD-1	0	SN-VTA	-1	26	10.18276
1772096083_E04	MOL2	CD-1	0	SN-VTA	1	19	9.499477
1772096086_F10	MOL2	CD-1	0	SN-VTA	-1	20	12.57064
1772096088_B11	MOL2	CD-1	0	SN-VTA	1	20	13.05349
1772092002_G03	MOL2	CD-1	0	SN-VTA	1	20	7.648619
1772096086_B09	MOL2	CD-1	0	SN-VTA	-1	20	13.07922
1772096092_B11	MOL2	CD-1	0	SN-VTA	-1	21	12.05733
1772099045_C01	MOL2	CD-1	0	SN-VTA	-1	21	11.18957
1772096150_H11	MOL2	CD-1	0	SN-VTA	-1	25	10.46929
1772084018_C11	MOL2	CD-1	0	SN-VTA	-1	24	11.9509
1772099078_E12	MOL2	CD-1	0	ZonaIncerta	1	21	9.262938
1772099010_E01	MOL2	CD-1	0	SN-VTA	-1	24	11.34474
1772096085_D10	MOL2	CD-1	0	SN-VTA	1	19	11.0748
1772096087_E11	MOL2	CD-1	0	SN-VTA	-1	20	12.04617
1772096086_C04	MOL2	CD-1	0	SN-VTA	-1	20	11.6026
1772099002_C11	MOL2	CD-1	0	SN-VTA	1	23	11.92274
1772096118_D06	MOL2	CD-1	0	SN-VTA	1	26	11.46853
1772099045_F07	MOL2	CD-1	0	SN-VTA	-1	21	11.92837
1772096088_A08	MOL2	CD-1	0	SN-VTA	-1	20	12.229
1772094136_C04	MOL2	CD-1	0	SN-VTA	1	21	10.66023
1772099012_A12	MOL2	CD-1	0	SN-VTA	-1	24	13.86776
1772096084_D03	MOL2	CD-1	0	SN-VTA	1	19	9.020199
1772099002_G06	MOL2	CD-1	0	SN-VTA	1	23	9.737175
1772096091_G11	MOL2	CD-1	0	SN-VTA	1	20	11.33288
1772096084_C03	MOL2	CD-1	0	SN-VTA	1	19	11.39206
1772099046_H07	MOL2	CD-1	0	SN-VTA	-1	21	11.6026
1772096091_C11	MOL2	CD-1	0	SN-VTA	1	20	10.87877
1772099046_C08	MOL2	CD-1	0	SN-VTA	-1	21	11.56196
1772125080_F10	MOL2	PDGFRA-CRE	1	corpus callosum	-1	22	13.03287
1772094135_C09	MOL2	CD-1	0	SN-VTA	1	19	11.23754
1772096084_D05	MOL2	CD-1	0	SN-VTA	1	19	10.87877
1772062109_G01	MOL2	CD-1	0	cortex S1	1	22	11.30317
1772084018_B08	MOL2	CD-1	0	SN-VTA	1	24	9.860696
1772096086_G03	MOL2	CD-1	0	SN-VTA	1	20	11.72368
1772096091_B05	MOL2	CD-1	0	SN-VTA	-1	20	11.26145
1772092311_B12	MOL2	5HT3A-EGFP	0	striatum	1	22	11.25548
1772089205_B01	MOL2	CD-1	0	SN-VTA	1	22	11.31506
1772096086_D09	MOL2	CD-1	0	SN-VTA	-1	20	12.37114
1772096094_C09	MOL2	CD-1	0	SN-VTA	1	21	9.22657
1772117039_A09	MOL2	PDGFRA-CRE	1	corpus callosum	-1	21	13.64289
1772078033_E06	MOL2	LHX6ICRERFP	0	striatum	1	22	9.131335
1772099073_B04	MOL2	CD-1	0	ZonaIncerta	1	21	11.87187
1772096085_B09	MOL2	CD-1	0	SN-VTA	1	19	9.633031
1772117038_A07	MOL2	PDGFRA-CRE	1	corpus callosum	-1	21	10.02302
1772099011_H04	MOL2	CD-1	0	SN-VTA	-1	24	6.394038
1772099010_G12	MOL2	CD-1	0	SN-VTA	1	24	11.23155
1772096084_C10	MOL2	CD-1	0	SN-VTA	1	19	11.26145
1772099038_F06	MOL2	CD-1	0	ZonaIncerta	0	22	10.20914
1772099046_B03	MOL2	CD-1	0	SN-VTA	-1	21	11.98461
1772096087_E07	MOL2	CD-1	0	SN-VTA	1	20	12.50628
1772099010_A09	MOL2	CD-1	0	SN-VTA	-1	24	11.63732
1772096149_D06	MOL2	CD-1	0	SN-VTA	-1	25	12.19596
1772096091_H03	MOL2	CD-1	0	SN-VTA	1	20	10.35303
1772096084_D06	MOL2	CD-1	0	SN-VTA	1	19	10.98335
1772092296_H11	MOL2	LHX6ICRERFP	0	striatum	-1	25	11.321
1772092002_H12	MOL2	CD-1	0	SN-VTA	1	20	10.69801
1772117159_G10	MOL2	C57BL6	0	dorsal horn	0	20	12.57599
1772092002_F04	MOL2	CD-1	0	SN-VTA	1	20	10.74818
1772096085_B07	MOL2	CD-1	0	SN-VTA	1	19	12.78808
1772094135_B06	MOL2	CD-1	0	SN-VTA	1	19	10.69801
1772092003_C04	MOL2	CD-1	0	SN-VTA	1	20	12.20147
1772096088_A03	MOL2	CD-1	0	SN-VTA	-1	20	13.97403
1772094135_B02	MOL2	CD-1	0	SN-VTA	1	19	11.43918
1772096085_C05	MOL2	CD-1	0	SN-VTA	1	19	12.43619
1772099002_E05	MOL2	CD-1	0	SN-VTA	1	23	12.19044
1772096092_C04	MOL2	CD-1	0	SN-VTA	1	21	11.6777
1772099012_H04	MOL2	CD-1	0	SN-VTA	-1	24	11.67194
1772096106_B07	MOL2	CD-1	0	SN-VTA	1	24	11.46853
1772125080_C10	MOL2	PDGFRA-CRE	1	corpus callosum	-1	22	12.37114
1772099090_G04	MOL2	C57BL6	0	dorsal horn	0	20	11.0748
1772117103_F03	MOL2	C57BL6	0	dorsal horn	0	NaN	13.55885
1772099092_E01	MOL2	C57BL6	0	dorsal horn	0	20	10.95883
1772094135_H04	MOL2	CD-1	0	SN-VTA	1	19	12.80909
1772117104_A11	MOL2	C57BL6	0	dorsal horn	0	NaN	12.96044
1771051147_G06	MOL2	PDGFRA-CRE	1	corpus callosum	-1	21	12.2948
1772092003_A03	MOL2	CD-1	0	SN-VTA	1	20	12.26743
1772096083_H01	MOL2	CD-1	0	SN-VTA	1	19	11.71794
1772099092_E03	MOL2	C57BL6	0	dorsal horn	0	20	11.5794
1772117154_C06	MOL2	C57BL6	0	dorsal horn	0	19	11.03222
1772125090_B01	MOL2	PDGFRA-CRE	1	corpus callosum	-1	22	12.35482
1772072243_A02	MOL2	C57BL6	0	dorsal horn	1	NaN	11.03831
1772125080_D06	MOL2	PDGFRA-CRE	1	corpus callosum	-1	22	12.81959
1772099091_B11	MOL2	C57BL6	0	dorsal horn	0	20	9.955709
1772117160_A01	MOL2	C57BL6	0	dorsal horn	0	20	11.05049
1772117154_H10	MOL2	C57BL6	0	dorsal horn	0	19	10.24859
1772099092_D11	MOL2	C57BL6	0	dorsal horn	0	20	10.50776
1772117104_D05	MOL2	C57BL6	0	dorsal horn	0	NaN	12.72482
1772117137_G07	MOL2	C57BL6	0	dorsal horn	0	20	9.92188
1772117137_F03	MOL2	C57BL6	0	dorsal horn	0	20	10.41132
1772099093_G07	MOL2	C57BL6	0	dorsal horn	0	20	11.27935
1772117160_C11	MOL2	C57BL6	0	dorsal horn	0	20	9.737175
1772084018_D11	MOL2	CD-1	0	SN-VTA	1	24	7.89946
1772117099_C05	MOL2	C57BL6	0	dorsal horn	0	NaN	12.21249
1772099093_B07	MOL2	C57BL6	0	dorsal horn	0	20	12.35482
1772099315_C03	MOL2	C57BL6	0	dorsal horn	1	22	13.21222
1772096148_H06	MOL2	CD-1	0	SN-VTA	0	24	13.27822
1772099039_H10	MOL2	C57BL6	0	dorsal horn	-1	NaN	10.04982
1772117160_B09	MOL2	C57BL6	0	dorsal horn	0	20	11.57359
1772096146_C07	MOL2	CD-1	0	SN-VTA	-1	24	10.66654
1772099093_A10	MOL2	C57BL6	0	dorsal horn	0	20	11.51535
1772099314_E10	MOL2	C57BL6	0	dorsal horn	1	22	10.66654
1772084018_C12	MOL2	CD-1	0	SN-VTA	1	24	11.96777
1772117101_A10	MOL2	C57BL6	0	dorsal horn	0	NaN	11.75804
1772099008_E09	MOL2	CD-1	0	SN-VTA	1	23	11.74087
1772062111_D11	MOL2	CD-1	0	cortex S1	1	24	11.56778
1772099002_H01	MOL2	CD-1	0	SN-VTA	0	23	10.98947
1772058148_A06	MOL2	?	0	cortex S1	1	NaN	11.0748
1772096149_B07	MOL2	CD-1	0	SN-VTA	-1	25	11.11117
1772067074_A11	MOL2	CD-1	0	cortex S1	1	28	10.99558
1772099001_G08	MOL2	CD-1	0	SN-VTA	-1	21	14.26454
1772117028_H01	MOL2	PDGFRA-CRE	1	corpus callosum	-1	61	8.084563
1772117151_C03	MOL2	C57BL6	0	dorsal horn	0	19	12.21249
1772117159_E06	MOL2	C57BL6	0	dorsal horn	0	20	12.07962
1772099002_D10	MOL2	CD-1	0	SN-VTA	1	23	11.2495
1772117097_D11	MOL2	C57BL6	0	dorsal horn	0	26	10.1298
1772117160_B11	MOL2	C57BL6	0	dorsal horn	0	20	12.20147
1772117156_F10	MOL2	C57BL6	0	dorsal horn	0	19	10.71058
1772096154_A09	MOL2	CD-1	0	SN-VTA	1	26	10.99558
1772099304_A07	MOL2	C57BL6	0	dorsal horn	0	NaN	9.584044
1772096110_B07	MOL2	CD-1	0	SN-VTA	1	24	9.716436
1772117107_H02	MOL2	C57BL6	0	dorsal horn	0	NaN	13.32372
1772099093_G11	MOL2	C57BL6	0	dorsal horn	0	20	11.17754
1772117107_D10	MOL2	C57BL6	0	dorsal horn	0	NaN	11.8945
1772117160_H05	MOL2	C57BL6	0	dorsal horn	0	20	13.25287
1772096083_A09	MOL2	CD-1	0	SN-VTA	1	19	7.148752
1772099316_A07	MOL2	C57BL6	0	dorsal horn	1	22	11.4333
1772117154_C02	MOL2	C57BL6	0	dorsal horn	0	19	13.02771
1772117103_A09	MOL2	C57BL6	0	dorsal horn	0	NaN	12.39828
1772117151_A06	MOL2	C57BL6	0	dorsal horn	0	19	13.53899
1772117107_D08	MOL2	C57BL6	0	dorsal horn	0	NaN	14.42859
1772099093_A11	MOL2	C57BL6	0	dorsal horn	0	20	11.5794
1772099090_A11	MOL2	C57BL6	0	dorsal horn	0	20	11.6777
1772117102_H10	MOL2	C57BL6	0	dorsal horn	0	NaN	12.20147
1772099298_C06	MOL2	C57BL6	0	dorsal horn	0	NaN	10.52694
1772099091_E12	MOL2	C57BL6	0	dorsal horn	0	20	12.05176
1772117159_A03	MOL2	C57BL6	0	dorsal horn	0	20	16.8573
1772117100_A04	MOL2	C57BL6	0	dorsal horn	0	NaN	10.86021
1772117161_B11	MOL2	C57BL6	0	dorsal horn	0	20	8.922761
1772117102_F11	MOL2	C57BL6	0	dorsal horn	0	NaN	15.9893
1772117108_H09	MOL2	C57BL6	0	dorsal horn	0	NaN	12.4416
1772099046_A01	MOL2	CD-1	0	SN-VTA	-1	21	11.92837
1772099008_A07	MOL2	CD-1	0	SN-VTA	1	23	10.06988
1772117102_A01	MOL2	C57BL6	0	dorsal horn	0	NaN	12.53314
1772075304_A10	MOL2	C57BL6	0	hypothalamus	-1	21	11.53285
1772099093_D09	MOL2	C57BL6	0	dorsal horn	0	20	11.86054
1772099153_F01	MOL2	C57BL6	0	dorsal horn	1	18	8.63164
1772117104_G06	MOL2	C57BL6	0	dorsal horn	0	NaN	14.1984
1772117151_D07	MOL2	C57BL6	0	dorsal horn	0	19	13.28834
1772117101_F06	MOL2	C57BL6	0	dorsal horn	0	NaN	12.01823
1772117159_G06	MOL2	C57BL6	0	dorsal horn	0	20	11.5794
1772099090_F02	MOL2	C57BL6	0	dorsal horn	0	20	13.17655
1772117102_G09	MOL2	C57BL6	0	dorsal horn	0	NaN	12.60803
1772099093_D08	MOL2	C57BL6	0	dorsal horn	0	20	12.51166
1772117100_A09	MOL2	C57BL6	0	dorsal horn	0	NaN	12.16836
1772099090_C11	MOL2	C57BL6	0	dorsal horn	0	20	13.09977
1772117100_D09	MOL2	C57BL6	0	dorsal horn	0	NaN	15.34114
1772117104_B05	MOL2	C57BL6	0	dorsal horn	0	NaN	13.7509
1772117108_A01	MOL2	C57BL6	0	dorsal horn	0	NaN	13.17655
1772099093_B04	MOL2	C57BL6	0	dorsal horn	0	20	14.54926
1772099001_A10	MOL2	CD-1	0	SN-VTA	-1	21	11.6431
1772099008_D06	MOL2	CD-1	0	SN-VTA	-1	23	9.982689
1772099090_D12	MOL2	C57BL6	0	dorsal horn	0	20	10.62865
1772117101_C07	MOL2	C57BL6	0	dorsal horn	0	NaN	12.88238
1772099155_B05	MOL2	C57BL6	0	dorsal horn	1	18	13.18675
1772096087_B07	MOL2	CD-1	0	SN-VTA	-1	20	12.07405
1772099316_D12	MOL2	C57BL6	0	dorsal horn	1	22	12.19044
1772099043_C11	MOL2	C57BL6	0	dorsal horn	-1	NaN	10.07655
1772099090_E04	MOL2	C57BL6	0	dorsal horn	0	20	10.8664
1772099091_D08	MOL2	C57BL6	0	dorsal horn	0	20	12.54923
1772117151_H09	MOL2	C57BL6	0	dorsal horn	0	19	15.55443
1772117160_B08	MOL2	C57BL6	0	dorsal horn	0	20	10.57156
1772117107_E03	MOL2	C57BL6	0	dorsal horn	0	NaN	11.93964
1772078024_F06	MOL2	5HT3A-EGFP	0	striatum	1	27	11.35658
1772099090_D04	MOL2	C57BL6	0	dorsal horn	0	20	14.63221
1772094147_C10	MOL2	LHX6ICRERFP	0	striatum	-1	28	12.84
1772094153_F12	MOL2	LHX6ICRERFP	0	striatum	-1	28	10.18
1772117101_A06	MOL2	C57BL6	0	dorsal horn	0	NaN	12.65594
1772099093_A06	MOL2	C57BL6	0	dorsal horn	0	20	12.61336
1772099093_A05	MOL2	C57BL6	0	dorsal horn	0	20	14.44257
1772099313_A07	MOL2	C57BL6	0	dorsal horn	1	22	11.0017
1772092002_E11	MOL2	CD-1	0	SN-VTA	1	20	11.27935
1772092002_E04	MOL2	CD-1	0	SN-VTA	1	20	12.96044
1772092002_D02	MOL2	CD-1	0	SN-VTA	-1	20	13.51414
1772117038_B05	MOL2	PDGFRA-CRE	1	corpus callosum	-1	21	9.737175
1772096086_G08	MOL2	CD-1	0	SN-VTA	1	20	11.99583
1772092311_H04	MOL2	5HT3A-EGFP	0	striatum	1	22	8.490257
1772117057_D01	MOL2	C57BL6	0	dorsal horn	0	27	15.63635
1772099092_H04	MOL2	C57BL6	0	dorsal horn	0	20	12.02383
1772099002_A08	MOL2	CD-1	0	SN-VTA	1	23	10.78565
1772099092_B06	MOL2	C57BL6	0	dorsal horn	0	20	13.40422
1772099092_G03	MOL2	C57BL6	0	dorsal horn	0	20	13.06379
1772099155_A08	MOL2	C57BL6	0	dorsal horn	1	18	8.716912
1772117160_G02	MOL2	C57BL6	0	dorsal horn	0	20	10.36601
1772117154_F11	MOL2	C57BL6	0	dorsal horn	0	19	12.18493
1772099301_D09	MOL2	C57BL6	0	dorsal horn	0	NaN	11.30912
1772117124_A01	MOL2	C57BL6	0	dorsal horn	0	27	12.42537
1772117111_A03	MOL2	C57BL6	0	dorsal horn	0	26	10.57156
1772117158_D07	MOL2	C57BL6	0	dorsal horn	0	19	12.69837
1772099152_B06	MOL2	C57BL6	0	dorsal horn	1	18	11.2495
1772099090_D02	MOL2	C57BL6	0	dorsal horn	0	20	11.33288
1772117100_B08	MOL2	C57BL6	0	dorsal horn	0	NaN	12.07405
1772099093_H02	MOL2	C57BL6	0	dorsal horn	0	20	12.34938
1772117104_F04	MOL2	C57BL6	0	dorsal horn	0	NaN	11.18957
1772117102_A04	MOL2	C57BL6	0	dorsal horn	0	NaN	16.0313
1772099043_A09	MOL2	C57BL6	0	dorsal horn	-1	NaN	9.012741
1772099091_G02	MOL2	C57BL6	0	dorsal horn	0	20	13.33381
1772072240_D06	MOL2	C57BL6	0	dorsal horn	-1	NaN	10.98335
1772096087_C08	MOL2	CD-1	0	SN-VTA	-1	20	10.89112
1772099090_F06	MOL2	C57BL6	0	dorsal horn	0	20	12.17389
1772117096_H08	MOL2	C57BL6	0	dorsal horn	0	26	10.84162
1772099154_C05	MOL2	C57BL6	0	dorsal horn	1	18	11.41564
1772099092_C06	MOL2	C57BL6	0	dorsal horn	0	20	12.28386
1772099043_C02	MOL2	C57BL6	0	dorsal horn	-1	NaN	11.68921
1772096087_A11	MOL2	CD-1	0	SN-VTA	1	20	13.17654
1772117104_B10	MOL2	C57BL6	0	dorsal horn	0	NaN	12.96044
1772099093_F01	MOL2	C57BL6	0	dorsal horn	0	20	13.73133
1772072240_C07	MOL2	C57BL6	0	dorsal horn	-1	NaN	10.28788
1772117160_E01	MOL2	C57BL6	0	dorsal horn	0	20	8.482333
1772060226_A11	MOL4	CD-1	0	cortex S1	1	22	12.06291
1772060226_D12	MOL4	CD-1	0	cortex S1	1	22	10.32702
1772060226_D11	MOL4	CD-1	0	cortex S1	1	22	9.723354
1772060226_C07	MOL4	CD-1	0	cortex S1	1	22	10.31399
1772060226_H07	MOL4	CD-1	0	cortex S1	1	22	9.867513
1772060226_B11	MOL4	CD-1	0	cortex S1	1	22	10.50776
1772060226_A07	MOL4	CD-1	0	cortex S1	1	22	10.22231
1772060226_A12	MOL4	CD-1	0	cortex S1	1	22	10.87877
1772060226_G06	MOL4	CD-1	0	cortex S1	1	22	9.833381
1772060226_H01	MOL4	CD-1	0	cortex S1	1	22	9.45691
1772060226_G05	MOL4	CD-1	0	cortex S1	1	22	10.01631
1772060226_H04	MOL4	CD-1	0	cortex S1	1	22	9.688714
1772060226_E05	MOL4	CD-1	0	cortex S1	1	22	10.31399
1772060226_D01	MOL4	CD-1	0	cortex S1	1	22	11.62576
1772060226_B03	MOL4	CD-1	0	cortex S1	1	22	10.73566
1772060226_D06	MOL4	CD-1	0	cortex S1	1	22	11.76376
1772060226_A01	MOL4	CD-1	0	cortex S1	1	22	12.51703
1772060226_B12	MOL4	CD-1	0	cortex S1	1	22	10.40486
1772060226_F06	MOL4	CD-1	0	cortex S1	1	22	8.466463
1772060226_B07	MOL4	CD-1	0	cortex S1	1	22	10.39193
1772060226_H11	MOL4	CD-1	0	cortex S1	1	22	8.960363
1772096156_H03	MOL4	CD-1	0	SN-VTA	1	26	11.05657
1772096094_B09	MOL4	CD-1	0	SN-VTA	1	21	9.09444
1772096108_A07	MOL4	CD-1	0	SN-VTA	1	24	7.958824
1772099298_F10	MOL4	C57BL6	0	dorsal horn	0	NaN	12.05176
1772117158_A08	MOL4	C57BL6	0	dorsal horn	0	19	9.34245
1772117104_E10	MOL4	C57BL6	0	dorsal horn	0	NaN	14.31161
1772125087_B10	MOL4	PDGFRA-CRE	1	corpus callosum	-1	22	10.43068
1772092003_D11	MOL4	CD-1	0	SN-VTA	-1	20	11.66041
1772117031_D11	MOL4	PDGFRA-CRE	1	corpus callosum	-1	61	7.352778
1772117029_B09	MOL4	PDGFRA-CRE	1	corpus callosum	-1	61	7.389268
1772117039_B09	MOL4	PDGFRA-CRE	1	corpus callosum	-1	21	10.71686
1772072242_F06	MOL4	C57BL6	0	dorsal horn	-1	NaN	7.569082
1772099003_A02	MOL4	CD-1	0	SN-VTA	-1	23	12.36026
1772117015_D05	MOL4	PDGFRA-CRE	1	corpus callosum	1	60	12.81434
1772117096_B10	MOL4	C57BL6	0	dorsal horn	0	26	11.87187
1772099012_D12	MOL4	CD-1	0	SN-VTA	1	24	9.190058
1772096118_C03	MOL4	CD-1	0	SN-VTA	1	26	9.385536
1772099039_F12	MOL4	C57BL6	0	dorsal horn	-1	NaN	8.70147
1772117161_B01	MOL4	C57BL6	0	dorsal horn	0	20	9.76476
1772096106_A12	MOL4	CD-1	0	SN-VTA	1	24	8.831865
1772096150_B06	MOL4	CD-1	0	SN-VTA	-1	25	9.435554
1771051165_A04	MOL4	PDGFRA-CRE	1	corpus callosum	1	60	7.907968
1772099001_G05	MOL4	CD-1	0	SN-VTA	-1	21	9.764759
1772099040_D10	MOL4	C57BL6	0	dorsal horn	0	NaN	8.33035
1772125080_B10	MOL4	PDGFRA-CRE	1	corpus callosum	-1	22	10.80434
1772099070_H05	MOL4	CD-1	0	ZonaIncerta	1	19	7.452697
1772089200_C11	MOL4	CD-1	0	SN-VTA	1	21	8.117765
1772094143_C07	MOL4	CD-1	0	SN-VTA	-1	24	10.51415
1772096118_C08	MOL4	CD-1	0	SN-VTA	1	26	9.66787
1772099039_H04	MOL4	C57BL6	0	dorsal horn	-1	NaN	8.831865
1772060240_A12	MOL4	CD-1	0	cortex S1	-1	23	10.28788
1772099075_H12	MOL4	CD-1	0	ZonaIncerta	1	21	8.967864
1772096097_G12	MOL4	C57BL6	0	hypothalamus	-1	22	7.025406
1771051146_D12	MOL4	PDGFRA-CRE	1	corpus callosum	-1	61	6.742125
1772117039_F11	MOL4	PDGFRA-CRE	1	corpus callosum	-1	21	8.434635
1772089188_C06	MOL4	C57BL6	0	hypothalamus	-1	27	10.39193
1772089205_D04	MOL4	CD-1	0	SN-VTA	-1	22	12.30027
1772117156_C08	MOL4	C57BL6	0	dorsal horn	0	19	10.71058
1772099154_F12	MOL4	C57BL6	0	dorsal horn	0	18	11.6431
1772063074_G07	MOL4	CD-1	0	cortex S1	1	27	10.8664
1772099086_B01	MOL4	CD-1	0	ZonaIncerta	-1	22	8.975359
1772063070_G06	MOL4	CD-1	0	cortex S1	-1	27	10.22888
1772117100_E11	MOL4	C57BL6	0	dorsal horn	0	NaN	14.76944
1772062116_C11	MOL4	CD-1	0	cortex S1	1	22	11.75232
1772099155_B09	MOL4	C57BL6	0	dorsal horn	1	18	10.22231
1772099040_F10	MOL4	C57BL6	0	dorsal horn	-1	NaN	8.434634
1772096148_G01	MOL4	CD-1	0	SN-VTA	1	24	11.5794
1772096127_D12	MOL4	C57BL6	0	hypothalamus	-1	21	11.82078
1772117014_H03	MOL4	PDGFRA-CRE	1	corpus callosum	1	60	9.392698
1772099042_D05	MOL4	C57BL6	0	dorsal horn	-1	NaN	8.553382
1772117160_A03	MOL4	C57BL6	0	dorsal horn	0	20	13.55389
1772062116_C03	MOL4	CD-1	0	cortex S1	1	22	0
1772099011_F12	MOL4	CD-1	0	SN-VTA	-1	24	9.840217
1772072243_A11	MOL4	C57BL6	0	dorsal horn	1	NaN	11.44506
1772099153_H05	MOL4	C57BL6	0	dorsal horn	1	18	10.00288
1772078017_H10	MOL4	C57BL6	0	hypothalamus	-1	25	11.99583
1772096118_D05	MOL4	CD-1	0	SN-VTA	-1	26	9.233855
1772099302_A06	MOL4	C57BL6	0	dorsal horn	0	NaN	15.03118
1772099304_F01	MOL4	C57BL6	0	dorsal horn	0	NaN	9.61906
1772067060_D02	MOL4	5HT3A-EGFP	0	hippo CA1	-1	23	12.035
1772099042_B12	MOL4	C57BL6	0	dorsal horn	0	NaN	10.0096
1772117159_B11	MOL4	C57BL6	0	dorsal horn	0	20	11.6026
1772099039_B10	MOL4	C57BL6	0	dorsal horn	-1	NaN	8.490257
1772067060_E08	MOL4	5HT3A-EGFP	0	hippo CA1	-1	23	18.69569
1772099153_F12	MOL4	C57BL6	0	dorsal horn	1	18	10.88495
1772071055_C03	MOL4	5HT3A-EGFP	0	cortex S1	1	21	10.19596
1772117111_E07	MOL4	C57BL6	0	dorsal horn	0	26	10.38546
1772117102_C06	MOL4	C57BL6	0	dorsal horn	0	NaN	13.97403
1772125080_H07	MOL4	PDGFRA-CRE	1	corpus callosum	-1	22	13.17144
1772096087_E12	MOL4	CD-1	0	SN-VTA	1	20	10.74192
1772078017_F03	MOL4	C57BL6	0	hypothalamus	-1	25	10.94655
1772060225_G04	MOL4	CD-1	0	cortex S1	-1	28	10.20914
1772096106_B10	MOL4	CD-1	0	SN-VTA	1	24	10.09655
1772099039_E05	MOL4	C57BL6	0	dorsal horn	-1	NaN	7.822474
1772094153_H10	MOL4	LHX6ICRERFP	0	striatum	-1	28	9
1772084018_F07	MOL4	CD-1	0	SN-VTA	0	24	11.21358
1772117124_H05	MOL4	C57BL6	0	dorsal horn	0	27	8.824248
1772096091_H07	MOL4	CD-1	0	SN-VTA	-1	20	10.98335
1772117159_A10	MOL4	C57BL6	0	dorsal horn	0	20	11.88319
1772117038_A05	MOL4	PDGFRA-CRE	1	corpus callosum	-1	21	12.05176
1772089196_A09	MOL4	C57BL6	0	hypothalamus	-1	25	9.778522
1772099039_B12	MOL4	C57BL6	0	dorsal horn	0	NaN	7.924956
1772099008_D07	MOL4	CD-1	0	SN-VTA	0	23	10.08989
1772094143_B07	MOL4	CD-1	0	SN-VTA	-1	24	9.190058
1772117100_C10	MOL4	C57BL6	0	dorsal horn	0	NaN	14.65058
1772099011_D10	MOL4	CD-1	0	SN-VTA	-1	24	10.04313
1772099091_A05	MOL4	C57BL6	0	dorsal horn	0	20	9.241135
1772096138_C11	MOL4	C57BL6	0	hypothalamus	1	19	10.94655
1772096132_D10	MOL4	C57BL6	0	hypothalamus	-1	24	7.762068
1772099045_E06	MOL4	CD-1	0	SN-VTA	-1	21	9.005277
1772099002_F05	MOL4	CD-1	0	SN-VTA	1	23	10.54608
1772117104_C05	MOL4	C57BL6	0	dorsal horn	0	NaN	14.34446
1772078017_B09	MOL4	C57BL6	0	hypothalamus	-1	25	8.537644
1772063062_D08	MOL4	5HT3A-EGFP	0	cortex S1	1	20	10.24202
1772099073_B06	MOL4	CD-1	0	ZonaIncerta	-1	21	11.11722
1772099091_H06	MOL4	C57BL6	0	dorsal horn	0	20	11.43918
1772099045_G10	MOL4	CD-1	0	SN-VTA	-1	21	10.08322
1772099028_D05	MOL4	CD-1	0	ZonaIncerta	1	20	9.005277
1772089202_H06	MOL4	CD-1	0	SN-VTA	-1	22	12.229
1772099082_D11	MOL4	CD-1	0	ZonaIncerta	1	22	9.660913
1772078018_H08	MOL4	C57BL6	0	hypothalamus	-1	27	7.569082
1772092009_D05	MOL4	C57BL6	0	hypothalamus	1	29	9.901527
1772062128_F09	MOL4	?	0	cortex S1	1	NaN	8.346479
1772089200_G10	MOL4	CD-1	0	SN-VTA	1	21	12.5224
1772099153_A09	MOL4	C57BL6	0	dorsal horn	1	18	8.839475
1772125090_G10	MOL4	PDGFRA-CRE	1	corpus callosum	-1	22	9.996152
1772099001_D12	MOL4	CD-1	0	SN-VTA	-1	21	9.626048
1772096128_B10	MOL4	C57BL6	0	hypothalamus	-1	29	11.09906
1772078022_D02	MOL4	C57BL6	0	hypothalamus	-1	27	10.08989
1772092011_A08	MOL4	C57BL6	0	hypothalamus	-1	29	11.62576
1772099009_C11	MOL4	CD-1	0	SN-VTA	-1	24	10.67914
1772096148_F12	MOL4	CD-1	0	SN-VTA	1	24	10.18276
1772099009_B10	MOL4	CD-1	0	SN-VTA	-1	24	10.2617
1772092011_E08	MOL4	C57BL6	0	hypothalamus	-1	29	8.02613
1772099314_F12	MOL4	C57BL6	0	dorsal horn	1	22	12.4632
1772099315_H01	MOL4	C57BL6	0	dorsal horn	1	22	8.900125
1772125080_G04	MOL4	PDGFRA-CRE	1	corpus callosum	-1	22	10.23546
1772099003_A06	MOL4	CD-1	0	SN-VTA	-1	23	10.83541
1772099015_G03	MOL4	C57BL6	0	dorsal horn	1	NaN	11.14139
1772089195_H05	MOL4	C57BL6	0	hypothalamus	-1	25	9.626048
1772117039_E02	MOL4	PDGFRA-CRE	1	corpus callosum	-1	21	13.30351
1772099009_D12	MOL4	CD-1	0	SN-VTA	-1	24	9.840217
1772099087_A06	MOL4	CD-1	0	ZonaIncerta	-1	22	9.695652
1772099044_B11	MOL4	C57BL6	0	dorsal horn	0	NaN	7.709914
1772099153_D09	MOL4	C57BL6	0	dorsal horn	1	18	12.13516
1772096154_G07	MOL4	CD-1	0	SN-VTA	1	26	10.67914
1772099086_D12	MOL4	CD-1	0	ZonaIncerta	-1	22	9.123968
1772099009_B01	MOL4	CD-1	0	SN-VTA	1	24	9.674823
1772096134_A01	MOL4	C57BL6	0	hypothalamus	-1	25	9.131335
1772092277_E10	MOL4	CD-1	0	SN-VTA	-1	27	20.13641
1772117107_A02	MOL4	C57BL6	0	dorsal horn	0	NaN	9.915101
1772096126_H12	MOL4	C57BL6	0	hypothalamus	-1	21	8.02613
1772096086_G11	MOL4	CD-1	0	SN-VTA	1	20	11.5852
1772066098_D12	MOL4	CD-1	0	hippo CA1	-1	26	9.442678
1772099041_A05	MOL4	C57BL6	0	dorsal horn	-1	NaN	7.506637
1772096117_C02	MOL4	CD-1	0	SN-VTA	-1	26	9.887936
1772099039_D05	MOL4	C57BL6	0	dorsal horn	0	NaN	7.856783
1772117104_B12	MOL4	C57BL6	0	dorsal horn	0	NaN	10.2748
1772099041_B01	MOL4	C57BL6	0	dorsal horn	0	NaN	7.325291
1772125087_G07	MOL4	PDGFRA-CRE	1	corpus callosum	-1	22	9.1534
1772096154_D06	MOL4	CD-1	0	SN-VTA	-1	26	10.87877
1771051146_A05	MOL4	PDGFRA-CRE	1	corpus callosum	-1	61	6.611197
1772089195_D12	MOL4	C57BL6	0	hypothalamus	-1	25	9.378369
1772099047_C06	MOL4	CD-1	0	SN-VTA	-1	21	11.76947
1772117031_G10	MOL4	PDGFRA-CRE	1	corpus callosum	-1	61	5.935934
1772117100_B06	MOL4	C57BL6	0	dorsal horn	0	NaN	12.05733
1772078014_D04	MOL4	C57BL6	0	hypothalamus	-1	25	11.85486
1772089199_D06	MOL4	CD-1	0	SN-VTA	-1	23	8.907676
1772078017_D04	MOL4	C57BL6	0	hypothalamus	-1	25	9.562972
1772117015_F02	MOL4	PDGFRA-CRE	1	corpus callosum	1	60	8.02613
1772117014_H10	MOL4	PDGFRA-CRE	1	corpus callosum	1	60	8.208377
1772099298_F02	MOL4	C57BL6	0	dorsal horn	0	NaN	10.81056
1772099092_A06	MOL4	C57BL6	0	dorsal horn	0	20	10.73566
1772117031_C04	MOL4	PDGFRA-CRE	1	corpus callosum	-1	61	7.186278
1772092299_H10	MOL4	LHX6ICRERFP	0	striatum	-1	27	9.79913
1772099073_E03	MOL4	CD-1	0	ZonaIncerta	1	21	11.15345
1772125080_G05	MOL4	PDGFRA-CRE	1	corpus callosum	-1	22	9.520689
1772099002_C04	MOL4	CD-1	0	SN-VTA	1	23	9.982689
1772096117_A09	MOL4	CD-1	0	SN-VTA	1	26	9.744078
1772099154_G04	MOL4	C57BL6	0	dorsal horn	1	18	11.321
1772099090_H05	MOL4	C57BL6	0	dorsal horn	0	20	10.7043
1772089202_E01	MOL4	CD-1	0	SN-VTA	-1	22	10.34654
1772096149_E12	MOL4	CD-1	0	SN-VTA	0	25	8.900124
1772117014_C12	MOL4	PDGFRA-CRE	1	corpus callosum	1	60	9.534804
1772117015_C09	MOL4	PDGFRA-CRE	1	corpus callosum	1	60	8.017747
1772089200_A02	MOL4	CD-1	0	SN-VTA	-1	21	9.42129
1772099301_G12	MOL4	C57BL6	0	dorsal horn	0	NaN	10.18276
1772071041_D06	MOL4	CD-1	0	cortex S1	-1	23	10.35303
1772062114_C07	MOL4	CD-1	0	cortex S1	1	27	0
1772062111_C09	MOL4	CD-1	0	cortex S1	1	24	11.11117
1772066098_A11	MOL4	CD-1	0	hippo CA1	-1	26	10.54608
1772099039_F06	MOL4	C57BL6	0	dorsal horn	-1	NaN	9.116595
1772117031_D03	MOL4	PDGFRA-CRE	1	corpus callosum	-1	61	7.443669
1772099012_E01	MOL4	CD-1	0	SN-VTA	1	24	9.449797
1772072242_E01	MOL4	C57BL6	0	dorsal horn	0	NaN	8.885001
1772099008_B12	MOL4	CD-1	0	SN-VTA	-1	23	9.035096
1772117123_F10	MOL4	C57BL6	0	dorsal horn	0	26	9.485309
1772089200_E01	MOL4	CD-1	0	SN-VTA	1	21	9.9151
1772099298_D07	MOL4	C57BL6	0	dorsal horn	0	NaN	10.82921
1772117156_F04	MOL4	C57BL6	0	dorsal horn	0	19	10.95269
1772099093_B11	MOL4	C57BL6	0	dorsal horn	0	20	12.33303
1772058148_A04	MOL4	?	0	cortex S1	1	NaN	11.27935
1772096110_D12	MOL4	CD-1	0	SN-VTA	-1	24	9.385536
1772117123_G08	MOL4	C57BL6	0	dorsal horn	0	26	10.43068
1772096146_A10	MOL4	CD-1	0	SN-VTA	1	24	9.79913
1772117151_G05	MOL4	C57BL6	0	dorsal horn	0	19	12.035
1772062128_C10	MOL4	?	0	cortex S1	1	NaN	11.45093
1772099044_D01	MOL4	C57BL6	0	dorsal horn	-1	NaN	8.482333
1772099042_A01	MOL4	C57BL6	0	dorsal horn	-1	NaN	9.681771
1772099008_G11	MOL4	CD-1	0	SN-VTA	1	23	8.56124
1772125080_A05	MOL4	PDGFRA-CRE	1	corpus callosum	-1	22	10.91579
1772092012_D12	MOL4	C57BL6	0	hypothalamus	1	28	9.506553
1772060240_F02	MOL4	CD-1	0	cortex S1	-1	23	9.584043
1772089199_E12	MOL4	CD-1	0	SN-VTA	-1	23	10.22231
1772062113_H04	MOL4	CD-1	0	cortex S1	-1	26	8.793714
1771051167_F08	MOL4	PDGFRA-CRE	1	corpus callosum	1	60	6.25583
1772094143_E02	MOL4	CD-1	0	SN-VTA	0	24	8.33035
1772089200_D06	MOL4	CD-1	0	SN-VTA	0	21	9.02765
1772067070_C12	MOL4	CD-1	0	cortex S1	1	26	10.2617
1772072240_A09	MOL4	C57BL6	0	dorsal horn	-1	NaN	9.9151
1772062115_E01	MOL4	CD-1	0	cortex S1	-1	28	8.862267
1772066102_G11	MOL4	CD-1	0	hippo CA1	1	23	9.190058
1772072243_D10	MOL4	C57BL6	0	dorsal horn	1	NaN	9.449797
1772092008_B05	MOL4	C57BL6	0	hypothalamus	1	29	10.3984
1772099011_A04	MOL4	CD-1	0	SN-VTA	-1	24	8.426658
1772084018_D01	MOL4	CD-1	0	SN-VTA	-1	24	9.442678
1772066098_B04	MOL4	CD-1	0	hippo CA1	-1	26	11.3625
1772089205_A11	MOL4	CD-1	0	SN-VTA	1	22	11.14742
1772096154_F02	MOL4	CD-1	0	SN-VTA	-1	26	7.967268
1772089190_F10	MOL4	C57BL6	0	hypothalamus	-1	27	6.987016
1772117158_E05	MOL4	C57BL6	0	dorsal horn	0	19	10.41778
1772084018_E04	MOL4	CD-1	0	SN-VTA	1	24	11.20758
1772078017_F11	MOL4	C57BL6	0	hypothalamus	-1	25	11.86053
1772099092_D10	MOL4	C57BL6	0	dorsal horn	0	20	11.21358
1772117102_G06	MOL4	C57BL6	0	dorsal horn	0	NaN	13.55389
1772117039_A03	MOL4	PDGFRA-CRE	1	corpus callosum	-1	21	9.989422
1771051146_A12	MOL4	PDGFRA-CRE	1	corpus callosum	-1	61	7.242203
1772117151_F11	MOL4	C57BL6	0	dorsal horn	0	19	11.8094
1772084018_G06	MOL4	CD-1	0	SN-VTA	0	24	10.25514
1772078024_D05	MOL4	5HT3A-EGFP	0	striatum	1	27	9.371196
1772092013_F09	MOL4	C57BL6	0	hypothalamus	1	28	9.262938
1772089199_A10	MOL4	CD-1	0	SN-VTA	-1	23	12.05176
1771051165_F05	MOL4	PDGFRA-CRE	1	corpus callosum	1	60	7.533463
1772099090_B12	MOL4	C57BL6	0	dorsal horn	0	20	11.00781
1772099304_B07	MOL4	C57BL6	0	dorsal horn	0	NaN	12.23999
1772117154_D04	MOL4	C57BL6	0	dorsal horn	0	19	11.28531
1772096148_D02	MOL4	CD-1	0	SN-VTA	1	24	8.56124
1772066108_D06	MOL4	CD-1	0	hippo CA1	1	23	10.81056
1772117151_G07	MOL4	C57BL6	0	dorsal horn	0	19	14.321
1772062128_H11	MOL4	?	0	cortex S1	1	NaN	11.30317
1772099001_F10	MOL4	CD-1	0	SN-VTA	-1	21	10.47571
1771051146_B09	MOL4	PDGFRA-CRE	1	corpus callosum	-1	61	6.841133
1772071040_D12	MOL4	CD-1	0	cortex S1	-1	23	10.20255
1772099302_H04	MOL4	C57BL6	0	dorsal horn	0	NaN	9.915101
1772062115_D04	MOL4	CD-1	0	cortex S1	-1	28	9.688714
1772099090_C07	MOL4	C57BL6	0	dorsal horn	0	20	10.3984
1772117031_G06	MOL4	PDGFRA-CRE	1	corpus callosum	-1	61	9.562972
1772099039_D04	MOL4	C57BL6	0	dorsal horn	-1	NaN	9.262938
1772092276_B12	MOL4	CD-1	0	SN-VTA	-1	27	11.321
1772089202_D09	MOL4	CD-1	0	SN-VTA	1	22	10.55246
1772089199_H01	MOL4	CD-1	0	SN-VTA	-1	23	10.10321
1772092013_C08	MOL4	C57BL6	0	hypothalamus	1	28	9.860696
1772099078_G08	MOL4	CD-1	0	ZonaIncerta	1	21	10.30747
1772099011_G11	MOL4	CD-1	0	SN-VTA	-1	24	10.32051
1772117031_C12	MOL4	PDGFRA-CRE	1	corpus callosum	-1	61	9.541854
1772094135_H07	MOL4	CD-1	0	SN-VTA	1	19	10.0632
1772117031_H09	MOL4	PDGFRA-CRE	1	corpus callosum	-1	61	7.613373
1772117161_D07	MOL4	C57BL6	0	dorsal horn	0	20	9.45691
1772117101_C12	MOL4	C57BL6	0	dorsal horn	0	NaN	13.57372
1772117035_C02	MOL4	PDGFRA-CRE	1	cortex S1	-1	62	9.16808
1772099303_E11	MOL4	C57BL6	0	dorsal horn	0	NaN	12.67187
1772117104_D06	MOL4	C57BL6	0	dorsal horn	0	NaN	11.69496
1772099298_C01	MOL4	C57BL6	0	dorsal horn	0	NaN	9.833381
1772099305_H11	MOL4	C57BL6	0	dorsal horn	0	NaN	10.0096
1772099305_G11	MOL4	C57BL6	0	dorsal horn	0	NaN	10.01631
1772089199_D04	MOL4	CD-1	0	SN-VTA	-1	23	9.79913
1772099303_C04	MOL4	C57BL6	0	dorsal horn	0	NaN	10.87877
1772089199_H12	MOL4	CD-1	0	SN-VTA	-1	23	10.98335
1772117028_A06	MOL4	PDGFRA-CRE	1	corpus callosum	-1	61	6.762042
1772117039_D10	MOL4	PDGFRA-CRE	1	corpus callosum	-1	21	8.545517
1771051167_D10	MOL4	PDGFRA-CRE	1	corpus callosum	1	60	8.808995
1772089199_B09	MOL4	CD-1	0	SN-VTA	-1	23	11.7122
1772117014_E07	MOL4	PDGFRA-CRE	1	corpus callosum	1	60	8.639427
1772117013_D02	MOL4	PDGFRA-CRE	1	cortex S1	1	61	8.709194
1772117107_C04	MOL4	C57BL6	0	dorsal horn	0	NaN	11.91709
1772067074_E11	MOL4	CD-1	0	cortex S1	1	28	12.01263
1772063062_E08	MOL4	5HT3A-EGFP	0	cortex S1	1	20	11.33288
1772062114_H10	MOL4	CD-1	0	cortex S1	1	27	0
1772089199_A06	MOL4	CD-1	0	SN-VTA	-1	23	11.17152
1772089205_B06	MOL4	CD-1	0	SN-VTA	1	22	9.847048
1772063061_C05	MOL4	CD-1	0	cortex S1	-1	31	9.591057
1772062118_C04	MOL4	CD-1	0	cortex S1	-1	24	10.66654
1772078030_B04	MOL4	C57BL6	0	hypothalamus	1	22	10.92195
1772092277_C05	MOL4	CD-1	0	SN-VTA	-1	27	9.548898
1772072242_F11	MOL4	C57BL6	0	dorsal horn	-1	NaN	9.057396
1772096116_C08	MOL4	CD-1	0	SN-VTA	1	26	9.371196
1772099042_B10	MOL4	C57BL6	0	dorsal horn	-1	NaN	9.087043
1772099316_H01	MOL4	C57BL6	0	dorsal horn	1	22	12.82483
1772117014_D04	MOL4	PDGFRA-CRE	1	corpus callosum	1	60	7.251483
1772117154_D10	MOL4	C57BL6	0	dorsal horn	0	19	12.72482
1772099039_C10	MOL4	C57BL6	0	dorsal horn	-1	NaN	8.426658
1772099044_D05	MOL4	C57BL6	0	dorsal horn	-1	NaN	8.930294
1772117028_G09	MOL4	PDGFRA-CRE	1	corpus callosum	-1	61	8.084563
1772071040_C11	MOL4	CD-1	0	cortex S1	-1	23	11.69496
1772117159_A09	MOL4	C57BL6	0	dorsal horn	0	20	11.05049
1772125080_C12	MOL4	PDGFRA-CRE	1	corpus callosum	-1	22	11.21358
1772099093_D04	MOL4	C57BL6	0	dorsal horn	0	20	11.23754
1772099002_B06	MOL4	CD-1	0	SN-VTA	1	23	10.18936
1771051146_E05	MOL4	PDGFRA-CRE	1	corpus callosum	-1	61	6.77198
1772096110_G11	MOL4	CD-1	0	SN-VTA	-1	24	8.869852
1772117037_B02	MOL4	PDGFRA-CRE	1	cortex S1	-1	62	8.801358
1772099039_F10	MOL4	C57BL6	0	dorsal horn	0	NaN	8.513983
1772094143_D04	MOL4	CD-1	0	SN-VTA	-1	24	9.695652
1772060225_C05	MOL4	CD-1	0	cortex S1	-1	28	10.19596
1772099302_F04	MOL4	C57BL6	0	dorsal horn	0	NaN	12.47937
1772117108_F07	MOL4	C57BL6	0	dorsal horn	0	NaN	11.59101
1772096106_A04	MOL4	CD-1	0	SN-VTA	1	24	9.633031
1772117029_F07	MOL4	PDGFRA-CRE	1	corpus callosum	-1	61	7.19563
1772099042_C07	MOL4	C57BL6	0	dorsal horn	0	NaN	8.686001
1772096146_F11	MOL4	CD-1	0	SN-VTA	1	24	9.709513
1772099301_D01	MOL4	C57BL6	0	dorsal horn	0	NaN	10.03643
1772117104_C06	MOL4	C57BL6	0	dorsal horn	0	NaN	10.02302
1772062118_B03	MOL4	CD-1	0	cortex S1	-1	24	8.482333
1772117108_C07	MOL4	C57BL6	0	dorsal horn	0	NaN	13.13054
1772089199_E03	MOL4	CD-1	0	SN-VTA	-1	23	9.894734
1772099008_D10	MOL4	CD-1	0	SN-VTA	-1	23	9.955708
1771051150_C10	MOL4	PDGFRA-CRE	1	cortex S1	-1	62	10.08322
1772117028_C11	MOL4	PDGFRA-CRE	1	corpus callosum	-1	61	9.695652
1772092277_A11	MOL4	CD-1	0	SN-VTA	-1	27	11.27935
1772099040_B02	MOL4	C57BL6	0	dorsal horn	-1	NaN	10.57156
1772117151_D06	MOL4	C57BL6	0	dorsal horn	0	19	12.59202
1772099043_E10	MOL4	C57BL6	0	dorsal horn	0	NaN	8.529765
1772096151_G10	MOL4	CD-1	0	SN-VTA	-1	25	8.224744
1772071040_D05	MOL4	CD-1	0	cortex S1	-1	23	11.44506
1772062114_E06	MOL4	CD-1	0	cortex S1	1	27	9.730267
1772094143_G12	MOL4	CD-1	0	SN-VTA	0	24	10.22231
1772078014_G06	MOL4	C57BL6	0	hypothalamus	-1	25	10.51415
1772096108_E12	MOL4	CD-1	0	SN-VTA	-1	24	9.881133
1772117014_A08	MOL4	PDGFRA-CRE	1	corpus callosum	1	60	9.442678
1772099039_D07	MOL4	C57BL6	0	dorsal horn	-1	NaN	10.02973
1772117156_H07	MOL4	C57BL6	0	dorsal horn	0	19	13.41425
1772117099_D06	MOL4	C57BL6	0	dorsal horn	0	NaN	9.320832
1772062111_B04	MOL4	CD-1	0	cortex S1	1	24	10.81056
1772099011_G06	MOL4	CD-1	0	SN-VTA	-1	24	10.14969
1772099009_E03	MOL4	CD-1	0	SN-VTA	-1	24	11.0748
1772071040_H06	MOL4	CD-1	0	cortex S1	-1	23	11.92837
1772099301_B10	MOL4	C57BL6	0	dorsal horn	0	NaN	11.27935
1772063078_C08	MOL4	CD-1	0	cortex S1	-1	27	11.0017
1772099044_D09	MOL4	C57BL6	0	dorsal horn	-1	NaN	9.306392
1772096146_E05	MOL4	CD-1	0	SN-VTA	0	24	9.506553
1772078019_D06	MOL4	C57BL6	0	hypothalamus	-1	27	8.709194
1772117031_G12	MOL4	PDGFRA-CRE	1	corpus callosum	-1	61	6.880338
1772117108_F08	MOL4	C57BL6	0	dorsal horn	0	NaN	10.94655
1772117102_C11	MOL4	C57BL6	0	dorsal horn	0	NaN	11.84352
1772099012_C11	MOL4	CD-1	0	SN-VTA	-1	24	10.77318
1772099303_D03	MOL4	C57BL6	0	dorsal horn	0	NaN	12.49552
1772096117_C05	MOL4	CD-1	0	SN-VTA	0	26	9.97595
1772117059_E04	MOL4	C57BL6	0	dorsal horn	0	27	10.15631
1772117156_D02	MOL4	C57BL6	0	dorsal horn	0	19	8.569091
1772099155_E11	MOL4	C57BL6	0	dorsal horn	1	18	10.48213
1772099302_D10	MOL4	C57BL6	0	dorsal horn	0	NaN	11.93401
1772117029_F04	MOL4	PDGFRA-CRE	1	corpus callosum	-1	61	8.249235
1772062114_B03	MOL4	CD-1	0	cortex S1	1	27	10.60331
1772117038_A06	MOL4	PDGFRA-CRE	1	corpus callosum	-1	21	10.32051
1772117039_D07	MOL4	PDGFRA-CRE	1	corpus callosum	-1	21	13.64782
1772117100_F01	MOL4	C57BL6	0	dorsal horn	0	NaN	13.39419
1772117055_G09	MOL4	C57BL6	0	dorsal horn	0	28	13.96922
1772099038_B09	MOL4	CD-1	0	ZonaIncerta	1	22	10.17616
1771051165_C10	MOL4	PDGFRA-CRE	1	corpus callosum	1	60	7.063589
1772117055_B05	MOL4	C57BL6	0	dorsal horn	0	28	12.33303
1772117037_H06	MOL4	PDGFRA-CRE	1	cortex S1	-1	62	8.142577
1772117111_B11	MOL4	C57BL6	0	dorsal horn	0	26	7.595688
1772099043_H10	MOL4	C57BL6	0	dorsal horn	-1	NaN	10.46929
1771051150_A04	MOL4	PDGFRA-CRE	1	cortex S1	-1	62	7.13934
1772099045_F09	MOL4	CD-1	0	SN-VTA	-1	21	10.85402
1772117028_G01	MOL4	PDGFRA-CRE	1	corpus callosum	-1	61	8.297999
1772117015_G03	MOL4	PDGFRA-CRE	1	corpus callosum	1	60	9.887936
1772117031_G05	MOL4	PDGFRA-CRE	1	corpus callosum	-1	61	7.380163
1772117031_E11	MOL4	PDGFRA-CRE	1	corpus callosum	-1	61	9.012741
1772117031_E03	MOL4	PDGFRA-CRE	1	corpus callosum	-1	61	8.402685
1772117137_C01	MOL4	C57BL6	0	dorsal horn	0	20	10.30094
1772062115_C07	MOL4	CD-1	0	cortex S1	-1	28	10.05651
1771051167_E01	MOL4	PDGFRA-CRE	1	corpus callosum	1	60	8.521878
1772099040_B10	MOL4	C57BL6	0	dorsal horn	-1	NaN	8.907676
1772099008_E06	MOL4	CD-1	0	SN-VTA	1	23	12.57064
1772117035_A03	MOL4	PDGFRA-CRE	1	cortex S1	-1	62	8.092877
1772117031_F12	MOL4	PDGFRA-CRE	1	corpus callosum	-1	61	8.000956
1772092005_B08	MOL4	C57BL6	0	hypothalamus	-1	29	11.56196
1772096156_E09	MOL4	CD-1	0	SN-VTA	1	26	10.68544
1772099305_G05	MOL4	C57BL6	0	dorsal horn	0	NaN	11.91145
1772089200_B02	MOL4	CD-1	0	SN-VTA	-1	21	8.770744
1772117034_B12	MOL4	PDGFRA-CRE	1	cortex S1	-1	62	13.04834
1772066096_C04	MOL4	CD-1	0	hippo CA1	-1	27	10.43068
1772099012_H11	MOL4	CD-1	0	SN-VTA	-1	24	12.23999
1772117035_G11	MOL4	PDGFRA-CRE	1	cortex S1	-1	62	8.224745
1771051150_A09	MOL4	PDGFRA-CRE	1	cortex S1	-1	62	7.865337
1772117031_A03	MOL4	PDGFRA-CRE	1	corpus callosum	-1	61	6.092464
1772117124_E10	MOL4	C57BL6	0	dorsal horn	0	27	11.79231
1772084018_E11	MOL4	CD-1	0	SN-VTA	1	24	9.97595
1772117035_F09	MOL4	PDGFRA-CRE	1	cortex S1	-1	62	10.81056
1772099041_E09	MOL4	C57BL6	0	dorsal horn	-1	NaN	8.378643
1772096149_D02	MOL4	CD-1	0	SN-VTA	-1	25	10.15631
1772117013_E04	MOL4	PDGFRA-CRE	1	cortex S1	1	61	8.584771
1772117057_A01	MOL4	C57BL6	0	dorsal horn	0	27	10.10986
1772117013_G03	MOL4	PDGFRA-CRE	0	cortex S1	1	61	5.935934
1772117028_D06	MOL4	PDGFRA-CRE	1	corpus callosum	-1	61	7.479716
1772099043_A12	MOL4	C57BL6	0	dorsal horn	0	NaN	9.45691
1772099044_A11	MOL4	C57BL6	0	dorsal horn	0	NaN	8.915222
1772063068_G06	MOL4	CD-1	0	cortex S1	1	26	9.020199
1772096154_H12	MOL4	CD-1	0	SN-VTA	1	26	9.928655
1772096151_B05	MOL4	CD-1	0	SN-VTA	0	25	0
1772099002_F04	MOL4	CD-1	0	SN-VTA	-1	23	10.73566
1772099038_D06	MOL4	CD-1	0	ZonaIncerta	1	22	10.1298
1772099301_F01	MOL4	C57BL6	0	dorsal horn	0	NaN	10.20914
1772117034_B04	MOL4	PDGFRA-CRE	1	cortex S1	-1	62	9.435554
1772099042_G01	MOL4	C57BL6	0	dorsal horn	-1	NaN	9.853874
1772067073_D01	MOL4	CD-1	0	cortex S1	1	28	9.371196
1772125090_D12	MOL4	PDGFRA-CRE	1	corpus callosum	-1	22	11.24352
1772099076_H06	MOL4	CD-1	0	ZonaIncerta	-1	21	11.21957
1772096106_B09	MOL4	CD-1	0	SN-VTA	1	24	10.69801
1772099304_G06	MOL4	C57BL6	0	dorsal horn	0	NaN	10.28134
1772117151_D08	MOL4	C57BL6	0	dorsal horn	0	19	12.47937
1771051165_H09	MOL4	PDGFRA-CRE	1	corpus callosum	1	60	8.975359
1772092011_B07	MOL4	C57BL6	0	hypothalamus	-1	29	11.75804
1772099031_D04	MOL4	CD-1	0	ZonaIncerta	-1	20	9.160743
1772084018_D07	MOL4	CD-1	0	SN-VTA	1	24	6.771979
1772117100_E06	MOL4	C57BL6	0	dorsal horn	0	NaN	14.00288
1772084018_G03	MOL4	CD-1	0	SN-VTA	-1	24	8.915222
1772092314_H04	MOL4	CD-1	0	DentGyr	-1	25	10.28788
1772099302_E08	MOL4	C57BL6	0	dorsal horn	0	NaN	8.686001
1772096150_C06	MOL4	CD-1	0	SN-VTA	0	25	8.854676
1772117103_E06	MOL4	C57BL6	0	dorsal horn	0	NaN	10.55246
1772096106_B04	MOL4	CD-1	0	SN-VTA	1	24	9.562972
1772089199_C09	MOL4	CD-1	0	SN-VTA	-1	23	12.06291
1772099042_E03	MOL4	C57BL6	0	dorsal horn	0	NaN	9.175412
1772117037_C05	MOL4	PDGFRA-CRE	1	cortex S1	-1	62	10.87877
1771051150_C04	MOL4	PDGFRA-CRE	1	cortex S1	-1	62	8.937821
1772096146_F04	MOL4	CD-1	0	SN-VTA	1	24	9.80599
1772117099_G09	MOL4	C57BL6	0	dorsal horn	0	NaN	14.66893
1772117034_C06	MOL4	PDGFRA-CRE	1	cortex S1	-1	62	9.660913
1772117103_G02	MOL4	C57BL6	0	dorsal horn	0	NaN	13.86291
1772117055_F12	MOL4	C57BL6	0	dorsal horn	0	28	11.51535
1772099091_D12	MOL4	C57BL6	0	dorsal horn	0	20	10.59062
1772117014_G12	MOL4	PDGFRA-CRE	1	corpus callosum	1	60	10.42423
1772117108_E07	MOL4	C57BL6	0	dorsal horn	0	NaN	14.43325
1772099043_G05	MOL4	C57BL6	0	dorsal horn	-1	NaN	10.01631
1772117096_D12	MOL4	C57BL6	0	dorsal horn	0	26	11.12931
1772117031_E04	MOL4	PDGFRA-CRE	1	corpus callosum	-1	61	6.977385
1772099075_G06	MOL4	CD-1	0	ZonaIncerta	1	21	10.16293
1772096146_G09	MOL4	CD-1	0	SN-VTA	1	24	10.25514
1772117123_B03	MOL4	C57BL6	0	dorsal horn	0	26	10.18936
1772117034_A07	MOL4	PDGFRA-CRE	1	cortex S1	-1	62	9.079641
1772089190_C04	MOL4	C57BL6	0	hypothalamus	-1	27	9.541854
1772117037_B07	MOL4	PDGFRA-CRE	1	cortex S1	-1	62	6.003518
1772063078_B11	MOL4	CD-1	0	cortex S1	-1	27	10.75444
1771051167_E10	MOL4	PDGFRA-CRE	1	corpus callosum	1	60	8.232916
1772078013_E10	MOL4	C57BL6	0	hypothalamus	-1	25	9.730267
1772125090_C12	MOL4	PDGFRA-CRE	1	corpus callosum	-1	22	13.87746
1772063063_G10	MOL4	5HT3A-EGFP	0	cortex S1	-1	21	10.77942
1772063062_A06	MOL4	5HT3A-EGFP	0	cortex S1	1	20	11.8037
1772099303_E01	MOL1	C57BL6	0	dorsal horn	0	NaN	10.12316
1771051146_B08	MOL1	PDGFRA-CRE	0	corpus callosum	-1	61	4.947367
1772117097_E02	MOL1	C57BL6	0	dorsal horn	0	26	10.28788
1772096097_F12	MOL1	C57BL6	0	hypothalamus	-1	22	11.5794
1772117124_H06	MOL1	C57BL6	0	dorsal horn	0	27	12.10742
1771051146_D09	MOL1	PDGFRA-CRE	0	corpus callosum	-1	61	5.867572
1772099003_G04	MOL1	CD-1	0	SN-VTA	0	23	7.26075
1771051146_E03	MOL1	PDGFRA-CRE	1	corpus callosum	-1	61	7.398363
1772099304_H08	MOL1	C57BL6	0	dorsal horn	0	NaN	11.27338
1772117055_F03	MOL1	C57BL6	0	dorsal horn	0	28	9.241135
1772099001_C11	MOL1	CD-1	0	SN-VTA	-1	21	10.15631
1772125087_B06	MOL1	PDGFRA-CRE	0	corpus callosum	-1	22	7.569082
1772117096_G01	MOL1	C57BL6	0	dorsal horn	0	26	12.47937
1771051167_H10	MOL1	PDGFRA-CRE	1	corpus callosum	1	60	7.551293
1772096168_G10	MOL1	C57BL6	0	hypothalamus	-1	28	10.0096
1772117031_G02	MOL1	PDGFRA-CRE	1	corpus callosum	-1	61	6.570387
1772089202_E12	MOL1	CD-1	0	SN-VTA	1	22	12.72482
1772117014_B11	MOL1	PDGFRA-CRE	1	corpus callosum	1	60	9.860696
1772099011_C02	MOL1	CD-1	0	SN-VTA	-1	24	10.42423
1772099304_A08	MOL1	C57BL6	0	dorsal horn	0	NaN	9.778522
1772099313_E10	MOL1	C57BL6	0	dorsal horn	1	22	10.30094
1772099303_E07	MOL1	C57BL6	0	dorsal horn	0	NaN	9.45691
1772099001_H10	MOL1	CD-1	0	SN-VTA	-1	21	11.48025
1772117039_D08	MOL1	PDGFRA-CRE	1	corpus callosum	-1	21	10.3725
1772117028_B12	MOL1	PDGFRA-CRE	1	corpus callosum	-1	61	9.499477
1772078031_D07	MOL1	C57BL6	0	hypothalamus	1	22	11.85486
1771051146_D10	MOL1	PDGFRA-CRE	1	corpus callosum	-1	61	7.831065
1772125087_A07	MOL1	PDGFRA-CRE	1	corpus callosum	-1	22	9.778522
1772060224_A07	MOL1	CD-1	0	cortex S1	1	24	8.869852
1772089205_H03	MOL1	CD-1	0	SN-VTA	1	22	10.90963
1772096146_B07	MOL1	CD-1	0	SN-VTA	-1	24	8.967864
1772089202_D11	MOL1	CD-1	0	SN-VTA	-1	22	12.30027
1772078030_E06	MOL1	C57BL6	0	hypothalamus	1	22	11.41564
1771051167_A03	MOL1	PDGFRA-CRE	1	corpus callosum	1	60	6.16924
1772096086_C01	MOL1	CD-1	0	SN-VTA	1	20	11.96215
1772099092_E11	MOL1	C57BL6	0	dorsal horn	0	20	10.79189
1772078023_B08	MOL1	C57BL6	0	hypothalamus	-1	27	9.042535
1772096152_F04	MOL1	CD-1	0	SN-VTA	1	26	9.847048
1772078031_D05	MOL1	C57BL6	0	hypothalamus	1	22	11.67194
1772078030_F11	MOL1	C57BL6	0	hypothalamus	1	22	9.928655
1772071035_A02	MOL1	CD-1	0	hippo CA1	1	28	12.92927
1772062116_E08	MOL1	CD-1	0	cortex S1	1	22	10.15631
1772096156_B07	MOL1	CD-1	0	SN-VTA	1	26	9.674823
1772096148_A03	MOL1	CD-1	0	SN-VTA	-1	24	11.27338
1772096151_F04	MOL1	CD-1	0	SN-VTA	-1	25	7.111027
1772096106_E06	MOL1	CD-1	0	SN-VTA	-1	24	9.407005
1772096152_F02	MOL1	CD-1	0	SN-VTA	-1	26	11.73514
1772089194_F11	MOL1	C57BL6	0	hypothalamus	-1	25	7.770726
1772117137_H01	MOL1	C57BL6	0	dorsal horn	0	20	10.04313
1772062118_G11	MOL1	CD-1	0	cortex S1	-1	24	9.255676
1772096088_A02	MOL1	CD-1	0	SN-VTA	1	20	9.005277
1772066108_E05	MOL1	CD-1	0	hippo CA1	1	23	12.57599
1772078017_E06	MOL1	C57BL6	0	hypothalamus	-1	25	12.56529
1772092008_E04	MOL1	C57BL6	0	hypothalamus	1	29	9.02765
1772117029_C04	MOL1	PDGFRA-CRE	1	corpus callosum	-1	61	7.95037
1772075305_F03	MOL1	C57BL6	0	hypothalamus	-1	21	6.42551
1772099046_C09	MOL1	CD-1	0	SN-VTA	-1	21	10.3984
1772117028_B07	MOL1	PDGFRA-CRE	1	corpus callosum	-1	61	8.63164
1771051146_B05	MOL1	PDGFRA-CRE	1	corpus callosum	-1	61	7.796643
1772117028_A05	MOL1	PDGFRA-CRE	1	corpus callosum	-1	61	8.960363
1772117031_F10	MOL1	PDGFRA-CRE	1	corpus callosum	-1	61	9.562972
1772117029_B12	MOL1	PDGFRA-CRE	1	corpus callosum	-1	61	6.831297
1772058148_A09	MOL1	?	0	cortex S1	1	NaN	9.887936
1772067064_A09	MOL1	5HT3A-EGFP	0	cortex S1	1	24	12.83007
1772125090_F11	MOL1	PDGFRA-CRE	1	corpus callosum	-1	22	11.38615
1772125080_G11	MOL1	PDGFRA-CRE	1	corpus callosum	-1	22	11.12931
1772125090_E06	MOL1	PDGFRA-CRE	1	corpus callosum	-1	22	12.04618
1772125090_B06	MOL1	PDGFRA-CRE	1	corpus callosum	-1	22	14.1984
1771051146_G11	MOL1	PDGFRA-CRE	1	corpus callosum	-1	61	10.58427
1772117029_C02	MOL1	PDGFRA-CRE	1	corpus callosum	-1	61	4.536117
1772099003_D09	MOL1	CD-1	0	SN-VTA	1	23	11.17152
1772117028_G07	MOL1	PDGFRA-CRE	1	corpus callosum	-1	61	8.418675
1772117031_F02	MOL1	PDGFRA-CRE	1	corpus callosum	-1	61	8.506082
1772099009_D01	MOL1	CD-1	0	SN-VTA	-1	24	11.32694
1772099011_D02	MOL1	CD-1	0	SN-VTA	1	24	9.211982
1771051146_F09	MOL1	PDGFRA-CRE	1	corpus callosum	-1	61	8.306099
1772099046_G02	MOL1	CD-1	0	SN-VTA	-1	21	11.23155
1771051147_E05	MOL1	PDGFRA-CRE	1	corpus callosum	-1	21	7.89946
1772125090_H07	MOL1	PDGFRA-CRE	1	corpus callosum	-1	22	12.20698
1772125090_H09	MOL1	PDGFRA-CRE	1	corpus callosum	-1	22	11.77519
1772117038_A08	MOL1	PDGFRA-CRE	1	corpus callosum	-1	21	11.38615
1772099002_A04	MOL1	CD-1	0	SN-VTA	1	23	9.555938
1772117029_D11	MOL1	PDGFRA-CRE	1	corpus callosum	-1	61	7.343627
1772099047_A09	MOL1	CD-1	0	SN-VTA	-1	21	10.91579
1772117108_H03	MOL1	C57BL6	0	dorsal horn	0	NaN	12.16283
1772117031_F04	MOL1	PDGFRA-CRE	1	corpus callosum	-1	61	8.000956
1772125090_F08	MOL1	PDGFRA-CRE	1	corpus callosum	-1	22	12.66125
1772099154_B03	MOL1	C57BL6	0	dorsal horn	1	18	12.16836
1772060224_C04	MOL1	CD-1	0	cortex S1	1	24	10.20914
1772099010_E04	MOL1	CD-1	0	SN-VTA	-1	24	10.51415
1772078017_E11	MOL1	C57BL6	0	hypothalamus	-1	25	9.660913
1772096106_F09	MOL1	CD-1	0	SN-VTA	-1	24	10.34654
1772089199_G11	MOL1	CD-1	0	SN-VTA	-1	23	12.82483
1772125080_E12	MOL1	PDGFRA-CRE	1	corpus callosum	-1	22	10.55246
1772125090_G01	MOL1	PDGFRA-CRE	1	corpus callosum	-1	22	8.289892
1772117039_B11	MOL1	PDGFRA-CRE	1	corpus callosum	-1	21	11.66042
1772117028_G08	MOL1	PDGFRA-CRE	1	corpus callosum	-1	61	7.967268
1772125080_E11	MOL1	PDGFRA-CRE	1	corpus callosum	-1	22	11.321
1772099045_A07	MOL1	CD-1	0	SN-VTA	-1	21	12.97599
1772099315_D10	MOL1	C57BL6	0	dorsal horn	1	22	9.874325
1772125090_F09	MOL1	PDGFRA-CRE	1	corpus callosum	-1	22	10.87259
1772099091_A10	MOL1	C57BL6	0	dorsal horn	0	20	10.97722
1772117158_H07	MOL1	C57BL6	0	dorsal horn	0	19	9.915101
1772099090_E06	MOL1	C57BL6	0	dorsal horn	0	20	11.71794
1772099090_H12	MOL1	C57BL6	0	dorsal horn	0	20	11.68921
1772099012_B09	MOL1	CD-1	0	SN-VTA	1	24	12.57064
1772117039_B04	MOL1	PDGFRA-CRE	1	corpus callosum	-1	21	9.414151
1772099001_B02	MOL1	CD-1	0	SN-VTA	-1	21	10.08989
1772099093_G05	MOL1	C57BL6	0	dorsal horn	0	20	11.03222
1772125090_G11	MOL1	PDGFRA-CRE	1	corpus callosum	-1	22	14.54463
1771051147_D03	MOL1	PDGFRA-CRE	1	corpus callosum	-1	21	10.67914
1772117039_B02	MOL1	PDGFRA-CRE	1	corpus callosum	-1	21	12.76703
1772125087_H03	MOL1	PDGFRA-CRE	1	corpus callosum	-1	22	10.5397
1772117039_A06	MOL1	PDGFRA-CRE	1	corpus callosum	-1	21	12.43619
1772099303_A11	MOL1	C57BL6	0	dorsal horn	0	NaN	10.87877
1772125080_F07	MOL1	PDGFRA-CRE	1	corpus callosum	-1	22	12.16836
1772117014_H12	MOL1	PDGFRA-CRE	1	corpus callosum	1	60	12.04618
1772125080_F05	MOL1	PDGFRA-CRE	1	corpus callosum	-1	22	10.32702
1772125080_B04	MOL1	PDGFRA-CRE	1	corpus callosum	-1	22	10.76069
1772117101_C02	MOL1	C57BL6	0	dorsal horn	0	NaN	14.37723
1772125080_G02	MOL1	PDGFRA-CRE	1	corpus callosum	-1	22	8.808995
1772125080_H04	MOL1	PDGFRA-CRE	1	corpus callosum	-1	22	10.04982
1772125080_C11	MOL1	PDGFRA-CRE	1	corpus callosum	-1	22	11.88319
1772125090_G06	MOL1	PDGFRA-CRE	1	corpus callosum	-1	22	14.2126
1772125080_A11	MOL1	PDGFRA-CRE	1	corpus callosum	-1	22	14.2126
1772125080_G10	MOL1	PDGFRA-CRE	1	corpus callosum	-1	22	10.84162
1772125087_A03	MOL1	PDGFRA-CRE	1	corpus callosum	-1	22	10.15631
1772125080_F11	MOL1	PDGFRA-CRE	1	corpus callosum	-1	22	12.36026
1772117039_A05	MOL1	PDGFRA-CRE	1	corpus callosum	-1	21	10.90963
1772096146_D06	MOL1	CD-1	0	SN-VTA	-1	24	9.935425
1772089205_C06	MOL1	CD-1	0	SN-VTA	1	22	11.03221
1772125090_G05	MOL1	PDGFRA-CRE	1	corpus callosum	-1	22	11.35659
1772099301_F11	MOL1	C57BL6	0	dorsal horn	0	NaN	10.54608
1772125090_D01	MOL1	PDGFRA-CRE	1	corpus callosum	-1	22	11.53285
1772125080_B12	MOL1	PDGFRA-CRE	1	corpus callosum	-1	22	9.969208
1772089205_C11	MOL1	CD-1	0	SN-VTA	1	22	10.01631
1772125090_C10	MOL1	PDGFRA-CRE	1	corpus callosum	-1	22	11.6026
1772078031_G07	MOL1	C57BL6	0	hypothalamus	1	22	9.064817
1772099153_G02	MOL1	C57BL6	0	dorsal horn	1	18	14.16046
1772099011_C10	MOL1	CD-1	0	SN-VTA	-1	24	9.681771
1772071055_D11	MOL1	5HT3A-EGFP	0	cortex S1	1	21	11.7466
1772125087_H07	MOL1	PDGFRA-CRE	1	corpus callosum	-1	22	10.93426
1772099093_C01	MOL1	C57BL6	0	dorsal horn	0	20	13.11004
1772062111_H02	MOL1	CD-1	0	cortex S1	1	24	11.84351
1772125090_E03	MOL1	PDGFRA-CRE	1	corpus callosum	-1	22	11.32694
1772117123_D07	MOL1	C57BL6	0	dorsal horn	0	26	12.77756
1772125080_B05	MOL1	PDGFRA-CRE	1	corpus callosum	-1	22	12.33848
1772096150_C10	MOL1	CD-1	0	SN-VTA	0	25	10.89112
1772089190_A04	MOL1	C57BL6	0	hypothalamus	-1	27	10.08322
1772096083_A10	MOL1	CD-1	0	SN-VTA	1	19	11.01391
1772117039_A10	MOL1	PDGFRA-CRE	1	corpus callosum	-1	21	12.74067
1772092277_B12	MOL1	CD-1	0	SN-VTA	-1	27	11.57359
1772125087_D09	MOL1	PDGFRA-CRE	1	corpus callosum	-1	22	11.63155
1772125090_F10	MOL1	PDGFRA-CRE	1	corpus callosum	-1	22	10.54608
1772089200_D12	MOL1	CD-1	0	SN-VTA	1	21	10.77942
1771051165_B09	MOL1	PDGFRA-CRE	1	corpus callosum	1	60	6.404546
1772099045_H07	MOL1	CD-1	0	SN-VTA	-1	21	10.32051
1772125090_C06	MOL1	PDGFRA-CRE	1	corpus callosum	-1	22	12.93967
1772125090_G04	MOL1	PDGFRA-CRE	1	corpus callosum	-1	22	9.847048
1772062113_G01	MOL1	CD-1	0	cortex S1	-1	26	10.57792
1772125080_B11	MOL1	PDGFRA-CRE	1	corpus callosum	-1	22	10.77318
1772099092_A02	MOL1	C57BL6	0	dorsal horn	0	20	11.48025
1772089196_B01	MOL1	C57BL6	0	hypothalamus	-1	25	12.23449
1772125080_E02	MOL1	PDGFRA-CRE	1	corpus callosum	-1	22	10.82921
1772089205_E04	MOL1	CD-1	0	SN-VTA	1	22	7.865337
1772125080_H11	MOL1	PDGFRA-CRE	1	corpus callosum	-1	22	7.51559
1862091030_A01	MOL1	CD-1	0	Amygdala	-1	26	8.770744
1772089199_H10	MOL1	CD-1	0	SN-VTA	-1	23	11.12931
1772125080_D12	MOL1	PDGFRA-CRE	1	corpus callosum	-1	22	11.62576
1771051147_A08	MOL1	PDGFRA-CRE	1	corpus callosum	-1	21	9.833381
1772125090_E11	MOL1	PDGFRA-CRE	1	corpus callosum	-1	22	10.08989
1772066103_H11	MOL1	5HT3A-EGFPXCHAT-CRE	0	hippo CA1	-1	26	14.22678
1772078029_D03	MOL1	C57BL6	0	hypothalamus	1	22	8.975359
1772099154_F06	MOL1	C57BL6	0	dorsal horn	1	18	9.833381
1772092010_E01	MOL1	C57BL6	0	hypothalamus	-1	29	8.808994
1772099012_D07	MOL1	CD-1	0	SN-VTA	1	24	9.97595
1772078018_A11	MOL1	C57BL6	0	hypothalamus	-1	27	11.321
1772078013_C07	MOL1	C57BL6	0	hypothalamus	-1	25	11.979
1772062128_G02	MOL1	?	1	cortex S1	1	NaN	11.72368
1771017037_C07	MOL1	PDGFRA-GFP	0	corpus callosum	1	90	10.40486
1772096101_A10	MOL1	C57BL6	0	hypothalamus	-1	23	9.42129
1772089186_C06	MOL1	C57BL6	0	hypothalamus	-1	28	10.67284
1772099010_B07	MOL1	CD-1	0	SN-VTA	1	24	11.50366
1772099046_C11	MOL1	CD-1	0	SN-VTA	0	21	10.45644
1772125078_C03	MOL1	PDGFRA-CRE	1	corpus callosum	-1	21	9.16808
1772099047_F11	MOL1	CD-1	0	SN-VTA	-1	21	10.7043
1772125080_D04	MOL1	PDGFRA-CRE	1	corpus callosum	-1	22	8.009357
1772084021_B07	MOL1	C57BL6	0	hypothalamus	1	24	10.62232
1772099001_F05	MOL1	CD-1	0	SN-VTA	-1	21	10.48213
1772099039_F02	MOL1	C57BL6	0	dorsal horn	-1	NaN	9.197372
1772067091_A05	MOL1	CD-1	0	hippo CA1	1	22	10.60331
1772089200_C07	MOL1	CD-1	0	SN-VTA	-1	21	11.5852
1772099315_E03	MOL1	C57BL6	0	dorsal horn	1	22	14.1984
1772099046_G07	MOL1	CD-1	0	SN-VTA	-1	21	10.49495
1772117015_H03	MOL1	PDGFRA-CRE	1	corpus callosum	1	60	7.666183
1772099001_F04	MOL1	CD-1	0	SN-VTA	-1	21	11.90015
1772099001_C12	MOL1	CD-1	0	SN-VTA	-1	21	10.77318
1772117039_H07	MOL1	PDGFRA-CRE	1	corpus callosum	-1	21	7.398363
1772063061_F04	MOL1	CD-1	0	cortex S1	-1	31	9.548898
1772099003_G07	MOL1	CD-1	0	SN-VTA	0	23	12.32212
1772099001_G09	MOL1	CD-1	0	SN-VTA	-1	21	9.9151
1772125078_G07	MOL1	PDGFRA-CRE	1	corpus callosum	-1	21	10.46929
1772089200_B04	MOL1	CD-1	0	SN-VTA	1	21	11.28531
1772063063_D06	MOL1	5HT3A-EGFP	0	cortex S1	-1	21	11.321
1772089200_F06	MOL1	CD-1	0	SN-VTA	1	21	10.69173
1772089201_C05	MOL1	CD-1	0	SN-VTA	-1	21	10.64129
1772099009_B05	MOL1	CD-1	0	SN-VTA	-1	24	10.66654
1772099047_F07	MOL1	CD-1	0	SN-VTA	-1	21	11.51534
1772099046_A07	MOL1	CD-1	0	SN-VTA	-1	21	11.44506
1772117039_D09	MOL1	PDGFRA-CRE	1	corpus callosum	-1	21	11.37434
1772089200_D11	MOL1	CD-1	0	SN-VTA	1	21	11.01391
1772099315_B12	MOL1	C57BL6	0	dorsal horn	1	22	8.159077
1771051146_E02	MOL1	PDGFRA-CRE	1	corpus callosum	-1	61	5.160253
1772099043_E08	MOL1	C57BL6	0	dorsal horn	-1	NaN	8.639426
1772099039_D01	MOL1	C57BL6	0	dorsal horn	0	NaN	7.933436
1772099008_A10	MOL1	CD-1	0	SN-VTA	-1	23	12.20147
1772058148_G07	MOL1	?	0	cortex S1	1	NaN	13.03803
1772089205_A09	MOL1	CD-1	0	SN-VTA	1	22	12.93967
1772062128_F08	MOL1	?	1	cortex S1	1	NaN	11.17754
1772063065_D03	MOL1	CD-1	0	cortex S1	-1	23	9.182738
1772089186_F03	MOL1	C57BL6	0	hypothalamus	-1	28	7.796643
1772117097_F07	MOL1	C57BL6	0	dorsal horn	0	26	11.35659
1772099039_H07	MOL1	C57BL6	0	dorsal horn	0	NaN	9.371196
1772099010_C08	MOL1	CD-1	0	SN-VTA	-1	24	10.71686
1772078017_F10	MOL1	C57BL6	0	hypothalamus	-1	25	7.779374
1772117014_F09	MOL1	PDGFRA-CRE	1	corpus callosum	1	60	8.450564
1772089190_B07	MOL1	C57BL6	0	hypothalamus	-1	27	9.378369
1772099047_D02	MOL1	CD-1	0	SN-VTA	-1	21	10.81056
1772099012_A03	MOL1	CD-1	0	SN-VTA	1	24	9.29193
1772067091_F02	MOL1	CD-1	0	hippo CA1	1	22	10.46287
1772117101_E12	MOL1	C57BL6	0	dorsal horn	0	NaN	8.709194
1772099154_E07	MOL1	C57BL6	0	dorsal horn	1	18	10.62865
1772099039_B03	MOL1	C57BL6	0	dorsal horn	-1	NaN	9.901527
1772096100_D03	MOL1	C57BL6	0	hypothalamus	-1	23	10.74192
1772092013_C05	MOL1	C57BL6	0	hypothalamus	1	28	11.00781
1772117028_E07	MOL1	PDGFRA-CRE	0	corpus callosum	-1	61	6.651757
1772117028_F01	MOL1	PDGFRA-CRE	1	corpus callosum	-1	61	9.570001
1772078028_H10	MOL1	C57BL6	0	hypothalamus	1	22	10.75444
1772099039_C07	MOL1	C57BL6	0	dorsal horn	-1	NaN	7.865337
1772092265_E02	MOL1	LHX6ICRERFP	0	striatum	1	28	9.428425
1772067092_D04	MOL1	CD-1	0	hippo CA1	1	22	13.13054
1772078030_A04	MOL1	C57BL6	0	hypothalamus	1	22	10.96496
1772099154_H02	MOL1	C57BL6	0	dorsal horn	1	18	8.017747
1772099154_A07	MOL1	C57BL6	0	dorsal horn	1	18	11.03831
1772125090_E05	MOL1	PDGFRA-CRE	1	corpus callosum	-1	22	11.06265
1772096148_F08	MOL1	CD-1	0	SN-VTA	1	24	11.66618
1772117096_G03	MOL1	C57BL6	0	dorsal horn	0	26	9.778522
1772067054_F08	MOL1	5HT3A-EGFP	0	hippo CA1	-1	26	12.10742
1772117160_C06	MOL1	C57BL6	0	dorsal horn	0	20	9.435554
1772099304_H06	MOL1	C57BL6	0	dorsal horn	0	NaN	11.31506
1772125078_E01	MOL1	PDGFRA-CRE	1	corpus callosum	-1	21	13.20204
1772089194_H04	MOL1	C57BL6	0	hypothalamus	-1	25	9.681771
1772066076_G06	MOL1	CD-1	0	hippo CA1	-1	28	11.78089
1772117028_G05	MOL1	PDGFRA-CRE	1	corpus callosum	-1	61	8.569091
1772099041_H08	MOL1	C57BL6	0	dorsal horn	-1	NaN	9.101831
1772099091_E06	MOL1	C57BL6	0	dorsal horn	0	20	10.69802
1772117156_C02	MOL1	C57BL6	0	dorsal horn	0	19	15.66213
1772117102_D05	MOL1	C57BL6	0	dorsal horn	0	NaN	11.18957
1772125080_G07	MOL1	PDGFRA-CRE	1	corpus callosum	-1	22	10.64129
1772099002_B11	MOL1	CD-1	0	SN-VTA	1	23	11.02002
1772058148_B01	MOL1	?	0	cortex S1	1	NaN	9.255676
1772099039_G04	MOL1	C57BL6	0	dorsal horn	-1	NaN	10.45
1772099011_D11	MOL1	CD-1	0	SN-VTA	-1	24	11.66618
1772099045_G07	MOL1	CD-1	0	SN-VTA	-1	21	11.0444
1772099302_H06	MOL1	C57BL6	0	dorsal horn	0	NaN	10.79189
1772099011_H12	MOL1	CD-1	0	SN-VTA	-1	24	7.16754
1772099014_G09	MOL1	C57BL6	0	dorsal horn	1	NaN	13.47427
1772099009_A11	MOL1	CD-1	0	SN-VTA	1	24	10.62232
1772089200_F02	MOL1	CD-1	0	SN-VTA	1	21	12.84055
1772063064_F07	MOL1	5HT3A-EGFP	0	cortex S1	1	20	10.17616
1772099003_A03	MOL1	CD-1	0	SN-VTA	1	23	10.18276
1772099012_H05	MOL1	CD-1	0	SN-VTA	-1	24	11.5794
1772066096_G11	MOL1	CD-1	0	hippo CA1	-1	27	10.36601
1772099046_H03	MOL1	CD-1	0	SN-VTA	0	21	11.62576
1772099011_E08	MOL1	CD-1	0	SN-VTA	-1	24	9.299164
1772099002_H10	MOL1	CD-1	0	SN-VTA	1	23	9.1534
1772099012_B04	MOL1	CD-1	0	SN-VTA	1	24	10.67914
1772067060_H04	MOL1	5HT3A-EGFP	0	hippo CA1	-1	23	9.584043
1772062115_E03	MOL1	CD-1	0	cortex S1	-1	28	9.598065
1772063079_D11	MOL1	CD-1	0	cortex S1	1	28	10.55883
1771051146_A08	MOL1	PDGFRA-CRE	1	corpus callosum	-1	61	7.006238
1772066076_G04	MOL1	CD-1	0	hippo CA1	-1	28	11.26742
1772062115_H05	MOL1	CD-1	0	cortex S1	-1	28	10.14969
1772089199_H05	MOL1	CD-1	0	SN-VTA	-1	23	8.608237
1772067057_A12	MOL1	CD-1	0	hippo CA1	-1	27	11.17754
1772078030_E11	MOL1	C57BL6	0	hypothalamus	1	22	9.982689
1772094152_F04	MOL1	LHX6ICRERFP	0	striatum	-1	28	11.96
1772062109_F12	MOL1	CD-1	0	cortex S1	1	22	11.91145
1772099008_H04	MOL1	CD-1	0	SN-VTA	1	23	9.29193
1772066076_F11	MOL1	CD-1	0	hippo CA1	-1	28	11.48025
1772096101_C08	MOL1	C57BL6	0	hypothalamus	-1	23	9.175412
1772089194_E04	MOL1	C57BL6	0	hypothalamus	-1	25	11.78089
1772062116_E01	MOL1	CD-1	0	cortex S1	1	22	9.605069
1772062111_G04	MOL1	CD-1	0	cortex S1	1	24	10.81056
1772089205_G01	MOL1	CD-1	0	SN-VTA	-1	22	11.19557
1772072240_A05	MOL1	C57BL6	0	dorsal horn	-1	NaN	10.94655
1772099003_E09	MOL1	CD-1	0	SN-VTA	1	23	11.23754
1772099039_F08	MOL1	C57BL6	0	dorsal horn	-1	NaN	8.816624
1772066100_G06	MOL1	CD-1	0	hippo CA1	1	24	13.47926
1772062114_E11	MOL1	CD-1	0	cortex S1	1	27	10.94655
1772078016_C04	MOL1	C57BL6	0	hypothalamus	-1	25	10.80434
1772078017_G12	MOL1	C57BL6	0	hypothalamus	-1	25	10.89112
1772092010_E03	MOL1	C57BL6	0	hypothalamus	-1	29	9.138696
1772096101_B10	MOL1	C57BL6	0	hypothalamus	-1	23	9.335249
1772096118_C06	MOL1	CD-1	0	SN-VTA	-1	26	7.416518
1772062128_H02	MOL1	?	1	cortex S1	1	NaN	7.941908
1772078013_E09	MOL1	C57BL6	0	hypothalamus	-1	25	9.750977
1772066110_A04	MOL1	CD-1	0	hippo CA1	1	23	8.191976
1772071053_B05	MOL1	5HT3A-EGFP	0	cortex S1	1	21	0
1772089195_C09	MOL1	C57BL6	0	hypothalamus	-1	25	10.35303
1772067058_B10	MOL1	CD-1	0	hippo CA1	-1	27	11.38615
1772078030_C04	MOL1	C57BL6	0	hypothalamus	1	22	9.695652
1772063078_E11	MOL1	CD-1	0	cortex S1	-1	27	8.982848
1772067092_C06	MOL1	CD-1	0	hippo CA1	1	22	10.08322
1772099010_F05	MOL1	CD-1	0	SN-VTA	-1	24	10.05651
1772071055_B05	MOL1	5HT3A-EGFP	0	cortex S1	1	21	17.38748
1772062109_B05	MOL1	CD-1	0	cortex S1	1	22	11.46267
1772096128_C11	MOL1	C57BL6	0	hypothalamus	-1	29	12.3112
1772071045_F05	MOL1	CD-1	0	hippo CA1	-1	24	10.22231
1772078029_B07	MOL1	C57BL6	0	hypothalamus	1	22	7.595687
1772078018_B07	MOL1	C57BL6	0	hypothalamus	-1	27	9.306392
1772096101_A04	MOL1	C57BL6	0	hypothalamus	-1	23	9.116595
1772092012_C09	MOL1	C57BL6	0	hypothalamus	1	28	9.131335
1772096145_D01	MOL1	C57BL6	0	hypothalamus	-1	29	13.53899
1772089205_G02	MOL1	CD-1	0	SN-VTA	1	22	10.07655
1772099033_C12	MOL1	CD-1	0	ZonaIncerta	-1	20	10.67284
1772096150_H12	MOL1	CD-1	0	SN-VTA	-1	25	11.41564
1772072243_A09	MOL1	C57BL6	0	dorsal horn	1	NaN	10.0632
1772096158_A07	MOL1	C57BL6	0	hypothalamus	-1	21	10.0096
1772078018_D03	MOL1	C57BL6	0	hypothalamus	-1	27	11.48611
1772075310_D10	MOL1	C57BL6	0	hypothalamus	-1	21	11.39206
1772096171_H11	MOL1	C57BL6	0	hypothalamus	-1	28	11.57359
1772096149_D04	MOL1	CD-1	0	SN-VTA	-1	25	9.771643
1772078018_C05	MOL1	C57BL6	0	hypothalamus	-1	27	8.051225
1772096132_G01	MOL1	C57BL6	0	hypothalamus	-1	24	8.159077
1772067076_G12	MOL1	5HT3A-EGFP	0	hippo CA1	1	26	10.17616
1772089202_H10	MOL1	CD-1	0	SN-VTA	1	22	10.82921
1772078028_F05	MOL1	C57BL6	0	hypothalamus	1	22	11.50366
1772066076_F05	MOL1	CD-1	0	hippo CA1	-1	28	11.86053
1772062115_A10	MOL1	CD-1	0	cortex S1	-1	28	9.819695
1772096100_C10	MOL1	C57BL6	0	hypothalamus	-1	23	6.742125
1772092003_F02	MOL1	CD-1	0	SN-VTA	-1	20	11.94527
1772096158_G07	MOL1	C57BL6	0	hypothalamus	-1	21	10.7294
1772078016_F01	MOL1	C57BL6	0	hypothalamus	-1	25	10.66654
1772078013_C08	MOL1	C57BL6	0	hypothalamus	-1	25	10.32702
1772092003_E10	MOL1	CD-1	0	SN-VTA	-1	20	12.48476
1772089199_G06	MOL1	CD-1	0	SN-VTA	-1	23	8.56124
1772092002_B04	MOL1	CD-1	0	SN-VTA	1	20	11.33288
1772075310_C09	MOL1	C57BL6	0	hypothalamus	-1	21	10.57156
1772078016_D12	MOL1	C57BL6	0	hypothalamus	-1	25	10.87877
1772089202_D01	MOL1	CD-1	0	SN-VTA	-1	22	12.98117
1772078018_G02	MOL1	C57BL6	0	hypothalamus	-1	27	10.97722
1772078017_F12	MOL1	C57BL6	0	hypothalamus	-1	25	8.732326
1772078016_H10	MOL1	C57BL6	0	hypothalamus	-1	25	10.85402
1772089200_B10	MOL1	CD-1	0	SN-VTA	-1	21	9.626048
1772078022_F11	MOL1	C57BL6	0	hypothalamus	-1	27	9.428425
1772063062_C10	MOL1	5HT3A-EGFP	0	cortex S1	1	20	10.79812
1772092009_F07	MOL1	C57BL6	0	hypothalamus	1	29	8.793714
1772067076_G01	MOL1	5HT3A-EGFP	0	hippo CA1	1	26	8.724622
1772089205_E12	MOL1	CD-1	0	SN-VTA	1	22	9.709513
1772089205_G09	MOL1	CD-1	0	SN-VTA	-1	22	14.57235
1772089199_E10	MOL1	CD-1	0	SN-VTA	-1	23	11.66041
1772089202_D06	MOL1	CD-1	0	SN-VTA	1	22	11.71794
1772092011_E12	MOL1	C57BL6	0	hypothalamus	-1	29	9.306392
1772089205_H05	MOL1	CD-1	0	SN-VTA	-1	22	12.4416
1772092005_E04	MOL1	C57BL6	0	hypothalamus	-1	29	10.2748
1772089202_H08	MOL1	CD-1	0	SN-VTA	1	22	11.84351
1772089202_F11	MOL1	CD-1	0	SN-VTA	-1	22	9.527749
1772092008_C02	MOL1	C57BL6	0	hypothalamus	1	29	7.709914
1772089202_F05	MOL1	CD-1	0	SN-VTA	-1	22	9.012741
1772125090_B04	MOL1	PDGFRA-CRE	1	corpus callosum	-1	22	11.44506
1772092002_F01	MOL1	CD-1	0	SN-VTA	-1	20	12.00704
1772099046_A05	MOL1	CD-1	0	SN-VTA	-1	21	11.09906
1772089202_G01	MOL1	CD-1	0	SN-VTA	1	22	10.07655
1772078018_B09	MOL1	C57BL6	0	hypothalamus	-1	27	10.12316
1772089205_F03	MOL1	CD-1	0	SN-VTA	-1	22	10.35953
1772099009_C10	MOL1	CD-1	0	SN-VTA	1	24	10.86021
1772089205_F06	MOL1	CD-1	0	SN-VTA	-1	22	12.55458
1772089205_C08	MOL1	CD-1	0	SN-VTA	-1	22	11.55615
1772078014_H03	MOL1	C57BL6	0	hypothalamus	-1	25	9.057396
1772089196_G03	MOL1	C57BL6	0	hypothalamus	-1	25	8.474402
1772066095_F11	MOL1	CD-1	0	hippo CA1	-1	27	8.885001
1772099045_B11	MOL1	CD-1	0	SN-VTA	0	21	11.5794
1772089190_F11	MOL1	C57BL6	0	hypothalamus	-1	27	9.65395
1772078013_E04	MOL1	C57BL6	0	hypothalamus	-1	25	9.042535
1772078022_H03	MOL1	C57BL6	0	hypothalamus	-1	27	9.901527
1772092011_D06	MOL1	C57BL6	0	hypothalamus	-1	29	10.49495
1772089202_D08	MOL1	CD-1	0	SN-VTA	1	22	9.42129
1772078014_A05	MOL1	C57BL6	0	hypothalamus	-1	25	9.989422
1772063078_F04	MOL1	CD-1	0	cortex S1	-1	27	10.8664
1772089205_B04	MOL1	CD-1	0	SN-VTA	1	22	9.92188
1772078018_A06	MOL1	C57BL6	0	hypothalamus	-1	27	10.77318
1772099001_A01	MOL1	CD-1	0	SN-VTA	-1	21	9.109216
1772089205_A10	MOL1	CD-1	0	SN-VTA	-1	22	12.19596
1772089205_F02	MOL1	CD-1	0	SN-VTA	-1	22	9.116595
1772117028_B06	MOL1	PDGFRA-CRE	1	corpus callosum	-1	61	8.839476
1772089205_B09	MOL1	CD-1	0	SN-VTA	1	22	8.975359
1772063074_D10	MOL1	CD-1	0	cortex S1	1	27	9.270195
1772089202_G07	MOL1	CD-1	0	SN-VTA	0	22	11.52118
1772089202_B06	MOL1	CD-1	0	SN-VTA	-1	22	10.55883
1772117055_D11	MOL1	C57BL6	0	dorsal horn	0	28	12.02942
