1771017030_C09	28395.000000	59436.000000
1771017028_G05	27907.000000	59379.000000
1771052132_B02	27097.000000	56969.000000
1772099214_D12	28501.000000	59863.000000
1771017029_D09	28938.000000	60576.000000
1772099314_B05	49086.000000	40037.000000
1771048208_C05	26579.000000	57055.000000
1771048207_A11	26088.000000	57208.000000
1772099041_A03	27544.000000	60355.000000
1772117013_A03	49346.000000	39870.000000
1771017033_F01	29079.000000	62723.000000
1772117022_D07	25744.000000	58455.000000
1771017029_E10	29046.000000	61196.000000
1771017029_D05	28509.000000	59646.000000
1771017032_C02	28904.000000	61277.000000
1772099078_G02	29446.000000	61884.000000
1862091045_E11	37517.000000	44990.000000
1772099143_E12	28617.000000	60803.000000
1772099040_A08	27126.000000	59948.000000
1771051158_B09	26970.000000	58345.000000
1772099214_C05	36260.000000	30789.000000
1862091118_E08	38446.000000	42795.000000
1771051168_C08	27541.000000	60572.000000
1772117022_C10	27804.000000	59978.000000
1771017029_H07	27668.000000	59613.000000
1771017032_B02	28994.000000	60756.000000
1771048206_B11	26534.000000	56887.000000
1771051164_F10	27386.000000	56789.000000
1771051163_A06	28603.000000	61702.000000
1771051159_B05	29317.000000	61278.000000
1772099214_E05	28673.000000	60160.000000
1862091105_E04	38112.000000	44751.000000
1771051165_B03	28889.000000	62531.000000
1772117027_G04	26969.000000	60200.000000
1771017032_A09	27754.000000	57505.000000
1771048208_A12	26160.000000	56705.000000
1771051168_F02	26325.000000	56681.000000
1862091041_B10	27752.000000	55275.000000
1771051163_H04	22130.000000	58297.000000
1772117012_D12	28147.000000	58563.000000
1772125087_A04	26559.000000	55903.000000
1772092314_B12	28611.000000	58988.000000
1772089187_E10	27632.000000	57646.000000
1772117026_H09	49216.000000	40067.000000
1771017030_A09	28596.000000	60157.000000
1772063079_G11	29179.000000	61561.000000
1772092314_B05	28565.000000	58373.000000
1772099044_B07	26492.000000	56537.000000
1862091032_C03	37961.000000	44415.000000
1771017031_D10	28732.000000	59896.000000
1772117015_H08	25916.000000	57144.000000
1771051159_A09	26663.000000	58640.000000
1771017034_A08	29472.000000	61104.000000
1772092004_A03	29086.000000	61580.000000
1772094110_A06	28503.000000	58618.000000
1771051167_D01	26152.000000	58172.000000
1771051168_E05	26352.000000	57614.000000
1772078017_B01	27516.000000	57379.000000
1772117021_C02	28448.000000	62503.000000
1772117026_C09	49509.000000	39511.000000
1771017032_C01	28864.000000	61268.000000
1771051168_F07	27276.000000	56785.000000
1771052132_H05	26198.000000	56727.000000
1772117026_H08	48954.000000	40276.000000
1771017030_G04	27307.000000	58964.000000
1771017028_G10	28382.000000	59137.000000
1772125090_D06	29742.000000	52981.000000
1772117099_F06	27916.000000	57388.000000
1772117012_B10	29966.000000	52610.000000
1772117022_G04	28401.000000	62148.000000
1772099215_A08	28636.000000	60162.000000
1772117012_A09	49159.000000	40058.000000
1771048208_B05	27213.000000	58976.000000
1772125088_A01	24896.000000	58572.000000
1772099146_A04	28456.000000	58912.000000
1771051159_H07	25596.000000	58583.000000
1771051163_C11	29062.000000	62325.000000
1771051164_H07	26958.000000	57575.000000
1772099217_E10	27967.000000	59445.000000
1771017032_A07	27499.000000	59791.000000
1772125087_D06	27358.000000	57017.000000
1771052132_F03	27704.000000	59945.000000
1772117158_C05	29133.000000	62087.000000
1772117051_C06	24910.000000	57782.000000
1772117051_F03	26767.000000	58837.000000
1771051158_B01	26692.000000	60035.000000
1772117021_A05	28441.000000	62060.000000
1772075310_B09	36653.000000	40989.000000
1771051159_G03	28276.000000	62094.000000
1772058147_A06	39817.000000	44058.000000
1772117026_E08	166.000000	65336.000000
1771051168_F12	25454.000000	59232.000000
1772117022_G08	46261.000000	32026.000000
1772117027_A08	46445.000000	31610.000000
1772099313_E11	28549.000000	58974.000000
1771051158_H08	23558.000000	58411.000000
1862091035_C04	29176.000000	61683.000000
1771048206_C03	22400.000000	58176.000000
1772117051_H03	24662.000000	57814.000000
1772125088_G05	26931.000000	58435.000000
1772096133_G06	21717.000000	58265.000000
1772125087_A02	26951.000000	56791.000000
1771051159_G12	27571.000000	59778.000000
1771051159_G10	27260.000000	59509.000000
1772099304_C01	27878.000000	60456.000000
1771048208_F03	25220.000000	58207.000000
1772072243_H10	27391.000000	57391.000000
1771017030_B02	28742.000000	61427.000000
1772125090_B11	26255.000000	56063.000000
1771017030_E06	28960.000000	62487.000000
1772117051_A03	24230.000000	58009.000000
1772099055_H06	28340.000000	59039.000000
1772099217_G04	28108.000000	59049.000000
1772099057_H12	28947.000000	59624.000000
1772125090_B08	27041.000000	57811.000000
1771048206_A08	25950.000000	56149.000000
1772125087_A12	25332.000000	56437.000000
1772117027_A06	29682.000000	53136.000000
1771017030_A10	28530.000000	61011.000000
1771017032_F02	28223.000000	60271.000000
1771051158_E04	26867.000000	59453.000000
1771051167_A02	25803.000000	58651.000000
1771017033_H03	28905.000000	61425.000000
1772092284_H10	28680.000000	59098.000000
1862091020_A01	37817.000000	44120.000000
1772117013_C02	49205.000000	39983.000000
1772117013_B07	26350.000000	55710.000000
1771051150_C07	27348.000000	56472.000000
1771017029_A07	27627.000000	58820.000000
1772099044_D10	28841.000000	61663.000000
1772117012_H12	28922.000000	54373.000000
1771051168_A02	25835.000000	57836.000000
1771048207_C02	26877.000000	56542.000000
1772117051_H12	26636.000000	56508.000000
1772117012_E01	49555.000000	39373.000000
1771052132_A10	26825.000000	56636.000000
1771048206_F10	26102.000000	56043.000000
1772117039_G11	25465.000000	57932.000000
1771051168_G03	27296.000000	57496.000000
1771048206_D11	25229.000000	57232.000000
1771051168_G09	26383.000000	57198.000000
1772117050_B10	25010.000000	58286.000000
1771051158_B10	26781.000000	58735.000000
1771048208_E05	26540.000000	58287.000000
1772096168_G06	27504.000000	58057.000000
1771017031_F05	27445.000000	57202.000000
1772072242_D08	39954.000000	15042.000000
1771051159_E05	28252.000000	59714.000000
1771048206_G01	25455.000000	57519.000000
1771017029_G01	28912.000000	62703.000000
1862091110_G04	26893.000000	56111.000000
1771051159_F08	25141.000000	58913.000000
1771051168_E11	24630.000000	58391.000000
1772117012_A06	27810.000000	58345.000000
1771017031_C07	29016.000000	60992.000000
1772096120_E06	25918.000000	47142.000000
1771051168_H05	26082.000000	58416.000000
1772117015_A10	26362.000000	57755.000000
1772125088_C03	25422.000000	57359.000000
1772078014_C08	38253.000000	45295.000000
1771048207_C03	29897.000000	52737.000000
1772099055_F12	22744.000000	58360.000000
1772099217_H08	25515.000000	56892.000000
1772117050_F01	24816.000000	58599.000000
1771017032_G06	22025.000000	58560.000000
1772094118_F04	29444.000000	61883.000000
1771048207_B04	22767.000000	58442.000000
1772125088_H08	24126.000000	55999.000000
1771017151_A06	28917.000000	62100.000000
1771051167_G12	28606.000000	59592.000000
1772099214_G03	27365.000000	58105.000000
1771051168_D04	25960.000000	58017.000000
1772099218_G08	26349.000000	11509.000000
1771017032_E11	25977.000000	59384.000000
1771017037_D11	29081.000000	62136.000000
1771051163_H12	27248.000000	59683.000000
1771048207_H01	25342.000000	58995.000000
1772099315_E04	27570.000000	59056.000000
1771048206_G12	25933.000000	56927.000000
1771051168_F01	25142.000000	58561.000000
1772117051_G05	22096.000000	58146.000000
1772117051_B11	24748.000000	58493.000000
1771052132_F11	26138.000000	59338.000000
1772125088_C01	25384.000000	58221.000000
1771017030_E01	28948.000000	61999.000000
1772099215_F01	37002.000000	15845.000000
1771048207_D05	25793.000000	58343.000000
1772099093_H04	28337.000000	59858.000000
1772092010_G05	27468.000000	59133.000000
1771017030_D11	28823.000000	60835.000000
1771017032_H05	26330.000000	59513.000000
1772125088_E03	26439.000000	55762.000000
1772099043_H11	27674.000000	58206.000000
1771052132_E02	26985.000000	57470.000000
1772125087_B07	21853.000000	58378.000000
1771048207_C09	27810.000000	58884.000000
1772125088_G08	22394.000000	57857.000000
1771051168_A06	26018.000000	58033.000000
1771048205_C09	26848.000000	59018.000000
1772125087_F05	27134.000000	58644.000000
1771017028_F08	28844.000000	62830.000000
1772117059_F04	27318.000000	59564.000000
1771048208_C10	26611.000000	58091.000000
1772089196_A01	29034.000000	60925.000000
1772099214_D09	27899.000000	57008.000000
1772099302_B09	27800.000000	60931.000000
1772099014_F05	27684.000000	45228.000000
1772117051_C10	22421.000000	58301.000000
1772099044_F01	22101.000000	58724.000000
1772099143_H04	22113.000000	58312.000000
1772099143_C09	28709.000000	60130.000000
1862091028_F05	37969.000000	43871.000000
1771017030_D02	27910.000000	59150.000000
1771017030_A03	28644.000000	62524.000000
1772096126_C05	22339.000000	58679.000000
1772072243_D07	22101.000000	58024.000000
1772117038_C02	24234.000000	56833.000000
1772062128_A05	30859.000000	17211.000000
1772117050_E01	25193.000000	59081.000000
1772117039_C04	23847.000000	58220.000000
1772125088_F07	21510.000000	57499.000000
1772117161_B09	21793.000000	58588.000000
1772117051_E05	22034.000000	58308.000000
1772096152_A05	21827.000000	58564.000000
1862091035_F04	21767.000000	58736.000000
1772094122_A03	21727.000000	58513.000000
1772117137_C04	22124.000000	58582.000000
1771017028_E03	28688.000000	62251.000000
1772099085_H05	21886.000000	58806.000000
1771017030_F01	28424.000000	61460.000000
1771048207_A08	22113.000000	58294.000000
1772117099_G07	26044.000000	56398.000000
1772125080_H09	21834.000000	57896.000000
1771048205_C02	26642.000000	57391.000000
1771048205_E03	25916.000000	58675.000000
1772099085_A06	27299.000000	59362.000000
1771017029_E02	28842.000000	62618.000000
1771017029_E07	28671.000000	60541.000000
1772125088_D08	22072.000000	58263.000000
1772099040_H06	28806.000000	60381.000000
1771017029_A09	27642.000000	57990.000000
1772099048_G04	27721.000000	57686.000000
1772099055_E10	27398.000000	57589.000000
1771051159_D10	26324.000000	58418.000000
1771051147_B02	27253.000000	58363.000000
1772094142_B12	29114.000000	60431.000000
1771017034_D02	28567.000000	60413.000000
1771017032_G09	28082.000000	59639.000000
1771017031_C05	27748.000000	57221.000000
1771051163_C07	27749.000000	57650.000000
1772117051_H08	46277.000000	32065.000000
1771051146_E10	26978.000000	56197.000000
1771017030_B04	29112.000000	62441.000000
1771017032_D04	29280.000000	61976.000000
1772117026_H06	30156.000000	52375.000000
1771017030_E08	28715.000000	61708.000000
1771017037_A08	29062.000000	61873.000000
1771017029_F07	28916.000000	62474.000000
1771017151_C07	27284.000000	57873.000000
1772117038_E03	49311.000000	40079.000000
1771051159_C06	28282.000000	62386.000000
1771017030_F09	29084.000000	61654.000000
1771017032_E07	28822.000000	61018.000000
1772125087_F06	26780.000000	58598.000000
1771051163_H08	27960.000000	58857.000000
1771048206_A06	25762.000000	56835.000000
1771017032_E03	28869.000000	62545.000000
1771048207_D01	27299.000000	59448.000000
1771051168_C02	26487.000000	56666.000000
1771017029_F03	29301.000000	62352.000000
1862091053_E12	29103.000000	61575.000000
1771051147_C10	26642.000000	57613.000000
1771017030_F02	27469.000000	56716.000000
1772099304_G04	27067.000000	56373.000000
1771051159_C02	27722.000000	59703.000000
1771051158_A09	26653.000000	58528.000000
1772117051_G02	25844.000000	57480.000000
1772117025_C11	27374.000000	56885.000000
1771051150_E11	28857.000000	62041.000000
1772099027_C12	29117.000000	60601.000000
1771048208_F05	25900.000000	58264.000000
1771017031_F06	28970.000000	60885.000000
1771048207_C06	24758.000000	58576.000000
1771017030_B03	28539.000000	60710.000000
1771017030_A12	28894.000000	60785.000000
1771017029_D10	29166.000000	61439.000000
1771051168_G06	25773.000000	58495.000000
1771017028_D03	28462.000000	62493.000000
1771017151_H06	28918.000000	62711.000000
1771017029_E01	28979.000000	62356.000000
1771017028_G03	28837.000000	62709.000000
1772117013_E03	49275.000000	39880.000000
1771048206_A01	25860.000000	57075.000000
1771017030_F11	29102.000000	61267.000000
1772117027_C10	27275.000000	57775.000000
1772125087_C07	22435.000000	57498.000000
1771017033_F08	29010.000000	61725.000000
1771017030_D06	29170.000000	60078.000000
1771017031_F08	29006.000000	62108.000000
1771051147_D01	23215.000000	58088.000000
1772099057_A04	28783.000000	59908.000000
1771051163_B06	27975.000000	60317.000000
1862091052_E12	28812.000000	60098.000000
1772117012_H04	49199.000000	39959.000000
1862091032_A05	29213.000000	61293.000000
1771017030_E12	28155.000000	58853.000000
1771017031_G02	27520.000000	57856.000000
1772117050_F12	26318.000000	58901.000000
1771017032_D11	27664.000000	59477.000000
1771017032_B08	29191.000000	62127.000000
1772125087_E01	26716.000000	45902.000000
1772078019_E11	26410.000000	47278.000000
1772078019_E10	26705.000000	46366.000000
1772125088_D09	25101.000000	51587.000000
1772117038_H10	24861.000000	47919.000000
1772117014_A03	26721.000000	47963.000000
1772099040_C10	27200.000000	45836.000000
1772099035_E02	36253.000000	43507.000000
1772117015_E09	25498.000000	49706.000000
1772096135_E10	25689.000000	46580.000000
1772078030_C07	25694.000000	47554.000000
1772125088_F01	25119.000000	50641.000000
1772060225_B03	27604.000000	45140.000000
1772092004_A05	26839.000000	46650.000000
1772096138_A09	26568.000000	43289.000000
1772099301_F08	25910.000000	46973.000000
1772099037_B09	25327.000000	46432.000000
1772117151_C10	49471.000000	39497.000000
1772099044_C07	26533.000000	47728.000000
1772099316_E02	35508.000000	43691.000000
1772099313_C05	35993.000000	43388.000000
1772092013_E04	25439.000000	49034.000000
1772099040_A07	25250.000000	47016.000000
1772089188_E01	26970.000000	45479.000000
1772117100_C08	25589.000000	46959.000000
1772125088_G01	24958.000000	48532.000000
1772092004_B11	26683.000000	46182.000000
1771051168_C09	25558.000000	50919.000000
1772078030_D01	26756.000000	46122.000000
1772117057_E07	26550.000000	46879.000000
1772117099_E06	25535.000000	48259.000000
1772099301_E10	35776.000000	43637.000000
1772099305_D05	26198.000000	46092.000000
1772099093_B01	26438.000000	47745.000000
1772099083_H12	26282.000000	44340.000000
1772117107_D06	30124.000000	52348.000000
1771048206_A07	25254.000000	49817.000000
1772099087_A09	25381.000000	46579.000000
1772099143_C06	25582.000000	48538.000000
1772075304_A06	25390.000000	47099.000000
1772078018_B12	26303.000000	47420.000000
1772125087_E02	25330.000000	49643.000000
1772125080_D11	25478.000000	50945.000000
1772099313_E01	27083.000000	52673.000000
1772099305_E06	25316.000000	47320.000000
1772125087_H06	25495.000000	49993.000000
1772099084_E06	26688.000000	47894.000000
1772092304_H05	27279.000000	47764.000000
1772099058_A11	27178.000000	47865.000000
1771051168_G07	25558.000000	50105.000000
1772099072_B09	25794.000000	46281.000000
1772099054_D11	26979.000000	47321.000000
1772099078_A03	26769.000000	46462.000000
1772078018_B03	26381.000000	47535.000000
1862091031_E11	27025.000000	47578.000000
1772072243_H12	26919.000000	46550.000000
1772125087_C03	25216.000000	50730.000000
1772096144_H11	25860.000000	47970.000000
1772099052_E09	36521.000000	44056.000000
1772099056_H12	26476.000000	46793.000000
1772099072_F06	27048.000000	46881.000000
1772099305_D07	25720.000000	48198.000000
1772096085_B10	25454.000000	46665.000000
1772099218_A12	26537.000000	47116.000000
1862091115_H05	27345.000000	47267.000000
1772099036_F11	26525.000000	45472.000000
1772099215_D06	21909.000000	57162.000000
1772096165_E06	26788.000000	47221.000000
1772094121_C05	26204.000000	47140.000000
1862091035_F07	27527.000000	45811.000000
1772099009_E08	27335.000000	45428.000000
1772084021_G10	26830.000000	45125.000000
1772099078_D09	26868.000000	45181.000000
1772096101_G05	27353.000000	46208.000000
1772096110_A11	25260.000000	47062.000000
1772092293_B06	26759.000000	47566.000000
1772099055_G12	37162.000000	41237.000000
1772096083_H05	26194.000000	45407.000000
1772094140_E06	26793.000000	47099.000000
1772099086_C11	25430.000000	46906.000000
1771048207_B11	26438.000000	56613.000000
1772092009_B06	27530.000000	45731.000000
1772125078_A05	25027.000000	48494.000000
1772125087_D02	25529.000000	50639.000000
1772125087_A11	25272.000000	50861.000000
1772125088_H01	23956.000000	55795.000000
1772078030_A08	27234.000000	45398.000000
1772125088_G02	25175.000000	50867.000000
1772125087_G01	49404.000000	39706.000000
1771048207_E05	26634.000000	57121.000000
1772117123_C09	26905.000000	45777.000000
1862091053_D04	27188.000000	49343.000000
1772117051_F11	26306.000000	56048.000000
1772096172_F05	27115.000000	44785.000000
1772089205_D07	26096.000000	48258.000000
1862091031_F11	25980.000000	47603.000000
1772092282_A01	26507.000000	47549.000000
1772096150_F04	27187.000000	45857.000000
1772089187_B10	26870.000000	46962.000000
1772099143_F12	27068.000000	45884.000000
1772125087_A10	25688.000000	50554.000000
1862091028_D11	36316.000000	43447.000000
1772060224_G05	27170.000000	47024.000000
1771048207_B02	26604.000000	57449.000000
1772099085_G06	26544.000000	46573.000000
1772094124_G11	26331.000000	48200.000000
1772096099_H04	26807.000000	46936.000000
1862091036_D11	27234.000000	46937.000000
1772092004_B06	27545.000000	56183.000000
1771017151_D10	27274.000000	47208.000000
1772099072_G03	27103.000000	47319.000000
1771051158_D10	28161.000000	60371.000000
1772099217_H11	26980.000000	56438.000000
1772125088_F08	49320.000000	39794.000000
1862091021_G04	27268.000000	46678.000000
1772099040_H03	27711.000000	44264.000000
1771051165_D07	27760.000000	59160.000000
1772125090_D11	25317.000000	51280.000000
1772117015_F11	27046.000000	56525.000000
1772117051_H04	26223.000000	56610.000000
1772089190_G11	27986.000000	58288.000000
1862091022_F10	37014.000000	43508.000000
1772099026_E10	37822.000000	44248.000000
1772117013_B11	25586.000000	49611.000000
1772099039_E08	42666.000000	43683.000000
1772125088_D02	25276.000000	50747.000000
1772099044_F12	27036.000000	45250.000000
1772094141_A05	27258.000000	48559.000000
1772125087_C08	25367.000000	49730.000000
1862091020_G05	28603.000000	40949.000000
1772125088_H07	23611.000000	55972.000000
1772117013_B05	27800.000000	57207.000000
1862091105_D05	36396.000000	43067.000000
1772125088_G07	25238.000000	55296.000000
1862091045_B01	27422.000000	45650.000000
1772125088_E01	25622.000000	51461.000000
1772099081_D11	27482.000000	46264.000000
1772072243_C02	28088.000000	56336.000000
1862091118_B07	27056.000000	46836.000000
1862091036_A04	27930.000000	42111.000000
1772094110_E10	28934.000000	40151.000000
1772099033_C11	27323.000000	40322.000000
1772099040_C02	28292.000000	42023.000000
1772099155_A09	27923.000000	37947.000000
1862091035_D06	36604.000000	42268.000000
1772099078_D07	29001.000000	36964.000000
1772099035_H01	28134.000000	42633.000000
1772099010_G01	27899.000000	38183.000000
1772099314_F03	27305.000000	42837.000000
1772096121_A02	28502.000000	37710.000000
1772099026_G04	28062.000000	41006.000000
1772094155_B07	27675.000000	43202.000000
1772089190_A01	28770.000000	37107.000000
1772099033_E10	29330.000000	38804.000000
1772099055_B04	26786.000000	36860.000000
1772099047_B06	26599.000000	36189.000000
1772099036_A01	28776.000000	37946.000000
1772096106_E07	29562.000000	38789.000000
1862091033_D06	27753.000000	43104.000000
1772096141_A01	27976.000000	36767.000000
1772099073_B11	27054.000000	38193.000000
1772078017_H02	26978.000000	35850.000000
1772096139_A07	27626.000000	39815.000000
1772099078_C05	28760.000000	40138.000000
1772099143_A09	99.000000	65419.000000
1862091054_E01	29636.000000	38383.000000
1772099044_E11	26880.000000	40262.000000
1772067070_A05	30222.000000	37901.000000
1772066090_G12	36829.000000	38278.000000
1772089186_E10	28025.000000	37847.000000
1772094108_A02	29987.000000	37410.000000
1772099146_E06	27330.000000	38169.000000
1772096100_H10	30100.000000	52120.000000
1772063063_F08	27036.000000	40303.000000
1772094139_F09	29318.000000	36222.000000
1772096122_G07	37641.000000	40500.000000
1772099091_E05	29598.000000	18932.000000
1772096172_G11	29135.000000	36930.000000
1772096165_C04	29984.000000	36200.000000
1772096100_E03	36966.000000	40842.000000
1772066095_B05	29170.000000	38191.000000
1772096106_C03	27593.000000	43426.000000
1772096110_H06	29432.000000	37480.000000
1772096140_G04	29291.000000	37382.000000
1772096133_A03	29108.000000	36471.000000
1772099313_H06	29684.000000	36760.000000
1862091031_G10	27963.000000	42879.000000
1772096096_F04	29164.000000	39369.000000
1772096084_A05	29338.000000	38669.000000
1772072243_A03	29410.000000	37576.000000
1772096132_B09	28023.000000	35998.000000
1772078029_B11	37786.000000	41030.000000
1772058147_F02	27791.000000	43982.000000
1772099080_E06	36916.000000	42728.000000
1772096141_B10	28570.000000	36364.000000
1772096175_B11	35395.000000	39937.000000
1772099041_A12	49618.000000	39493.000000
1772096132_H03	36207.000000	41479.000000
1772099070_F08	36492.000000	42870.000000
1772094143_B12	30287.000000	36691.000000
1772096135_G12	29578.000000	36878.000000
1772096122_D08	31607.000000	32469.000000
1772072242_C01	29953.000000	39682.000000
1772089186_A08	30242.000000	36429.000000
1772060224_B04	29714.000000	36770.000000
1772063078_E01	36958.000000	33946.000000
1772078028_H03	34279.000000	39260.000000
1862091037_A03	32735.000000	31112.000000
1862091023_A08	36945.000000	40587.000000
1772096165_A03	29569.000000	39276.000000
1772096103_C12	30527.000000	30057.000000
1772063062_E07	143.000000	65365.000000
1772096134_G05	37280.000000	43945.000000
1772099080_E04	31104.000000	34655.000000
1772099143_C01	29246.000000	35741.000000
1772099014_E10	32807.000000	32173.000000
1772092309_H06	33021.000000	31267.000000
1772060225_A11	38422.000000	21154.000000
1772089200_E07	31647.000000	31666.000000
1772096139_E01	32358.000000	35186.000000
1772084014_C11	110.000000	65406.000000
1772099081_G04	37636.000000	42164.000000
1772096138_A06	31509.000000	34206.000000
1772099034_H01	38918.000000	40625.000000
1772096134_A09	38666.000000	46232.000000
1772099046_E09	31434.000000	33928.000000
1772096097_B05	36007.000000	40879.000000
1772096156_G03	30481.000000	30752.000000
1772099036_B01	53.000000	65475.000000
1772099035_A05	30119.000000	37146.000000
1862091112_H01	32395.000000	36369.000000
1771017037_F08	30446.000000	34277.000000
1772099014_F01	30905.000000	33457.000000
1772096162_E02	32029.000000	33245.000000
1772099214_C11	32902.000000	31125.000000
1772096094_E01	29844.000000	37069.000000
1772084018_E10	29035.000000	39275.000000
1772096097_D05	36328.000000	40560.000000
1862091045_F04	36530.000000	42287.000000
1772099039_F03	46266.000000	23827.000000
1772096093_B01	36689.000000	42960.000000
1772096087_C12	28945.000000	39580.000000
1772089200_E10	28420.000000	39495.000000
1772084014_C09	27665.000000	39036.000000
1772096100_A09	36535.000000	41174.000000
1772092315_E02	36118.000000	37657.000000
1772062115_A09	26944.000000	39585.000000
1772092309_B10	28917.000000	39933.000000
1772099040_F06	29176.000000	37753.000000
1772096099_B10	27627.000000	40609.000000
1772099073_A05	28848.000000	36847.000000
1772096173_E08	29331.000000	38671.000000
1772099033_A06	36545.000000	43009.000000
1772096086_E12	29088.000000	39495.000000
1772096122_B11	37109.000000	38930.000000
1772099078_A07	27637.000000	38879.000000
1772084018_G10	29277.000000	39149.000000
1772067092_F12	29500.000000	38273.000000
1772099070_B11	36261.000000	42976.000000
1772094132_F03	27600.000000	39228.000000
1862091032_B03	27070.000000	46233.000000
1772099035_H10	36308.000000	42980.000000
1772099045_C09	27573.000000	42123.000000
1772066098_C04	27436.000000	39083.000000
1772099080_E02	27094.000000	43933.000000
1772099031_C12	27842.000000	39815.000000
1772099045_B05	27390.000000	38925.000000
1772099031_G10	26347.000000	43465.000000
1862091031_A06	27352.000000	42673.000000
1772099033_B11	27755.000000	42149.000000
1772099045_G01	27489.000000	43237.000000
1772099078_A05	27182.000000	43913.000000
1772099033_E04	26507.000000	43001.000000
1772099075_C05	27349.000000	56488.000000
1772092289_A06	25909.000000	47378.000000
1772099075_F06	26799.000000	43665.000000
1772099087_D07	26740.000000	39013.000000
1772092003_E09	27728.000000	38973.000000
1772099081_B04	35236.000000	42325.000000
1772099084_C06	25015.000000	45706.000000
1772099085_B04	26931.000000	43829.000000
1862091115_D06	29188.000000	37936.000000
1772099086_D09	26494.000000	43519.000000
1772099037_E02	28249.000000	37636.000000
1772117124_A05	36029.000000	43024.000000
1772099086_H07	27180.000000	38615.000000
1772092003_D09	26638.000000	43278.000000
1772096126_E02	27853.000000	40213.000000
1772099037_G04	27334.000000	43344.000000
1772099075_F11	36438.000000	42643.000000
1772099031_F04	27024.000000	43034.000000
1772099091_F01	36500.000000	41601.000000
1772084017_A05	36504.000000	41122.000000
1772099083_A06	35937.000000	43443.000000
1772094153_B09	35517.000000	37990.000000
1772099043_C04	26784.000000	43078.000000
1771051147_D10	27199.000000	43800.000000
1772072243_B12	25485.000000	44326.000000
1772078033_D01	36942.000000	38340.000000
1772096088_A07	25058.000000	46116.000000
1772092313_E09	26852.000000	42451.000000
1772092008_E02	24867.000000	47234.000000
1771051147_D02	25533.000000	44698.000000
1772096139_B01	35747.000000	40413.000000
1772067057_G07	25014.000000	46718.000000
1772125080_F02	24881.000000	46925.000000
1772117099_G02	24978.000000	46921.000000
1772071019_B09	25139.000000	45942.000000
1772099301_H07	36000.000000	43337.000000
1772117039_C11	26804.000000	43626.000000
1772096084_G02	26772.000000	43494.000000
1772096085_C09	27055.000000	41807.000000
1772092003_D06	25501.000000	44892.000000
1772125088_F03	22560.000000	56649.000000
1772075304_D07	26751.000000	38196.000000
1772096158_E08	28538.000000	41138.000000
1772096122_E06	37309.000000	38785.000000
1772099052_H10	36361.000000	43594.000000
1772078018_D10	26709.000000	42346.000000
1772078016_E11	36702.000000	43411.000000
1772099305_H01	27093.000000	42981.000000
1772078017_A06	24825.000000	46746.000000
1772096097_F04	27264.000000	42524.000000
1772092312_A02	38009.000000	33387.000000
1772078013_H07	26301.000000	38984.000000
1772089196_E01	27052.000000	45424.000000
1772089188_E11	27127.000000	45902.000000
1772078013_A08	26533.000000	46209.000000
1772099078_H04	27049.000000	44012.000000
1772067070_D08	28638.000000	40307.000000
1772099031_H06	28007.000000	42294.000000
1772089199_A12	27733.000000	40488.000000
1772096145_C11	26899.000000	45213.000000
1772078029_F11	36921.000000	43913.000000
1772099037_C07	27367.000000	40088.000000
1772071053_F01	26861.000000	42682.000000
1772078022_B11	26879.000000	42119.000000
1772089187_F06	26253.000000	47190.000000
1772099086_G12	27099.000000	45850.000000
1772078018_D07	27357.000000	46028.000000
1772099075_B09	36192.000000	43481.000000
1772096126_B01	27093.000000	44284.000000
1772099040_B03	27530.000000	44250.000000
1772099076_A05	36373.000000	43748.000000
1772066098_D06	26968.000000	44026.000000
1862091041_C01	36255.000000	43248.000000
1772096162_D11	27527.000000	44321.000000
1772099143_A11	26110.000000	46219.000000
1772096120_D04	46450.000000	31650.000000
1772099146_A01	25786.000000	47279.000000
1772099044_C12	27243.000000	45242.000000
1772092004_B08	27073.000000	45861.000000
1772099044_C04	27648.000000	40820.000000
1772084014_B01	27555.000000	43770.000000
1772096126_A09	26483.000000	37157.000000
1772096085_H05	27765.000000	42574.000000
1772099033_D08	28498.000000	40913.000000
1772099035_E11	28709.000000	40357.000000
1862091041_E04	36264.000000	42630.000000
1772096097_H10	29369.000000	37532.000000
1772078030_C01	37118.000000	43235.000000
1772089195_C10	30382.000000	35050.000000
1772096172_C04	29671.000000	36165.000000
1772078030_C02	26535.000000	34467.000000
1772075304_D02	26642.000000	34374.000000
1772096132_G09	29121.000000	34981.000000
1772096102_A01	27202.000000	34577.000000
1771017036_B11	27094.000000	33816.000000
1772096103_C11	31024.000000	33776.000000
1772096100_B05	27491.000000	32935.000000
1772089195_D03	27287.000000	35029.000000
1772084021_B03	37291.000000	43741.000000
1772092012_B07	26451.000000	35990.000000
1772089194_B08	28562.000000	34769.000000
1772089202_A01	27016.000000	36553.000000
1772096100_B08	27334.000000	34195.000000
1772078014_F12	29858.000000	35228.000000
1772075304_C05	28975.000000	36746.000000
1772078031_A12	37884.000000	45003.000000
1772072243_B02	26598.000000	35204.000000
1772096135_H06	30369.000000	33693.000000
1772099305_B02	26616.000000	38509.000000
1772117161_G01	36532.000000	42639.000000
1772099038_F08	28252.000000	37474.000000
1772099031_F03	31311.000000	36236.000000
1772078029_B04	32312.000000	36649.000000
1772089190_F12	29111.000000	37482.000000
1772096173_B06	30419.000000	35419.000000
1772096131_A02	49505.000000	39255.000000
1772078028_E05	28297.000000	37826.000000
1772096138_A08	28098.000000	34409.000000
1772096172_E10	29439.000000	37718.000000
1772099044_A07	28463.000000	37802.000000
1772096132_A07	29630.000000	36803.000000
1772099043_F02	28617.000000	37690.000000
1772099085_D03	28320.000000	35004.000000
1772099303_G01	29225.000000	33942.000000
1772094142_B05	30170.000000	37956.000000
1772096165_A04	37150.000000	44062.000000
1772092296_F10	30291.000000	37051.000000
1772096171_A08	28560.000000	37255.000000
1772099078_C02	27365.000000	35967.000000
1772075317_B12	30041.000000	36212.000000
1772062109_A05	29668.000000	18944.000000
1772099078_C06	27600.000000	34807.000000
1772099143_E04	39.000000	65494.000000
1862091118_F09	31522.000000	36683.000000
1862091113_D09	32937.000000	37484.000000
1772094135_H05	27867.000000	33193.000000
1772084021_G04	36713.000000	43138.000000
1772089202_E04	37172.000000	43745.000000
1772060240_A10	30890.000000	33576.000000
1772096084_B02	28615.000000	35104.000000
1772099047_A07	27330.000000	34264.000000
1772099087_B02	27058.000000	34789.000000
1772099083_D02	29284.000000	34707.000000
1772096116_F09	29861.000000	34093.000000
1772092308_G03	28465.000000	36762.000000
1772099083_C07	27586.000000	37732.000000
1772099091_D10	24978.000000	46653.000000
1772099036_A02	28345.000000	35742.000000
1772096085_D07	27573.000000	33148.000000
1772099076_A12	26986.000000	37535.000000
1772096086_B11	26727.000000	36555.000000
1772099078_A08	27943.000000	36390.000000
1772094135_H11	28453.000000	34167.000000
1772099034_A11	30399.000000	33441.000000
1772096136_C05	27160.000000	32487.000000
1772096117_B07	26761.000000	35320.000000
1772099035_F08	36669.000000	42721.000000
1772096110_E12	29717.000000	34448.000000
1772096106_G06	27745.000000	33459.000000
1772099084_F08	45.000000	65491.000000
1772096154_G03	29659.000000	36953.000000
1772096106_A02	26827.000000	36191.000000
1772096141_B01	29908.000000	36706.000000
1772089205_E10	29719.000000	37185.000000
1772099034_E12	27631.000000	38593.000000
1772099070_C06	27617.000000	37028.000000
1772096099_E04	36741.000000	43154.000000
1772096106_F02	26505.000000	36191.000000
1772092303_D08	36698.000000	38844.000000
1772062128_G07	31695.000000	33861.000000
1772078022_G04	26304.000000	36856.000000
1772099078_G07	46342.000000	31339.000000
1772089186_F02	26508.000000	35411.000000
1771051147_H10	26611.000000	35435.000000
1772078024_G04	36557.000000	38227.000000
1772099033_F11	36719.000000	43195.000000
1772096085_G06	26600.000000	37504.000000
1772099036_F02	27036.000000	37192.000000
1772096136_H06	37025.000000	42944.000000
1772096091_E07	27842.000000	40094.000000
1772099091_F02	27416.000000	35953.000000
1772062111_H05	46394.000000	31369.000000
1772099014_D03	32603.000000	37503.000000
1772078024_G09	31901.000000	31533.000000
1772096094_F10	29557.000000	36441.000000
1772099036_C01	28616.000000	37597.000000
1772099072_F01	29795.000000	37872.000000
1772092308_A11	28629.000000	37147.000000
1772099083_G07	36770.000000	42120.000000
1772096084_A01	28371.000000	36051.000000
1772099083_E05	29027.000000	35775.000000
1772062115_C01	28536.000000	36141.000000
1772094135_F03	30467.000000	36617.000000
1772096084_C12	30613.000000	34573.000000
1772094133_B04	27500.000000	37124.000000
1862091045_A04	36939.000000	41542.000000
1772066070_G12	37487.000000	39349.000000
1862091105_G07	36899.000000	39443.000000
1772099075_A10	27926.000000	35879.000000
1772096101_D01	36913.000000	42398.000000
1772089200_C03	29207.000000	35631.000000
1772089201_H12	27657.000000	37241.000000
1772096084_E08	29119.000000	36914.000000
1772099084_A08	26699.000000	38424.000000
1772096152_B03	30740.000000	34078.000000
1772067063_D03	27431.000000	34234.000000
1772094143_H01	29884.000000	35943.000000
1772092003_G01	27681.000000	36131.000000
1772092318_F06	29787.000000	35263.000000
1772094135_G07	31376.000000	36582.000000
1772071019_A08	26733.000000	35423.000000
1772099008_C12	28097.000000	35085.000000
1772099084_D09	28612.000000	34443.000000
1772099037_D05	29827.000000	37406.000000
1772099048_G03	31050.000000	34611.000000
1772096091_A09	37323.000000	43941.000000
1772096087_G01	28935.000000	34157.000000
1772071055_G12	27487.000000	33202.000000
1772096087_G03	36891.000000	39950.000000
1772071053_G09	26859.000000	35183.000000
1772094135_E02	27293.000000	32659.000000
1772099076_D07	29004.000000	33731.000000
1772099085_G03	29513.000000	33440.000000
1772089200_D08	26744.000000	27911.000000
1772096085_E12	29695.000000	33820.000000
1772094139_H01	37852.000000	37813.000000
1772099028_H03	35982.000000	39764.000000
1772096085_G03	29866.000000	35321.000000
1772099076_F01	28624.000000	35077.000000
1772094147_E02	31377.000000	33854.000000
1772099003_E05	29506.000000	34365.000000
1772099002_E06	27893.000000	31762.000000
1862091022_D01	37122.000000	40092.000000
1772099054_H04	28350.000000	33637.000000
1772096100_C05	37819.000000	42774.000000
1772096084_A12	26692.000000	28604.000000
1772096118_B08	30665.000000	33715.000000
1772096083_E11	26821.000000	28187.000000
1772094124_E11	31615.000000	32172.000000
1772099046_A06	27483.000000	31760.000000
1772062114_G10	26526.000000	29047.000000
1772096116_A03	30851.000000	33406.000000
1772099081_F08	32432.000000	32430.000000
1772096086_A04	27395.000000	31061.000000
1772089205_E06	27614.000000	31629.000000
1862091049_E12	28242.000000	57540.000000
1772096086_H07	26786.000000	28894.000000
1772063061_G05	29381.000000	34292.000000
1772092262_G08	28414.000000	32058.000000
1772096085_F09	28052.000000	33689.000000
1772096087_D07	36670.000000	39262.000000
1772096116_C03	29214.000000	31099.000000
1772096116_G09	29300.000000	30091.000000
1772117038_B12	27587.000000	31836.000000
1772062111_F07	36530.000000	38258.000000
1772096083_E01	28780.000000	35269.000000
1772099078_A02	29218.000000	32039.000000
1772096165_B09	36938.000000	41277.000000
1772094125_F09	37884.000000	37665.000000
1772099084_A01	38615.000000	43868.000000
1772062115_F08	30350.000000	33128.000000
1772094155_C08	37904.000000	37464.000000
1772096154_F01	31638.000000	32174.000000
1772099044_G09	28062.000000	57506.000000
1772063063_C07	35707.000000	37667.000000
1772096087_D08	30934.000000	34873.000000
1772096151_B06	29867.000000	34775.000000
1772066080_D07	34940.000000	36721.000000
1772066108_A08	31225.000000	37187.000000
1862091113_B02	37295.000000	38960.000000
1862091028_H03	37223.000000	42018.000000
1772096171_F09	32781.000000	31525.000000
1772096148_F10	27397.000000	38209.000000
1862091118_D10	31759.000000	35829.000000
1772099071_A10	37137.000000	42285.000000
1772099070_E12	36774.000000	42377.000000
1772096139_E02	31421.000000	34014.000000
1772096138_F12	31896.000000	36006.000000
1772063078_A11	31376.000000	33661.000000
1772099048_H03	37285.000000	39664.000000
1772094110_F09	30494.000000	36677.000000
1772096091_F12	31349.000000	31579.000000
1772089202_E07	28191.000000	35692.000000
1772096144_C08	35895.000000	40174.000000
1772099073_D01	31461.000000	32861.000000
1862091028_E08	30846.000000	34873.000000
1772062115_G09	49301.000000	38771.000000
1772096128_G05	29647.000000	33617.000000
1772089202_C10	32152.000000	32687.000000
1772094142_A09	37755.000000	37816.000000
1772092009_F03	30809.000000	33077.000000
1772096126_B12	38304.000000	45413.000000
1772096117_C04	30441.000000	31688.000000
1772096103_E03	32667.000000	35424.000000
1772096086_B01	31213.000000	31160.000000
1772099073_A11	28675.000000	34549.000000
1772096134_D07	46495.000000	24122.000000
1772084017_F07	35748.000000	39599.000000
1772099015_B05	31546.000000	33357.000000
1772075317_E03	37043.000000	42172.000000
1772096172_B03	31641.000000	33134.000000
1772096141_A03	32672.000000	31104.000000
1772096165_G09	35950.000000	39867.000000
1772096132_D06	36983.000000	42267.000000
1772078029_B08	29479.000000	32748.000000
1772096141_A11	29966.000000	36294.000000
1772096168_B05	27800.000000	33576.000000
1772096141_C03	31128.000000	31842.000000
1772096138_B05	31157.000000	34971.000000
1772089195_B02	27827.000000	31868.000000
1772096103_A07	30496.000000	32482.000000
1772078028_C04	29169.000000	30402.000000
1772099042_E10	30781.000000	34605.000000
1772072242_F09	30768.000000	32108.000000
1772096103_G08	38892.000000	40199.000000
1772099043_G03	30696.000000	33683.000000
1772072243_D01	37919.000000	43557.000000
1772096172_A08	29497.000000	37110.000000
1772096133_A02	28203.000000	33589.000000
1772096141_F09	30281.000000	36490.000000
1772072243_B01	37188.000000	43543.000000
1772096173_H08	45280.000000	31054.000000
1772099303_F01	29519.000000	33515.000000
1772099076_F02	30214.000000	34646.000000
1772096134_E06	46322.000000	24097.000000
1772072240_D04	42315.000000	43908.000000
1772099033_E11	30732.000000	31998.000000
1772072240_E03	30886.000000	32882.000000
1772096136_D11	27274.000000	33711.000000
1772072240_H09	35256.000000	37832.000000
1772099090_H10	28546.000000	32432.000000
1772096135_D07	46273.000000	24224.000000
1772096126_G02	38272.000000	40320.000000
1772096134_E11	30623.000000	34353.000000
1772096141_F07	36453.000000	39692.000000
1772096141_E06	27594.000000	34092.000000
1772096140_C10	31097.000000	35249.000000
1772096141_D07	36875.000000	40116.000000
1772096096_C10	36966.000000	41287.000000
1772096165_E04	27336.000000	36083.000000
1772096102_G01	38040.000000	43550.000000
1772096138_G06	32680.000000	33102.000000
1772084017_A01	30974.000000	34598.000000
1772075317_B02	32510.000000	32235.000000
1772075304_B08	27686.000000	32943.000000
1772096141_B07	30421.000000	34974.000000
1772096140_A01	36776.000000	41953.000000
1772096141_C09	30100.000000	35422.000000
1772096141_F08	31305.000000	35371.000000
1772096141_E01	35996.000000	39985.000000
1772096141_E02	30727.000000	34891.000000
1772096141_G03	29982.000000	34239.000000
1772096138_F05	37719.000000	42750.000000
1772096097_F03	31301.000000	34387.000000
1772075317_A06	37655.000000	44536.000000
1772096100_D08	31743.000000	32729.000000
1772096133_A12	30256.000000	52141.000000
1772096086_C03	30946.000000	33528.000000
1772078030_E01	36878.000000	41229.000000
1772125078_E02	49372.000000	39528.000000
1772096134_H10	29004.000000	35457.000000
1772078019_C12	37652.000000	44716.000000
1772096173_D08	30300.000000	33847.000000
1772096141_E03	29960.000000	36570.000000
1772078014_C09	37779.000000	45049.000000
1772096103_C03	29142.000000	33951.000000
1772096132_C01	46185.000000	23861.000000
1772096103_F12	29242.000000	37862.000000
1772096165_A09	36969.000000	41735.000000
1772096134_D10	36889.000000	41826.000000
1772096100_C09	26826.000000	29445.000000
1772084017_H04	27923.000000	35199.000000
1772096100_C06	36877.000000	40320.000000
1772096100_C12	28529.000000	34021.000000
1772096133_F12	29355.000000	36080.000000
1772096141_C02	30699.000000	35383.000000
1772084017_C10	26410.000000	40650.000000
1772096162_D08	28507.000000	36891.000000
1772099037_C10	30752.000000	33461.000000
1772099084_G01	33199.000000	30357.000000
1772096132_F04	31347.000000	29544.000000
1772096100_B09	29644.000000	28785.000000
1772117038_D01	26019.000000	23970.000000
1772117038_G08	24361.000000	21442.000000
1772089195_C02	31031.000000	25614.000000
1772117038_C07	26575.000000	27163.000000
1772117038_D03	24483.000000	21254.000000
1772117039_H02	23901.000000	20321.000000
1772089190_B04	28438.000000	30773.000000
1772078017_G04	25561.000000	23242.000000
1772096087_H11	26655.000000	28314.000000
1772078022_C06	28141.000000	24211.000000
1772096100_E06	27048.000000	25452.000000
1772099001_H05	27575.000000	24449.000000
1772099046_A02	28110.000000	23309.000000
1772092002_G06	40668.000000	45799.000000
1772096087_C06	25457.000000	24024.000000
1771051147_C01	31561.000000	24902.000000
1772078017_F01	39051.000000	45525.000000
1772075304_G01	28441.000000	27577.000000
1772075304_C09	27459.000000	24711.000000
1771051147_F12	27885.000000	24132.000000
1772099034_G03	32106.000000	29460.000000
1772117031_D09	27397.000000	22609.000000
1772117151_H01	44182.000000	43837.000000
1772099012_D02	25919.000000	23260.000000
1772099047_D08	32944.000000	24125.000000
1772096156_D06	25668.000000	22122.000000
1771051147_B07	25630.000000	22688.000000
1772075305_F07	36014.000000	29819.000000
1772125078_H02	25616.000000	22271.000000
1771051147_A10	28396.000000	22400.000000
1772117038_C11	28179.000000	24559.000000
1771017151_F05	29878.000000	22247.000000
1772125078_F02	24530.000000	22508.000000
1772075305_F11	24652.000000	22420.000000
1771051147_F06	26478.000000	20896.000000
1772117038_B01	26995.000000	21355.000000
1772099036_G05	26384.000000	27975.000000
1772117038_H01	24977.000000	21765.000000
1772125078_H03	25072.000000	21875.000000
1772078017_G06	24303.000000	21034.000000
1772125090_A09	24720.000000	21877.000000
1772096110_G02	27352.000000	25282.000000
1772117038_B09	24093.000000	19717.000000
1772117039_C07	25148.000000	21725.000000
1772117039_G08	25139.000000	21701.000000
1772125078_E08	25929.000000	24441.000000
1772117039_H01	24642.000000	21118.000000
1772089190_H06	29997.000000	23208.000000
1772117031_A09	26809.000000	20934.000000
1772096110_H02	26937.000000	24026.000000
1772099313_H08	34824.000000	21791.000000
1772117151_E09	27431.000000	16392.000000
1772067059_C11	39389.000000	35695.000000
1772125080_A10	24357.000000	20487.000000
1771017152_B09	35496.000000	18398.000000
1772125078_C07	28316.000000	19075.000000
1772117107_G03	27422.000000	19587.000000
1772125078_A03	23933.000000	19038.000000
1772096168_C12	27343.000000	24296.000000
1772078017_E02	26467.000000	23653.000000
1771051147_H03	22198.000000	57503.000000
1772089194_A08	32878.000000	24071.000000
1772117102_H11	24590.000000	19175.000000
1772096139_C11	26188.000000	25123.000000
1772089194_B03	29112.000000	23472.000000
1772099315_D02	27874.000000	16408.000000
1771051147_E11	33611.000000	14363.000000
1772117028_H07	27477.000000	20019.000000
1772117031_E07	28208.000000	19244.000000
1772092264_E09	23824.000000	19360.000000
1772117104_A03	27180.000000	17901.000000
1772096139_D11	27700.000000	25357.000000
1772066108_H11	39307.000000	36047.000000
1772099313_F09	40062.000000	40862.000000
1772062116_A12	26068.000000	25180.000000
1772117101_D04	26477.000000	20107.000000
1772096083_G11	23000.000000	20395.000000
1772117124_H04	44982.000000	46055.000000
1772117108_H08	25879.000000	19724.000000
1772125080_A02	23911.000000	19540.000000
1772099316_F07	27491.000000	18249.000000
1772099155_B08	29167.000000	18924.000000
1772099155_B07	31004.000000	21795.000000
1772117101_A11	25039.000000	21609.000000
1772094136_E05	29880.000000	21411.000000
1772117161_G03	31750.000000	21554.000000
1772117104_H04	25783.000000	20001.000000
1772099302_A03	40794.000000	45103.000000
1772096083_H07	26119.000000	27251.000000
1772117104_G04	43713.000000	44495.000000
1772099010_G04	40453.000000	45104.000000
1772117055_G03	43883.000000	44556.000000
1771051147_B04	32218.000000	24105.000000
1772117124_C07	44647.000000	46185.000000
1772094135_B11	24216.000000	21866.000000
1772072243_B06	26904.000000	23725.000000
1772084017_G02	38884.000000	45678.000000
1772078016_C06	41253.000000	45051.000000
1772078033_F04	38783.000000	34799.000000
1772089205_G04	27523.000000	25673.000000
1772067092_H04	30633.000000	23509.000000
1772117158_H02	26238.000000	23330.000000
1772084021_E04	34213.000000	28239.000000
1772099314_D12	27381.000000	21727.000000
1772099093_F09	28963.000000	23320.000000
1772096088_F09	26957.000000	24974.000000
1772092013_H02	27123.000000	24582.000000
1772078033_D04	27406.000000	25271.000000
1772096154_B09	27887.000000	25339.000000
1772096084_E11	26327.000000	24835.000000
1772078030_C11	24592.000000	22436.000000
1772092013_A09	28212.000000	25237.000000
1771051147_B10	21091.000000	57444.000000
1772096083_E09	30687.000000	24658.000000
1772092266_F06	38706.000000	37111.000000
1772078024_D11	27133.000000	24780.000000
1772096117_D04	30644.000000	22087.000000
1772084017_B02	32712.000000	26458.000000
1772096110_F06	25918.000000	22630.000000
1772092262_A04	30616.000000	23922.000000
1772096085_B04	29362.000000	27534.000000
1772096091_B09	26736.000000	25225.000000
1772096083_A04	27237.000000	24537.000000
1772096087_C04	23808.000000	22317.000000
1772094135_C03	30108.000000	26485.000000
1772092013_F04	26862.000000	25663.000000
1772067074_E07	26002.000000	24867.000000
1772117103_H07	44029.000000	44951.000000
1772096091_B02	27973.000000	30168.000000
1772078033_E04	27413.000000	25043.000000
1772078033_H06	26342.000000	27239.000000
1772094135_E10	28763.000000	29919.000000
1862091113_E12	35259.000000	34100.000000
1772096139_A04	35924.000000	37008.000000
1772096140_C11	33413.000000	29595.000000
1772096092_E02	26365.000000	27647.000000
1772099093_A02	30106.000000	24138.000000
1772071055_A03	29057.000000	19521.000000
1772084017_F04	27927.000000	32547.000000
1772096139_E06	37938.000000	42663.000000
1772078031_C06	27744.000000	28117.000000
1772099078_F09	30207.000000	25958.000000
1772071044_G06	37254.000000	34966.000000
1772099093_A07	31812.000000	25165.000000
1772078030_A02	27967.000000	26391.000000
1772117038_E02	21071.000000	57299.000000
1772099314_B10	48712.000000	40264.000000
1772099315_D01	26646.000000	55797.000000
1772099008_C06	31219.000000	28604.000000
1772096085_H04	26314.000000	25168.000000
1772094135_G06	23404.000000	21589.000000
1772099003_A08	29836.000000	32166.000000
1772078030_G11	30223.000000	29181.000000
1772099314_A11	48951.000000	39827.000000
1772096140_H06	31289.000000	30506.000000
1772099305_D09	31044.000000	24868.000000
1772078031_C08	37802.000000	41108.000000
1772078030_D11	28039.000000	25912.000000
1772072243_G03	25959.000000	27508.000000
1772096084_C01	33722.000000	27363.000000
1772099076_D06	26392.000000	25285.000000
1772084018_C04	26975.000000	24945.000000
1772096084_H06	30993.000000	25694.000000
1772117055_F05	27431.000000	22018.000000
1772096085_B06	27284.000000	25326.000000
1772089202_G03	32835.000000	28398.000000
1772099073_C03	31669.000000	28740.000000
1862091112_D11	37406.000000	38760.000000
1772096140_D04	36758.000000	35012.000000
1772096083_F05	33476.000000	27419.000000
1862091110_F08	38725.000000	38205.000000
1772096087_B09	26390.000000	26568.000000
1772096136_A11	33177.000000	26615.000000
1772099313_B09	43946.000000	44156.000000
1772117097_B02	43947.000000	45551.000000
1772099090_C03	31487.000000	29835.000000
1772099003_D04	29200.000000	31034.000000
1772099030_H01	37530.000000	22222.000000
1772117159_C09	26081.000000	20603.000000
1772099002_G04	31513.000000	25365.000000
1772099154_E03	33807.000000	24936.000000
1772096084_E12	26289.000000	24440.000000
1772096085_G02	28503.000000	29562.000000
1772117101_F11	26296.000000	20934.000000
1772096106_C08	30419.000000	24762.000000
1772092012_G03	30186.000000	26022.000000
1772072243_H03	26561.000000	20745.000000
1772099090_B09	30562.000000	24804.000000
1772099092_G08	28637.000000	19879.000000
1772099305_H06	49403.000000	39262.000000
1772099009_A10	33799.000000	26601.000000
1772092287_B06	37156.000000	33797.000000
1772089202_B05	28319.000000	26487.000000
1772099031_G05	44495.000000	30715.000000
1772099154_G01	32207.000000	29430.000000
1772066099_H01	39364.000000	36979.000000
1772094135_E01	33801.000000	27543.000000
1772096140_D02	37473.000000	41741.000000
1772099015_G05	37963.000000	21435.000000
1772096087_A01	26721.000000	26083.000000
1772096084_F12	34131.000000	24790.000000
1772099048_C02	37240.000000	39351.000000
1772096083_F12	33343.000000	27541.000000
1772096138_B03	39438.000000	40751.000000
1772096138_B04	33649.000000	27970.000000
1772084014_B09	31343.000000	29211.000000
1772084021_G09	33584.000000	32371.000000
1772062111_F10	46482.000000	31382.000000
1772099043_F03	34056.000000	25639.000000
1772096136_F04	30579.000000	25036.000000
1772096085_F01	30944.000000	31534.000000
1772096106_E08	30202.000000	28106.000000
1772092003_A12	34062.000000	22953.000000
1772096172_A09	31765.000000	31934.000000
1772062113_D08	29289.000000	27677.000000
1772096091_D01	35392.000000	25129.000000
1772096126_C04	38471.000000	40636.000000
1772084021_F04	33591.000000	27120.000000
1772096088_H01	33961.000000	26755.000000
1772096086_D01	39427.000000	39943.000000
1772084021_H05	37507.000000	43124.000000
1772084014_F08	38469.000000	44418.000000
1772072240_A03	28370.000000	26025.000000
1772062115_C03	35407.000000	32400.000000
1772096100_F04	27252.000000	25000.000000
1772094111_H02	37759.000000	36738.000000
1772096083_G08	30748.000000	31243.000000
1772092262_G02	34030.000000	28606.000000
1772096084_A08	35218.000000	34315.000000
1772067073_B03	27712.000000	24738.000000
1862091042_H06	31987.000000	29936.000000
1772094108_D11	38411.000000	36433.000000
1772096086_F08	35732.000000	33490.000000
1772062114_B01	37360.000000	34484.000000
1772094135_G05	27053.000000	23661.000000
1772062109_E08	34699.000000	34071.000000
1772096138_A02	31423.000000	28979.000000
1772062114_B10	32458.000000	24972.000000
1772096139_D03	33275.000000	30728.000000
1772096087_E08	35249.000000	32896.000000
1772096139_B11	38946.000000	46255.000000
1772063063_C02	36227.000000	33556.000000
1772089200_G08	33740.000000	23402.000000
1772092264_A04	37711.000000	38124.000000
1772092262_D09	30757.000000	25443.000000
1862091116_H04	33931.000000	26913.000000
1772096086_B08	31212.000000	25945.000000
1772094135_A08	24846.000000	23985.000000
1772092262_H03	34674.000000	23959.000000
1772089200_H06	30729.000000	24208.000000
1772092003_E04	45789.000000	31235.000000
1772092315_A01	30770.000000	24267.000000
1772092303_H01	33048.000000	24651.000000
1772092312_D02	36084.000000	32920.000000
1772092262_B08	36963.000000	33615.000000
1772099093_A08	32379.000000	24303.000000
1772078024_H02	36419.000000	33401.000000
1772067076_H05	35695.000000	32603.000000
1772067069_B03	36915.000000	33815.000000
1772099003_A01	30371.000000	24895.000000
1772099092_B07	29468.000000	18556.000000
1772092312_E08	31381.000000	31972.000000
1772089200_A05	28378.000000	23926.000000
1772099046_F09	30531.000000	27716.000000
1772063063_B04	37351.000000	34634.000000
1772075304_B12	30638.000000	27828.000000
1772092304_A07	38650.000000	34326.000000
1772099070_E07	31204.000000	30432.000000
1772099047_C11	28325.000000	24435.000000
1772099045_A05	30905.000000	24813.000000
1772099087_B11	30554.000000	25541.000000
1772062128_B11	32335.000000	25562.000000
1772096084_G05	29422.000000	28010.000000
1772117101_F07	30290.000000	30582.000000
1772099038_A03	32595.000000	31393.000000
1772062113_B09	37504.000000	36176.000000
1772096116_G01	29304.000000	28785.000000
1772117099_C04	27979.000000	32744.000000
1772096132_C09	32244.000000	27838.000000
1772099072_A11	39483.000000	42079.000000
1772096088_B06	28545.000000	27493.000000
1772099045_B10	33589.000000	25279.000000
1772096134_B06	46433.000000	24052.000000
1772099039_H02	26407.000000	40827.000000
1772066089_E05	37936.000000	36235.000000
1772092260_C05	39133.000000	37640.000000
1772099045_D08	27861.000000	25694.000000
1772099045_B08	31409.000000	29360.000000
1772078052_C08	31927.000000	26385.000000
1772089186_B05	35207.000000	23667.000000
1772096110_F01	29531.000000	27077.000000
1772099010_E09	30499.000000	28549.000000
1772099009_G10	31082.000000	31142.000000
1772062118_E08	39.000000	65493.000000
1772092296_C10	35018.000000	26036.000000
1772099030_H09	37620.000000	43627.000000
1772078014_C11	38720.000000	46619.000000
1772067060_E10	38846.000000	35025.000000
1772075304_C03	39348.000000	45170.000000
1772096116_B06	26559.000000	28146.000000
1772089200_H10	26901.000000	26144.000000
1772096156_D05	39090.000000	44463.000000
1772096156_C04	23392.000000	21476.000000
1772075305_D07	28089.000000	31824.000000
1772096102_F01	49199.000000	38757.000000
1772096087_F10	28848.000000	22395.000000
1772096091_H04	29658.000000	29630.000000
1772089195_B12	31118.000000	26676.000000
1772099043_E06	21803.000000	13802.000000
1772096172_D06	33440.000000	26998.000000
1772096135_C11	27107.000000	26974.000000
1772096088_C02	39788.000000	44910.000000
1772072240_B01	33538.000000	19960.000000
1772072240_B11	30221.000000	23808.000000
1772089196_E09	33615.000000	24182.000000
1772078016_G03	26884.000000	25957.000000
1772072240_D03	33213.000000	21406.000000
1772094136_D04	24608.000000	23547.000000
1772096103_F06	30611.000000	27047.000000
1772099073_F08	34594.000000	26318.000000
1772089194_H03	32913.000000	27666.000000
1772096087_B02	28715.000000	28513.000000
1772099047_F12	33005.000000	25903.000000
1772075304_D01	27559.000000	32979.000000
1772075317_H08	27192.000000	27690.000000
1772089199_C11	27520.000000	26488.000000
1772096087_H10	29198.000000	26830.000000
1772096084_E10	33953.000000	27137.000000
1772096088_F11	30419.000000	24544.000000
1772096088_E10	27166.000000	29410.000000
1772092009_F02	30668.000000	31850.000000
1772099038_E11	38349.000000	42593.000000
1772099001_D10	30558.000000	26494.000000
1772089205_A06	25398.000000	46921.000000
1772096136_A02	30376.000000	25495.000000
1772062118_G05	33279.000000	26645.000000
1772089199_A04	27229.000000	27450.000000
1772099084_G10	46483.000000	31313.000000
1772075305_A11	27923.000000	28312.000000
1772094153_E07	35055.000000	36337.000000
1772089199_A05	28982.000000	28507.000000
1772096086_G02	26686.000000	28218.000000
1772092003_B02	28124.000000	28799.000000
1772066098_B11	31003.000000	29882.000000
1772089194_C01	30303.000000	28283.000000
1772117100_B07	44380.000000	44050.000000
1772099055_F06	27987.000000	24845.000000
1772075304_B10	27519.000000	28205.000000
1772096086_E06	26579.000000	24915.000000
1772117158_H08	43907.000000	43902.000000
1772084021_D12	32212.000000	31549.000000
1862091053_G03	39205.000000	40316.000000
1772096084_D02	25845.000000	23301.000000
1772099075_B11	40317.000000	45552.000000
1772062118_E01	49780.000000	38877.000000
1772099026_G07	32690.000000	28554.000000
1772096101_D12	31297.000000	30889.000000
1772094135_C12	32131.000000	23854.000000
1772078017_B05	37804.000000	43045.000000
1772099153_H02	45672.000000	45681.000000
1772096154_G06	28391.000000	18864.000000
1772089194_A02	30579.000000	23143.000000
1772089188_B11	36275.000000	21380.000000
1772089205_E02	29607.000000	23402.000000
1772096138_B02	40757.000000	41310.000000
1772096141_A05	34550.000000	27035.000000
1862091045_A08	38915.000000	44242.000000
1772099046_C12	39145.000000	45346.000000
1772089194_A07	32153.000000	23186.000000
1772096110_B10	27279.000000	20533.000000
1772096084_G04	27143.000000	24768.000000
1772099031_B02	31989.000000	29597.000000
1862091029_F02	38883.000000	43914.000000
1772089190_E04	31002.000000	23647.000000
1772092308_C01	31539.000000	24861.000000
1772096101_B11	32834.000000	29528.000000
1772092314_A12	37496.000000	33307.000000
1772092008_E12	33230.000000	22367.000000
1772075305_A07	38700.000000	46087.000000
1772096110_A04	32742.000000	24445.000000
1772094147_F10	36727.000000	33523.000000
1772084018_G04	32010.000000	24648.000000
1772094135_B05	25990.000000	20961.000000
1772099070_E02	33708.000000	26965.000000
1772075305_B03	25128.000000	21678.000000
1862091042_D11	35233.000000	23514.000000
1772096100_B10	28849.000000	22885.000000
1771017037_G07	33884.000000	23724.000000
1772096133_H06	46480.000000	24214.000000
1772099091_F06	25135.000000	46660.000000
1772084020_H05	34693.000000	23711.000000
1772099301_A06	33511.000000	20631.000000
1772092304_A03	24317.000000	19185.000000
1772060225_D10	29796.000000	20067.000000
1772078016_A12	26514.000000	23480.000000
1772096084_H10	26591.000000	23250.000000
1772096099_B04	39409.000000	43896.000000
1772096132_B08	30267.000000	52217.000000
1772096136_B11	37751.000000	40994.000000
1772072240_F10	25399.000000	45245.000000
1772075305_B05	39089.000000	46224.000000
1772099044_E09	34140.000000	24905.000000
1772092304_B02	32816.000000	24124.000000
1772092008_F01	30155.000000	23389.000000
1772096140_A06	34914.000000	27355.000000
1772099301_D11	41337.000000	44845.000000
1772096135_D06	32566.000000	26219.000000
1772099043_E04	33952.000000	18772.000000
1772096118_E06	35306.000000	20958.000000
1772096106_C12	30798.000000	22782.000000
1772099316_G03	44796.000000	44190.000000
1772099155_G03	33530.000000	24137.000000
1772075304_E12	25420.000000	17098.000000
1772078013_A10	35317.000000	12072.000000
1772078030_F07	34271.000000	24997.000000
1862091021_B12	26355.000000	47003.000000
1772099026_E09	33488.000000	27668.000000
1772089194_F03	46307.000000	24072.000000
1772084021_B05	39550.000000	43339.000000
1772084020_C10	31541.000000	30650.000000
1772099092_G09	32062.000000	23160.000000
1772060225_H11	35507.000000	25620.000000
1772096141_D02	35138.000000	27082.000000
1772096099_C02	30362.000000	24594.000000
1772092009_E04	37273.000000	21954.000000
1772084014_B11	36148.000000	22137.000000
1772096172_E11	36515.000000	22763.000000
1772096149_D05	21708.000000	17824.000000
1772099014_A09	39606.000000	19968.000000
1772096103_B09	33732.000000	27631.000000
1772096154_E08	35916.000000	30583.000000
1772096088_E05	33328.000000	23774.000000
1772084017_D05	38859.000000	44954.000000
1772092311_A04	38457.000000	34053.000000
1772096173_B12	240.000000	65245.000000
1772072243_B10	32528.000000	25199.000000
1772092277_E11	37254.000000	18086.000000
1772084020_F11	38701.000000	19397.000000
1772092289_D05	38424.000000	37166.000000
1772099155_D04	34909.000000	17134.000000
1772099014_C08	38623.000000	20916.000000
1772099044_E03	31383.000000	32289.000000
1772096084_D12	34090.000000	22958.000000
1772096141_F10	35197.000000	27042.000000
1772078019_E12	33506.000000	17706.000000
1772099015_D02	37864.000000	20191.000000
1772096140_D05	40086.000000	40897.000000
1772096138_G07	39232.000000	41274.000000
1772099305_A06	32717.000000	23032.000000
1772099046_D05	31804.000000	24160.000000
1772078030_B03	37453.000000	19864.000000
1772096134_E02	38972.000000	42046.000000
1772089196_A05	33529.000000	23581.000000
1772099083_C06	39683.000000	44964.000000
1772096141_A04	34193.000000	26595.000000
1772099046_E11	31041.000000	23588.000000
1772094136_F05	36326.000000	21655.000000
1772096117_A06	32951.000000	22442.000000
1772092012_E07	33866.000000	22020.000000
1862091110_E08	36355.000000	36858.000000
1772117151_E10	37138.000000	20295.000000
1772099009_G04	33580.000000	21310.000000
1772096103_C06	35025.000000	24940.000000
1772099002_E10	31949.000000	23694.000000
1772089202_C01	37595.000000	20685.000000
1772096133_E08	39498.000000	40932.000000
1772096173_C02	38219.000000	35337.000000
1772117108_F03	31012.000000	22805.000000
1772117097_H01	31108.000000	15709.000000
1772096148_D04	26620.000000	26996.000000
1772096101_F10	32928.000000	18654.000000
1772096162_D03	38547.000000	19127.000000
1772096108_B06	29010.000000	22082.000000
1772089187_A10	36129.000000	33308.000000
1772099014_G03	45798.000000	31043.000000
1772092003_F09	36191.000000	20533.000000
1772096140_F04	34878.000000	26517.000000
1772096162_C07	31939.000000	26134.000000
1772099152_D10	42646.000000	44033.000000
1772089188_A05	37323.000000	21904.000000
1772096085_D12	36265.000000	21379.000000
1772072240_B08	37781.000000	18296.000000
1772096134_A07	46295.000000	24059.000000
1772096154_B12	35920.000000	22267.000000
1772096141_B04	38143.000000	19957.000000
1772072243_F03	26200.000000	22244.000000
1772099043_A05	37865.000000	21077.000000
1772094136_F10	38483.000000	17593.000000
1772078030_G01	31486.000000	22002.000000
1772099091_C06	25232.000000	21884.000000
1772096148_F03	31894.000000	22669.000000
1772096101_B07	31405.000000	22680.000000
1772096165_E09	38480.000000	44192.000000
1772096172_C09	35402.000000	24436.000000
1772099301_G09	45126.000000	43948.000000
1772089199_H11	32272.000000	19246.000000
1772096101_C12	30170.000000	29783.000000
1772096100_A05	33628.000000	26398.000000
1772089186_C08	46325.000000	24019.000000
1772099314_F07	32992.000000	19385.000000
1772096126_A12	34813.000000	27193.000000
1771017028_H09	35460.000000	20881.000000
1772089195_E06	32048.000000	16786.000000
1772096135_H12	29968.000000	25696.000000
1772096102_A06	32002.000000	31856.000000
1772084020_F08	37887.000000	34753.000000
1772072243_C04	27962.000000	24972.000000
1772117039_A12	33910.000000	18081.000000
1771051147_C03	30522.000000	17564.000000
1772099305_F12	46420.000000	31116.000000
1772089202_F06	40121.000000	45485.000000
1772096085_C08	22304.000000	16349.000000
1772096135_F02	26644.000000	27247.000000
1772078030_F12	33408.000000	25739.000000
1772072118_A01	38925.000000	20817.000000
1772075309_G08	39244.000000	45751.000000
1771017036_G01	39080.000000	30654.000000
1772096135_E05	38328.000000	41615.000000
1772072240_H07	25373.000000	23009.000000
1772075305_E04	39799.000000	45418.000000
1772099035_G11	39069.000000	17032.000000
1772125078_C01	28155.000000	20998.000000
1772099045_D11	25117.000000	18355.000000
1772096139_C05	39156.000000	45477.000000
1772099303_D12	37699.000000	14496.000000
1772078029_D11	26630.000000	26838.000000
1772096097_B02	46239.000000	24627.000000
1772096136_E05	30317.000000	28603.000000
1772096106_B01	27401.000000	21255.000000
1772078031_G01	40278.000000	42072.000000
1772099012_D09	25291.000000	22821.000000
1772096094_B11	22815.000000	20531.000000
1772072243_D11	43314.000000	45159.000000
1772117158_E08	29294.000000	14042.000000
1772096086_E02	28871.000000	21643.000000
1772072242_A06	31360.000000	24031.000000
1772062109_A03	39844.000000	34575.000000
1772078018_B10	37711.000000	16678.000000
1772099028_F06	40420.000000	44995.000000
1772096101_E12	32012.000000	32064.000000
1772089194_F05	34517.000000	23455.000000
1772096097_C12	32488.000000	30211.000000
1772078029_B01	39742.000000	17786.000000
1772075310_E11	31101.000000	24598.000000
1772096101_H02	37193.000000	39775.000000
1772078030_F08	37680.000000	16272.000000
1772096141_D12	38978.000000	20629.000000
1772075304_C12	31463.000000	27608.000000
1772099002_E12	39479.000000	45491.000000
1772096108_A01	38044.000000	21619.000000
1772099154_F08	37956.000000	13796.000000
1772089200_C04	25830.000000	19085.000000
1772096138_D12	33818.000000	29643.000000
1772096100_E12	35199.000000	23371.000000
1772072243_D12	31261.000000	24140.000000
1772067092_F04	38729.000000	21429.000000
1772096110_A03	26425.000000	15136.000000
1772099008_E02	23893.000000	9228.000000
1772099153_B03	27330.000000	17329.000000
1772096110_E05	31764.000000	29422.000000
1772099030_D06	38706.000000	15401.000000
1772099014_A02	36260.000000	2937.000000
1772096100_B02	32675.000000	34258.000000
1772096096_A12	40176.000000	41288.000000
1772072243_F10	44142.000000	45558.000000
1772066104_C11	31923.000000	19589.000000
1772096148_A09	31485.000000	32551.000000
1772078023_B11	31576.000000	18839.000000
1772092003_D02	26368.000000	25096.000000
1772096132_D08	34415.000000	26971.000000
1772099041_C12	39598.000000	12831.000000
1772096135_A07	29542.000000	20811.000000
1772096139_E04	38578.000000	42487.000000
1772096083_C08	37332.000000	18193.000000
1772099152_B08	33591.000000	16330.000000
1772072243_H06	46341.000000	24026.000000
1772094143_A02	30585.000000	21574.000000
1772096140_F02	38741.000000	44613.000000
1772099031_E11	38938.000000	43713.000000
1772092003_D08	32000.000000	25505.000000
1772075304_C08	30853.000000	26498.000000
1772072243_G08	29735.000000	31915.000000
1771051147_G03	30933.000000	17704.000000
1771051147_H04	21135.000000	57542.000000
1771051147_D08	38453.000000	13697.000000
1771051147_E08	38994.000000	18999.000000
1772117038_E05	39212.000000	19783.000000
1772117039_B06	27605.000000	20039.000000
1772125078_B02	39166.000000	19079.000000
1772099091_F08	30118.000000	51057.000000
1772099315_E07	38794.000000	15632.000000
1772099315_F07	44382.000000	43473.000000
1772099304_F05	37132.000000	18516.000000
1772117154_F04	36309.000000	13671.000000
1772117154_F10	33256.000000	24584.000000
1772117111_E08	39016.000000	13497.000000
1772099101_G07	38479.000000	20908.000000
1772117151_D02	46499.000000	31277.000000
1772096099_B08	39376.000000	44533.000000
1772096101_C07	35003.000000	19655.000000
1772099010_G06	24812.000000	16546.000000
1772075304_F07	46272.000000	23981.000000
1772072243_A10	24942.000000	22747.000000
1772072242_A10	30807.000000	24564.000000
1772099001_C06	31837.000000	20571.000000
1772096139_D07	33056.000000	32737.000000
1772096102_D08	32381.000000	32444.000000
1772096133_D08	63642.000000	40048.000000
1772096132_B11	30955.000000	27752.000000
1772067096_F04	31060.000000	19044.000000
1772092011_F03	46185.000000	24105.000000
1772117156_D06	34250.000000	13676.000000
1772099215_G04	49658.000000	39195.000000
1862091118_C05	46423.000000	31360.000000
1772096136_D07	30304.000000	52074.000000
1772066108_E12	38732.000000	33547.000000
1772096141_C01	33047.000000	30658.000000
1862091110_F10	38638.000000	40397.000000
1772096141_A02	32323.000000	30670.000000
1772099015_A07	37244.000000	15241.000000
1772096103_E07	33859.000000	24013.000000
1772125078_F07	26973.000000	18633.000000
1772099091_H05	38856.000000	20601.000000
1772117123_A07	27719.000000	17332.000000
1772096084_H04	23184.000000	20972.000000
1772096138_F11	38388.000000	42934.000000
1772096108_D05	36288.000000	23185.000000
1772096132_E09	38995.000000	44200.000000
1772096088_D01	27684.000000	26054.000000
1772096135_B03	29278.000000	23279.000000
1772067059_D12	31306.000000	23885.000000
1772117107_H07	32396.000000	21800.000000
1772096149_D08	34620.000000	17916.000000
1772099035_E04	39898.000000	45460.000000
1772075310_D09	39112.000000	45170.000000
1772072243_H11	25527.000000	19011.000000
1771051147_F03	40021.000000	15185.000000
1772092012_F04	39097.000000	45885.000000
1772096099_C07	30285.000000	52174.000000
1772096146_E02	40261.000000	45425.000000
1772099045_A12	24213.000000	14362.000000
1772099003_E04	33696.000000	22400.000000
1772078028_F06	31533.000000	25779.000000
1771017036_F06	27379.000000	24279.000000
1772096134_G02	38963.000000	39257.000000
1772117154_H07	23933.000000	18995.000000
1771051147_H09	27644.000000	21541.000000
1772078016_G01	32889.000000	24761.000000
1772099316_H03	30970.000000	30308.000000
1772096138_A03	34725.000000	26922.000000
1772078033_C07	21668.000000	17653.000000
1772075305_G05	39186.000000	46485.000000
1772075310_H10	30887.000000	23177.000000
1772096091_D04	22211.000000	18466.000000
1772096085_A11	28817.000000	21787.000000
1772092003_C11	46144.000000	31194.000000
1772096135_B07	38875.000000	19125.000000
1772072240_F03	33980.000000	19644.000000
1772096088_B01	31581.000000	28023.000000
1772071055_B03	38872.000000	36366.000000
1772096118_C01	39512.000000	40358.000000
1772071045_D02	31910.000000	21511.000000
1772094135_D02	41379.000000	40085.000000
1772067059_G06	32631.000000	20057.000000
1772099015_G09	37894.000000	19889.000000
1772096149_A04	22108.000000	16392.000000
1772071055_A04	32623.000000	30789.000000
1772096085_C07	22787.000000	16583.000000
1772125078_E03	25900.000000	21693.000000
1772099091_E08	38554.000000	19772.000000
1772117154_E10	45502.000000	45130.000000
1772075310_D08	39866.000000	46190.000000
1772099047_F04	33008.000000	19859.000000
1772075305_E12	46438.000000	24125.000000
1772094135_B12	30953.000000	24899.000000
1772092002_F11	40111.000000	45360.000000
1772096168_D10	39578.000000	45436.000000
1772099143_E06	39209.000000	37763.000000
1772071055_C11	26570.000000	10341.000000
1772117099_B05	33044.000000	19758.000000
1772099047_E03	27303.000000	21936.000000
1772078017_H06	39100.000000	46576.000000
1772096141_E09	38502.000000	43348.000000
1772117057_C02	33028.000000	21976.000000
1772117057_E08	25614.000000	25344.000000
1772084021_D05	37842.000000	43266.000000
1772099093_G10	44347.000000	45738.000000
1772096140_E11	35997.000000	38228.000000
1772099009_G12	26093.000000	19977.000000
1772099090_B06	25035.000000	18663.000000
1772094155_G04	38406.000000	37243.000000
1772096086_D02	25937.000000	25697.000000
1772099033_B06	31859.000000	29947.000000
1772096085_A10	27216.000000	21563.000000
1772096103_A03	30657.000000	23570.000000
1862091028_C10	38300.000000	42601.000000
1772117104_H01	29882.000000	19359.000000
1772096110_H03	32600.000000	31479.000000
1772099093_B03	32202.000000	22696.000000
1772094111_A02	44744.000000	30683.000000
1772117137_F02	32938.000000	22281.000000
1772089194_E07	46265.000000	23965.000000
1772096116_E07	27343.000000	24988.000000
1772094135_C10	29121.000000	21781.000000
1772096088_B07	36628.000000	21644.000000
1772089200_E08	30641.000000	26137.000000
1772063061_D02	35196.000000	18662.000000
1772092288_B06	35986.000000	21084.000000
1772089205_C02	27660.000000	23445.000000
1772092304_E06	34618.000000	24266.000000
1772062111_F06	30750.000000	25075.000000
1772096110_C08	31764.000000	25210.000000
1772063063_F05	29834.000000	19206.000000
1772096091_E10	29226.000000	21551.000000
1772099081_H11	37369.000000	21703.000000
1772096088_E07	24667.000000	20463.000000
1772099001_H06	32764.000000	18860.000000
1772099002_A02	39868.000000	45192.000000
1772096152_B08	37070.000000	17069.000000
1772096091_F02	26460.000000	23807.000000
1772096085_F07	41567.000000	39857.000000
1772094135_C02	41483.000000	44810.000000
1772099084_H01	35127.000000	26574.000000
1862091114_H05	39416.000000	40323.000000
1772062111_C08	29921.000000	27852.000000
1772094116_G07	37921.000000	34751.000000
1772096083_B09	37237.000000	23336.000000
1772096087_G11	25058.000000	21067.000000
1772092298_G08	39632.000000	39145.000000
1772067077_F03	27658.000000	20666.000000
1772092303_E01	36674.000000	24698.000000
1772062111_B10	29708.000000	21884.000000
1772092312_E07	38881.000000	34999.000000
1772094143_B01	36599.000000	18226.000000
1772078033_F02	36177.000000	34161.000000
1772092309_A07	39503.000000	45136.000000
1772092264_D10	34892.000000	23795.000000
1772096156_B04	24553.000000	21779.000000
1772066108_H05	36843.000000	34153.000000
1772094136_C09	40939.000000	45938.000000
1772094135_G10	39223.000000	45338.000000
1772092318_C08	34726.000000	23066.000000
1772078033_F01	38232.000000	34383.000000
1772092312_C05	34748.000000	22660.000000
1772094135_H12	34028.000000	18978.000000
1772096092_B09	20836.000000	17448.000000
1772096084_A07	23389.000000	21360.000000
1772092304_D05	33629.000000	27818.000000
1772092264_D12	31944.000000	23950.000000
1772067063_G11	27951.000000	22961.000000
1772092304_A09	35366.000000	21995.000000
1862091037_B07	34466.000000	26433.000000
1772078024_A11	25763.000000	23040.000000
1772062111_C01	28830.000000	21576.000000
1772094153_C10	34433.000000	26645.000000
1772092312_D03	36421.000000	20009.000000
1772092264_H05	35818.000000	26992.000000
1772092264_A09	27792.000000	19688.000000
1772092265_D11	38850.000000	34014.000000
1772084018_A06	37667.000000	20086.000000
1772094131_A03	38873.000000	36471.000000
1772096108_G03	32742.000000	21549.000000
1772092318_B09	30331.000000	23785.000000
1772096084_F11	29202.000000	21484.000000
1772092312_B10	38101.000000	32821.000000
1772078033_D05	35922.000000	23100.000000
1772078052_E12	37421.000000	20202.000000
1772078033_G10	21897.000000	18389.000000
1772096108_A04	22125.000000	16719.000000
1772099047_B07	30911.000000	24261.000000
1772060225_E07	38437.000000	34378.000000
1772060240_F11	37114.000000	32098.000000
1772099035_G02	39191.000000	43580.000000
1772066102_E10	29999.000000	18293.000000
1772096156_D04	34547.000000	24815.000000
1772096084_F08	33179.000000	27426.000000
1772099047_C03	36422.000000	23188.000000
1772096088_H10	35152.000000	18008.000000
1772092309_D03	37885.000000	41091.000000
1772099038_G01	32981.000000	31278.000000
1772092319_G03	29670.000000	30277.000000
1862091049_E11	39108.000000	42074.000000
1772099036_D02	31282.000000	21083.000000
1772060225_F06	33578.000000	23856.000000
1772099305_B10	45637.000000	46215.000000
1772117158_B02	32632.000000	16773.000000
1772099303_F06	44171.000000	45023.000000
1772089196_D02	32465.000000	24282.000000
1772099050_E03	38789.000000	19710.000000
1772096091_H01	21938.000000	15528.000000
1772096092_F05	25853.000000	19991.000000
1772096108_H08	37427.000000	16356.000000
1772096151_C03	35908.000000	17580.000000
1772117158_E02	36269.000000	15616.000000
1772092264_E03	35774.000000	21962.000000
1772096085_E03	25674.000000	21963.000000
1772099001_E08	34202.000000	23731.000000
1772099215_A12	21387.000000	57609.000000
1862091022_F04	39227.000000	43618.000000
1772096110_H08	29053.000000	21896.000000
1772096106_C11	25511.000000	20446.000000
1772117097_G03	29214.000000	24013.000000
1772096162_D05	38737.000000	42871.000000
1772117104_A04	26061.000000	19892.000000
1772096136_A03	28011.000000	24993.000000
1772096133_B09	39381.000000	42595.000000
1772062113_G12	30080.000000	24423.000000
1772063070_E07	64046.000000	39464.000000
1772096136_A05	30156.000000	52223.000000
1772117059_F02	35667.000000	22625.000000
1772078017_C12	28563.000000	20607.000000
1772099045_F12	33897.000000	20993.000000
1772096103_C07	38133.000000	41391.000000
1771017036_C01	34677.000000	23786.000000
1772099092_E06	26497.000000	20159.000000
1772089190_G02	32659.000000	24567.000000
1771017151_A11	38704.000000	20243.000000
1772117055_H11	27346.000000	17913.000000
1772092008_G03	35441.000000	21726.000000
1772089186_E11	32185.000000	24077.000000
1772099010_G02	25325.000000	19530.000000
1772092295_F09	37808.000000	20523.000000
1772096106_E02	117.000000	65397.000000
1772084018_E03	21739.000000	17884.000000
1772099215_H04	34236.000000	22500.000000
1772092265_E11	36751.000000	33015.000000
1772099301_C06	34455.000000	16774.000000
1772096132_F02	29746.000000	27236.000000
1772099015_H11	38337.000000	19647.000000
1772092303_C10	37796.000000	33129.000000
1772089187_E12	38354.000000	19220.000000
1772078014_C10	35119.000000	22524.000000
1772072240_H02	37341.000000	20556.000000
1772117101_C08	30337.000000	52379.000000
1772063074_C02	32700.000000	24895.000000
1772096132_E04	34441.000000	24116.000000
1862091112_D05	38932.000000	38763.000000
1772099091_F07	30695.000000	23097.000000
1772099087_D09	38021.000000	40296.000000
1772096099_D04	29708.000000	18749.000000
1772072242_C04	36845.000000	16527.000000
1772096085_H08	26883.000000	24712.000000
1772096136_H03	36912.000000	36811.000000
1772117123_A02	29578.000000	19011.000000
1772117031_B07	20877.000000	57187.000000
1772099002_E09	88.000000	65432.000000
1772099009_H05	27729.000000	24341.000000
1772117104_H12	25370.000000	19745.000000
1772099008_C05	34121.000000	23234.000000
1772096091_G07	33948.000000	24385.000000
1772096168_D04	39747.000000	45044.000000
1772084020_D05	35179.000000	24231.000000
1772117057_D06	35874.000000	17383.000000
1772078019_A03	39030.000000	43326.000000
1772096128_C03	33920.000000	26199.000000
1772096173_B08	37704.000000	21095.000000
1772096096_D12	39589.000000	43974.000000
1772099301_F02	31021.000000	20700.000000
1772099152_G03	37140.000000	16172.000000
1772099046_C05	33809.000000	23674.000000
1772078022_D06	32339.000000	25363.000000
1772096106_C05	36337.000000	22571.000000
1772099001_C05	33914.000000	23641.000000
1772099045_D10	34695.000000	23209.000000
1772099003_E12	37115.000000	20488.000000
1772117099_D02	30252.000000	23967.000000
1772084020_A06	39022.000000	46493.000000
1772099037_A04	49056.000000	38508.000000
1772099008_A02	33510.000000	22226.000000
1772084021_E11	39206.000000	43820.000000
1772096100_H11	39055.000000	44321.000000
1772099081_H02	38077.000000	20462.000000
1772096133_C01	39367.000000	44708.000000
1772096128_C04	39272.000000	44332.000000
1772094135_A12	38915.000000	39291.000000
1772092296_G04	30276.000000	24473.000000
1772099002_A10	30564.000000	24487.000000
1772096116_C12	35063.000000	23846.000000
1772096175_A06	38798.000000	46196.000000
1772078031_H01	32749.000000	25828.000000
1772067091_F10	36893.000000	20975.000000
1772094135_F05	37013.000000	20554.000000
1772099031_A06	39340.000000	40417.000000
1772099152_G01	34773.000000	23001.000000
1772096085_F12	39304.000000	19285.000000
1772096088_G05	34514.000000	26752.000000
1772099305_G01	44800.000000	44637.000000
1772117101_B03	45713.000000	45673.000000
1772099081_G07	38681.000000	42218.000000
1772117124_H12	34048.000000	20421.000000
1772099072_B01	33934.000000	27638.000000
1772078018_H03	38872.000000	46725.000000
1862091019_A09	38395.000000	41268.000000
1772099001_F07	29988.000000	23399.000000
1772096099_H09	39446.000000	43789.000000
1772117102_G08	26722.000000	23212.000000
1772099076_C12	35150.000000	23190.000000
1772099084_G08	33895.000000	28640.000000
1772099001_A07	34201.000000	21723.000000
1772089205_C12	35013.000000	23035.000000
1772099041_A07	37821.000000	15725.000000
1772096172_E03	30208.000000	52237.000000
1772096162_D06	40219.000000	17324.000000
1772078014_H08	37469.000000	21275.000000
1772096086_G10	36304.000000	23172.000000
1772067092_B06	30964.000000	22471.000000
1772099014_E01	39697.000000	18415.000000
1772096092_B12	38237.000000	18798.000000
1772096175_C01	36612.000000	21349.000000
1772078030_B08	35081.000000	20073.000000
1772066096_C01	37730.000000	33270.000000
1772078013_B03	35073.000000	19820.000000
1772094111_E05	39122.000000	19287.000000
1772099075_E01	36257.000000	17400.000000
1772096103_D12	39253.000000	42114.000000
1862091039_F10	36807.000000	23206.000000
1772099152_C05	33777.000000	21380.000000
1772099045_F11	33764.000000	18873.000000
1772099091_H12	49859.000000	38261.000000
1772099092_H07	33883.000000	13559.000000
1772099313_D06	46128.000000	23896.000000
1772117154_D12	37445.000000	13951.000000
1772117108_C01	34324.000000	22901.000000
1772099001_E02	22274.000000	19608.000000
1862091113_F08	39250.000000	37715.000000
1772096126_D11	35218.000000	21074.000000
1772096120_D09	34945.000000	23766.000000
1772096108_B11	24104.000000	21190.000000
1772096140_F08	34765.000000	27237.000000
1772096165_A01	35067.000000	26702.000000
1772078028_G11	39290.000000	45683.000000
1772096154_A01	38192.000000	21131.000000
1772099053_D04	33913.000000	22502.000000
1772117107_C06	29591.000000	21226.000000
1772096116_C09	35364.000000	21799.000000
1772096106_F06	24253.000000	20488.000000
1772117107_F06	36072.000000	14664.000000
1772096085_E05	26258.000000	20791.000000
1772096110_B11	29993.000000	24007.000000
1772096156_A06	25281.000000	19902.000000
1772096132_D12	35435.000000	18714.000000
1772096121_F05	37626.000000	19370.000000
1772094143_E09	36596.000000	17660.000000
1772089205_D09	39782.000000	45051.000000
1772092276_B11	35800.000000	17495.000000
1772099001_C03	30460.000000	22084.000000
1772096168_F11	34925.000000	21396.000000
1772096087_A02	39699.000000	37133.000000
1772096103_A05	37361.000000	20192.000000
1772099027_G02	39304.000000	38164.000000
1772089186_A04	31879.000000	21985.000000
1772072240_A06	37623.000000	17040.000000
1772096103_D07	38815.000000	19657.000000
1772099082_E03	38662.000000	20133.000000
1772096132_F12	37054.000000	19495.000000
1772096144_D04	37829.000000	39455.000000
1772099081_F01	38534.000000	19630.000000
1772075304_A09	30309.000000	23394.000000
1772092261_E06	39068.000000	37315.000000
1862091039_C07	39398.000000	18876.000000
1772084014_D01	39040.000000	40487.000000
1772099039_A07	37088.000000	18615.000000
1772092293_A10	37959.000000	33868.000000
1772092013_E10	37058.000000	16612.000000
1772099075_F02	39566.000000	44372.000000
1772096085_F05	34025.000000	24669.000000
1772099002_G08	36907.000000	19366.000000
1772096138_A12	32353.000000	26480.000000
1772096118_A11	33520.000000	22609.000000
1772099033_A05	37789.000000	20937.000000
1772089201_E06	38881.000000	17566.000000
1772099071_B04	38564.000000	41866.000000
1772096154_H06	28309.000000	22105.000000
1772099047_F08	33488.000000	23156.000000
1772099041_B03	37480.000000	15611.000000
1772099301_G10	33904.000000	17460.000000
1772117154_A03	36136.000000	14028.000000
1772117123_E03	46065.000000	45149.000000
1772117101_B10	46946.000000	46459.000000
1772117103_E08	26292.000000	21694.000000
1772117103_B11	33380.000000	14294.000000
1772096140_D12	35004.000000	28399.000000
1772096138_E02	36308.000000	22970.000000
1772078018_E10	35191.000000	22353.000000
1772117101_F10	35750.000000	20050.000000
1772099015_C05	37380.000000	19769.000000
1772089199_G04	31742.000000	22629.000000
1772099043_B06	37247.000000	18559.000000
1772096156_D09	37213.000000	20368.000000
1772062111_D09	39384.000000	33868.000000
1772096134_H11	35157.000000	25544.000000
1862091020_D10	39135.000000	43430.000000
1862091030_H01	39112.000000	43394.000000
1772096151_F10	38755.000000	17986.000000
1772099046_D07	27388.000000	20563.000000
1772092012_B01	39297.000000	45860.000000
1772099084_C08	46400.000000	31400.000000
1772078013_G07	39483.000000	17572.000000
1862091032_H05	34069.000000	29691.000000
1862091110_A06	40017.000000	41457.000000
1772099091_E10	44641.000000	44200.000000
1772089190_E12	33114.000000	16576.000000
1772099049_H04	33884.000000	23163.000000
1772092309_A12	33860.000000	27016.000000
1772096088_C09	35987.000000	17771.000000
1772082031_A03	39355.000000	19350.000000
1772078013_B02	39243.000000	15598.000000
1772094135_E03	39426.000000	44826.000000
1772099070_B01	34864.000000	26217.000000
1772099072_A05	40115.000000	44543.000000
1772092008_F11	38354.000000	15305.000000
1772125088_H03	21190.000000	57608.000000
1772096132_H06	32718.000000	19136.000000
1772092010_C04	29283.000000	23362.000000
1772096094_A06	24048.000000	20008.000000
1772117028_C08	33630.000000	16955.000000
1772099071_B10	39575.000000	19025.000000
1772092009_E01	38775.000000	20640.000000
1772099071_B12	39592.000000	43078.000000
1772099080_G11	38698.000000	19041.000000
1772099030_F10	38679.000000	17105.000000
1772096151_E06	39934.000000	45002.000000
1772096099_B01	32776.000000	28806.000000
1772099033_F01	33595.000000	25811.000000
1772078016_H02	31745.000000	17876.000000
1772096094_F01	39686.000000	39690.000000
1862091036_C02	34376.000000	33358.000000
1772092318_C05	36086.000000	20504.000000
1862091032_F10	35236.000000	25898.000000
1772099014_C01	39459.000000	19492.000000
1772096103_F07	36325.000000	22093.000000
1772096138_G02	34572.000000	27201.000000
1772092266_H06	38973.000000	37380.000000
1772089194_E05	35145.000000	20824.000000
1862091053_B03	31843.000000	25601.000000
1772063079_C10	38083.000000	19952.000000
1772096094_B05	36252.000000	17626.000000
1772099015_D07	46874.000000	46126.000000
1772078016_B03	39224.000000	46257.000000
1772099002_C07	40367.000000	45406.000000
1772096101_G04	39463.000000	18095.000000
1772096145_E10	38225.000000	20071.000000
1772092295_D02	39068.000000	20379.000000
1771017151_G09	40272.000000	14934.000000
1862091021_E12	30505.000000	52001.000000
1772096103_D05	38357.000000	16918.000000
1772078019_B04	46443.000000	24252.000000
1772092296_D12	36840.000000	33434.000000
1772092308_C09	37688.000000	32403.000000
1772096083_E12	35785.000000	17631.000000
1772089201_H06	39047.000000	17217.000000
1772099154_F07	32718.000000	22048.000000
1772099046_F08	38399.000000	14656.000000
1772092008_D03	38837.000000	20641.000000
1772067059_F05	36850.000000	20859.000000
1772094131_F01	38532.000000	33524.000000
1772099030_E04	41021.000000	13976.000000
1772096092_A05	40006.000000	39433.000000
1772092011_G10	37255.000000	21985.000000
1772078024_B06	38573.000000	33038.000000
1772094136_E01	39856.000000	41280.000000
1772078030_F01	39729.000000	13995.000000
1772099070_A10	35058.000000	24779.000000
1772096138_D09	39194.000000	40767.000000
1772092296_G12	38252.000000	33655.000000
1772096102_D12	36393.000000	20401.000000
1772099003_C11	27425.000000	16720.000000
1772096132_G10	39831.000000	43566.000000
1772078024_A12	39210.000000	42471.000000
1772096096_B04	46161.000000	31154.000000
1772094125_F08	35518.000000	24484.000000
1772099001_G02	39347.000000	18967.000000
1772099155_C08	35924.000000	16805.000000
1862091032_A07	34423.000000	25832.000000
1862091045_G08	37212.000000	21361.000000
1772096100_B04	38994.000000	44466.000000
1771051147_E04	35035.000000	12233.000000
1771051147_B05	30596.000000	17562.000000
1771051147_D05	40109.000000	13558.000000
1771051147_A09	40846.000000	13281.000000
1772125080_G03	21327.000000	57269.000000
1772117151_H08	44120.000000	45892.000000
1772117154_A05	40091.000000	13948.000000
1772117055_E03	46647.000000	46041.000000
1772117104_E12	36863.000000	15222.000000
1772117108_D12	31015.000000	18127.000000
1772072242_A01	38278.000000	21142.000000
1772094121_G05	38490.000000	35375.000000
1772099038_E05	37004.000000	42301.000000
1772099015_E03	38140.000000	19178.000000
1772096149_E10	37633.000000	16731.000000
1772096099_C01	39470.000000	44067.000000
1772099086_C12	38705.000000	17408.000000
1772099302_D02	38965.000000	20418.000000
1772092318_C11	37871.000000	16893.000000
1772075310_H08	45112.000000	44154.000000
1772099037_B10	39166.000000	40526.000000
1771017035_C06	39521.000000	39411.000000
1772096152_E05	34592.000000	26189.000000
1772096083_D08	36927.000000	19975.000000
1772099014_E12	39405.000000	18322.000000
1772096099_A10	39735.000000	44873.000000
1772094153_B03	36717.000000	20810.000000
1772117156_H01	32251.000000	18489.000000
1772062113_E07	26103.000000	20012.000000
1772099035_E07	39218.000000	44165.000000
1772117055_B12	27365.000000	17672.000000
1772099304_B09	36351.000000	14379.000000
1772092308_D05	39918.000000	44522.000000
1772117100_B05	45445.000000	45237.000000
1772117057_B05	32239.000000	21793.000000
1772099001_E05	38544.000000	17251.000000
1772092003_C05	45648.000000	31126.000000
1772078028_G08	40258.000000	42629.000000
1772089201_B02	30112.000000	23322.000000
1772096094_H02	28501.000000	21567.000000
1772096156_E05	39934.000000	15668.000000
1772099044_B04	46398.000000	31248.000000
1772063063_D07	39874.000000	28759.000000
1862091051_F02	38178.000000	19913.000000
1862091048_C08	38258.000000	20967.000000
1772099015_H12	40639.000000	14459.000000
1772092296_D07	36795.000000	33338.000000
1772117158_F09	31247.000000	20722.000000
1772117159_F12	44529.000000	45683.000000
1772099301_F05	26870.000000	19558.000000
1772099046_F01	34645.000000	20734.000000
1772117104_B01	37295.000000	13371.000000
1772092008_A07	35060.000000	19775.000000
1772096151_A04	24494.000000	20467.000000
1771051147_F07	46393.000000	24087.000000
1772062116_H06	38892.000000	36816.000000
1772096108_H01	34277.000000	23028.000000
1772096162_A08	38579.000000	41561.000000
1772096152_F01	32969.000000	27104.000000
1772084018_H08	35434.000000	18268.000000
1772096094_H08	37000.000000	19020.000000
1772072240_B05	33711.000000	22638.000000
1772099070_D06	34442.000000	26444.000000
1772096108_D04	25254.000000	21640.000000
1772096152_B10	33261.000000	14769.000000
1772084018_C06	33924.000000	19365.000000
1772099071_D12	38320.000000	40198.000000
1772099305_D03	44553.000000	43900.000000
1772096085_E08	26035.000000	22874.000000
1772099090_A06	45010.000000	46181.000000
1772117103_D03	62932.000000	39898.000000
1772066101_H08	45707.000000	31248.000000
1772099040_F12	37523.000000	17565.000000
1772092009_D06	36456.000000	19680.000000
1772092013_G02	35035.000000	14328.000000
1772094143_H07	22931.000000	16822.000000
1772092284_D05	39242.000000	36445.000000
1772096135_B06	39396.000000	44759.000000
1772078022_B01	36920.000000	19863.000000
1772096100_G05	35012.000000	26416.000000
1772099301_A09	27234.000000	18042.000000
1772117111_G07	37123.000000	20232.000000
1862091022_C04	38302.000000	38925.000000
1772099080_C07	39394.000000	39669.000000
1772094135_C01	27543.000000	20817.000000
1772099041_D12	36516.000000	19076.000000
1772117159_D06	27207.000000	20380.000000
1862091028_A12	33674.000000	25921.000000
1772096152_G04	31893.000000	17790.000000
1772099154_A03	39011.000000	13498.000000
1772099194_B12	40770.000000	13182.000000
1862091037_A10	35869.000000	23869.000000
1772066098_D10	39105.000000	16829.000000
1772089194_C11	37017.000000	16830.000000
1772099012_A04	35149.000000	15794.000000
1772096106_G04	41201.000000	39288.000000
1862091113_H03	39048.000000	37986.000000
1772096087_C11	29792.000000	22941.000000
1772096100_E10	39280.000000	44224.000000
1772084018_H04	39935.000000	43605.000000
1772096152_A08	38549.000000	12583.000000
1772096117_B01	39497.000000	16297.000000
1862091029_B11	37419.000000	21838.000000
1862091114_B04	37375.000000	32551.000000
1772096100_A01	39835.000000	43174.000000
1772078024_E11	27659.000000	24310.000000
1862091024_C10	39117.000000	42429.000000
1772099044_A01	39051.000000	18738.000000
1772075305_H11	39200.000000	46499.000000
1772092276_A12	37380.000000	19970.000000
1772094135_C07	39496.000000	15151.000000
1772094125_D10	32984.000000	30880.000000
1772096084_B03	26010.000000	10936.000000
1772096100_E11	36851.000000	20103.000000
1772099034_F10	38318.000000	20273.000000
1772092276_D04	37722.000000	16467.000000
1772117159_E05	38753.000000	14637.000000
1772117100_C12	45506.000000	45610.000000
1772092308_D06	37878.000000	33488.000000
1772092314_B08	39988.000000	33984.000000
1772066110_F08	39498.000000	37991.000000
1772075304_G11	46054.000000	23704.000000
1772078029_H10	38560.000000	18571.000000
1772117103_H04	32896.000000	15999.000000
1772099010_E03	39673.000000	18018.000000
1772096085_E02	27383.000000	26312.000000
1772099200_A07	33778.000000	23078.000000
1772096133_B12	36865.000000	37929.000000
1772096128_H12	36473.000000	20882.000000
1772096173_C09	38654.000000	40519.000000
1862091052_A01	40158.000000	39379.000000
1772099302_E03	34445.000000	21039.000000
1772117156_E02	36963.000000	18181.000000
1772117108_B01	38187.000000	13840.000000
1772099301_D04	34192.000000	15063.000000
1772099001_H01	25890.000000	17411.000000
1862091118_C07	37048.000000	34585.000000
1772094135_E09	27369.000000	20469.000000
1772099012_E06	36693.000000	15097.000000
1771051147_G05	33816.000000	12379.000000
1772099091_E03	37168.000000	17533.000000
1772096154_B10	31209.000000	24342.000000
1772096141_C04	38782.000000	20443.000000
1772099027_H06	38041.000000	40664.000000
1772099045_G09	28131.000000	23653.000000
1772096099_C04	35109.000000	25858.000000
1772096148_H03	39058.000000	19642.000000
1772078029_G10	30771.000000	26579.000000
1772099153_A06	42741.000000	45549.000000
1772117160_C10	46472.000000	46342.000000
1772117161_A12	38081.000000	19337.000000
1772096083_D09	38183.000000	16241.000000
1772092290_D09	38840.000000	36869.000000
1772096148_G12	37861.000000	19395.000000
1862091045_A12	38915.000000	43203.000000
1772096101_D11	34404.000000	23686.000000
1772089200_D01	25104.000000	23467.000000
1772099011_B04	25778.000000	19120.000000
1772084017_H12	30573.000000	27526.000000
1772096148_C03	35133.000000	16766.000000
1772096133_D10	45863.000000	31139.000000
1772096110_D01	38459.000000	16993.000000
1772096108_G11	33244.000000	23006.000000
1772071041_G10	39892.000000	35936.000000
1772096150_G12	35069.000000	17912.000000
1772099093_H11	43618.000000	45919.000000
1772099196_D08	38434.000000	34059.000000
1772099042_A12	37977.000000	20064.000000
1772096084_A10	36832.000000	22347.000000
1772099008_B07	36316.000000	16774.000000
1772067060_A02	37455.000000	34642.000000
1772092010_H12	38469.000000	37659.000000
1772099030_B07	38566.000000	18494.000000
1772099047_H10	34781.000000	23991.000000
1772099001_B03	36801.000000	21715.000000
1772096138_A05	40140.000000	18418.000000
1772089188_G04	37357.000000	17903.000000
1772096086_B05	29334.000000	21511.000000
1772092011_D02	49883.000000	38688.000000
1772099008_C04	33339.000000	22445.000000
1772096084_C06	39523.000000	44589.000000
1772099008_G06	32297.000000	21964.000000
1772078017_D12	36622.000000	21987.000000
1772096099_B05	34945.000000	26488.000000
1772096103_F08	38612.000000	40219.000000
1772096083_G03	32862.000000	25075.000000
1862091022_A08	39255.000000	43258.000000
1772096110_D03	30874.000000	22575.000000
1772117156_C04	27050.000000	19051.000000
1772096094_D03	27765.000000	20342.000000
1772099044_D08	32931.000000	15954.000000
1772117160_D08	36102.000000	21340.000000
1772099038_F04	39300.000000	18946.000000
1772099046_H01	35755.000000	16242.000000
1772067076_B09	28856.000000	23378.000000
1772092011_G05	35837.000000	20363.000000
1862091052_H08	35515.000000	23230.000000
1772117158_E01	32491.000000	22166.000000
1772096146_E06	34151.000000	18991.000000
1772089199_D08	35619.000000	18057.000000
1772096162_H01	39428.000000	44505.000000
1771051147_D12	27345.000000	17053.000000
1772125090_G03	24874.000000	21520.000000
1772096116_E03	36447.000000	24055.000000
1771051164_H02	27118.000000	14466.000000
1772117059_F06	36890.000000	9675.000000
1772117014_D01	39965.000000	10394.000000
1771051163_A04	37961.000000	5745.000000
1772117154_G12	33957.000000	9048.000000
1772099298_G10	31544.000000	14202.000000
1772099014_B12	39698.000000	9683.000000
1772099314_F10	32426.000000	12279.000000
1772099041_F04	40835.000000	43715.000000
1772096148_B07	28038.000000	6688.000000
1772117103_B04	34374.000000	16506.000000
1772096148_H04	34096.000000	4236.000000
1772117124_C04	45135.000000	46239.000000
1772099302_C08	38824.000000	13899.000000
1772062109_H02	39025.000000	35247.000000
1772099298_C08	37440.000000	11149.000000
1772096126_H11	37241.000000	16218.000000
1772099301_C02	33500.000000	15229.000000
1772099298_D06	39492.000000	7734.000000
1772117055_D04	43700.000000	46563.000000
1772092008_B12	39997.000000	46294.000000
1772062115_G12	35873.000000	11318.000000
1772117096_D10	38067.000000	10089.000000
1772117097_C08	34984.000000	11685.000000
1772072242_C05	37778.000000	11381.000000
1772117055_E04	45899.000000	46179.000000
1772092008_H02	37729.000000	9191.000000
1772099040_H12	39037.000000	13707.000000
1862091023_A07	39711.000000	12557.000000
1772099043_A08	40096.000000	13397.000000
1772072240_H10	38406.000000	8307.000000
1772096131_A08	40514.000000	9654.000000
1772117111_D02	37921.000000	13137.000000
1772117123_E10	36773.000000	7620.000000
1772117057_C07	42558.000000	45692.000000
1772072242_B09	32510.000000	14239.000000
1772117014_A05	38380.000000	6012.000000
1772099092_F11	43340.000000	45832.000000
1772099040_C04	37535.000000	14197.000000
1772099011_D12	19969.000000	13610.000000
1772117123_C05	46470.000000	46496.000000
1772117108_C10	37043.000000	14600.000000
1772117037_A11	34119.000000	9690.000000
1772092005_D05	40142.000000	14611.000000
1772062113_F12	33889.000000	13980.000000
1772117028_F10	39489.000000	13640.000000
1772096149_C11	28047.000000	11635.000000
1772089194_E10	36491.000000	7987.000000
1772099093_H08	44281.000000	43683.000000
1772063079_A12	40441.000000	31610.000000
1772062114_A08	32479.000000	2780.000000
1772067066_H05	37382.000000	5894.000000
1772099153_D03	27650.000000	14391.000000
1772072242_F02	36659.000000	5174.000000
1772099298_D11	35705.000000	11476.000000
1772099301_B01	30414.000000	15908.000000
1772117159_F03	42910.000000	42273.000000
1772117096_F02	46241.000000	32720.000000
1772099010_B02	28358.000000	14493.000000
1772092264_A10	39955.000000	32604.000000
1772099315_D12	30749.000000	10823.000000
1772096151_E04	23497.000000	13414.000000
1772096108_G04	28277.000000	7408.000000
1772096154_F06	27563.000000	9554.000000
1771051146_C12	38736.000000	8750.000000
1772117015_H12	36972.000000	8015.000000
1772067064_G04	30805.000000	7754.000000
1772096110_G01	34130.000000	10396.000000
1772096149_E06	28133.000000	7820.000000
1772117160_B10	33231.000000	5519.000000
1772117103_G05	38526.000000	7836.000000
1772117137_E03	37797.000000	8014.000000
1772117014_B07	35871.000000	7673.000000
1772117104_A12	29984.000000	16662.000000
1772099092_E05	36192.000000	12869.000000
1772117039_A01	36824.000000	11929.000000
1772067092_G04	33617.000000	12765.000000
1771051146_G12	36018.000000	8413.000000
1772099152_E01	36111.000000	5345.000000
1771051167_H12	20972.000000	57288.000000
1772117028_A12	35005.000000	11332.000000
1772067094_E11	40040.000000	9515.000000
1771051167_F06	40838.000000	10286.000000
1772117028_E10	36331.000000	14770.000000
1772099298_B05	35480.000000	13335.000000
1772099303_E05	36761.000000	5851.000000
1772096132_E08	40143.000000	16485.000000
1772117097_A07	44497.000000	45848.000000
1771051165_H12	38833.000000	7739.000000
1771051167_D02	34364.000000	8819.000000
1771051165_E09	36584.000000	5110.000000
1772099040_G10	39795.000000	10329.000000
1772058147_C05	40140.000000	16856.000000
1772096102_H04	40532.000000	11730.000000
1772063061_F12	38901.000000	14094.000000
1772096171_B12	39918.000000	43706.000000
1772062113_D12	40199.000000	33412.000000
1772089205_C04	37872.000000	32988.000000
1772096132_B06	32302.000000	12495.000000
1771051167_G11	35338.000000	13806.000000
1772117029_D09	35081.000000	11955.000000
1772099039_G12	39659.000000	7637.000000
1772117031_G11	34438.000000	15579.000000
1772117151_F06	38936.000000	8473.000000
1771051167_D08	38740.000000	11132.000000
1772099301_C12	38510.000000	11802.000000
1772117059_A10	37179.000000	16403.000000
1772125087_G03	26790.000000	14401.000000
1772117057_E05	37068.000000	8253.000000
1772092276_D09	36241.000000	10429.000000
1772062115_A06	40375.000000	31324.000000
1772099042_A02	46663.000000	45497.000000
1772089194_A03	38982.000000	11795.000000
1772092314_D03	39807.000000	36390.000000
1772096099_A04	39886.000000	43225.000000
1772078019_G11	45541.000000	23165.000000
1772096108_B03	37591.000000	15475.000000
1862091053_A03	39580.000000	17167.000000
1772072242_C07	32812.000000	3149.000000
1772062115_E07	39855.000000	13724.000000
1772063063_E02	39623.000000	34007.000000
1772092010_D12	38958.000000	12147.000000
1772092010_E07	40090.000000	15147.000000
1772099298_E08	37873.000000	8640.000000
1772117057_E12	38219.000000	8907.000000
1772117059_A03	26087.000000	59131.000000
1772117059_E10	45607.000000	46131.000000
1772096102_H06	40628.000000	14018.000000
1772089201_A12	32435.000000	2562.000000
1772060224_H11	40235.000000	36482.000000
1772117029_H04	35807.000000	10492.000000
1772096156_C07	41101.000000	38468.000000
1772063074_A12	38111.000000	5484.000000
1772117111_F03	35354.000000	3242.000000
1772099009_F07	23271.000000	16229.000000
1772117096_H05	38740.000000	10759.000000
1772099304_F12	33028.000000	7683.000000
1772099298_A02	30851.000000	15312.000000
1772096133_C11	40831.000000	43948.000000
1772099302_H05	33399.000000	12098.000000
1772117111_H06	38033.000000	12690.000000
1772099042_E04	40507.000000	9846.000000
1772063070_G01	40295.000000	35930.000000
1772117107_C01	37456.000000	12260.000000
1772096108_C10	40692.000000	12910.000000
1772117099_A12	37661.000000	12147.000000
1772099092_G05	29565.000000	7019.000000
1772117108_D06	35637.000000	9051.000000
1772063064_E03	34443.000000	2572.000000
1772117101_G04	30229.000000	10101.000000
1772099040_D06	33434.000000	13463.000000
1772060224_B05	29677.000000	17817.000000
1771051164_B03	39107.000000	9533.000000
1771051165_C03	39195.000000	8960.000000
1772092265_B05	39846.000000	34346.000000
1771051165_F08	40219.000000	8575.000000
1772078030_B01	39199.000000	15329.000000
1771051164_D01	36036.000000	8238.000000
1771051165_D05	39121.000000	6897.000000
1772099083_C11	35777.000000	4077.000000
1772062111_B02	40413.000000	35110.000000
1772084018_F06	28892.000000	11861.000000
1772117055_G10	46524.000000	46114.000000
1772117103_A03	32722.000000	13493.000000
1772067059_A01	39615.000000	33844.000000
1772099042_C12	40845.000000	10905.000000
1772099043_B10	38414.000000	5359.000000
1772117111_C10	38287.000000	7342.000000
1772117028_F02	31575.000000	5252.000000
1772117037_G07	32281.000000	13350.000000
1772096136_H01	39830.000000	12215.000000
1772096145_E12	39919.000000	11441.000000
1771051167_A05	39810.000000	8712.000000
1772117031_B02	38422.000000	11197.000000
1771051167_G03	35174.000000	7478.000000
1772099003_A04	31539.000000	2823.000000
1772099092_A05	34023.000000	8271.000000
1772096144_E12	40323.000000	41250.000000
1772117137_G01	45807.000000	45941.000000
1772067054_A06	40074.000000	29513.000000
1772072240_F08	36839.000000	10408.000000
1772117123_F08	29594.000000	13630.000000
1772117107_E04	38161.000000	8673.000000
1772099043_C03	40556.000000	12078.000000
1772096162_D12	40291.000000	15099.000000
1772072240_H06	40532.000000	14403.000000
1772072240_F12	40988.000000	11083.000000
1772072240_G02	39709.000000	13352.000000
1772062114_B12	40159.000000	32774.000000
1772099039_A12	39270.000000	9031.000000
1772096100_G02	39680.000000	44376.000000
1772099036_H09	41222.000000	44446.000000
1772096132_H05	40730.000000	10231.000000
1772096103_D09	40277.000000	43316.000000
1772092005_G12	40163.000000	12441.000000
1772092265_D04	39142.000000	33243.000000
1772092010_D11	39831.000000	17468.000000
1772063065_H06	39028.000000	6674.000000
1772099011_E06	37442.000000	8979.000000
1772099042_G12	37081.000000	15866.000000
1772063061_G11	37651.000000	5222.000000
1772096096_B09	40276.000000	38855.000000
1772096136_D04	39498.000000	44928.000000
1771017036_B06	38649.000000	6046.000000
1772092012_G05	40187.000000	13284.000000
1771051165_E06	39614.000000	7436.000000
1771051167_H06	40965.000000	12141.000000
1772117015_H02	39476.000000	10054.000000
1771051146_C04	38642.000000	9375.000000
1771051146_E06	40639.000000	10709.000000
1772117028_A08	40367.000000	13657.000000
1772117031_A04	40637.000000	12046.000000
1772099315_F11	36568.000000	14439.000000
1772117160_A09	37165.000000	8517.000000
1772117097_E04	38935.000000	12063.000000
1772117097_B10	40353.000000	9232.000000
1772117097_D12	37262.000000	8991.000000
1772117055_C02	48580.000000	40510.000000
1772117099_A09	29607.000000	17870.000000
1772096132_G06	40405.000000	16620.000000
1772096171_A04	40839.000000	12244.000000
1772092295_F11	36854.000000	11572.000000
1772060240_F10	40308.000000	32068.000000
1772092304_B10	40379.000000	13137.000000
1772063078_D09	39843.000000	33367.000000
1772063078_D05	40326.000000	35450.000000
1772072240_E01	45342.000000	44729.000000
1772092303_F08	40204.000000	30110.000000
1772096162_B06	40212.000000	42950.000000
1772063068_F10	39707.000000	32738.000000
1772099044_C05	39917.000000	13515.000000
1772062115_B03	289.000000	65185.000000
1772092296_A08	39546.000000	27339.000000
1772078023_B03	40169.000000	13502.000000
1772096099_B12	40421.000000	16427.000000
1772063079_F08	40282.000000	33407.000000
1772092010_A03	39512.000000	15786.000000
1772092262_G01	40438.000000	13978.000000
1772096108_A03	40814.000000	13590.000000
1772096116_E05	29005.000000	13805.000000
1772062118_G06	40321.000000	10580.000000
1772096162_C01	39514.000000	15316.000000
1772094143_D08	30852.000000	4557.000000
1772063065_A02	39637.000000	33971.000000
1772096103_E08	40855.000000	14372.000000
1772063068_A09	40128.000000	32771.000000
1772117014_H04	36287.000000	10303.000000
1771051165_G04	40829.000000	11413.000000
1771051167_G09	36070.000000	12045.000000
1772117015_B02	36761.000000	6521.000000
1772117015_H10	34331.000000	6706.000000
1772117013_F01	39079.000000	7708.000000
1771051146_B12	39137.000000	7851.000000
1772117029_E10	38360.000000	6084.000000
1772125087_C02	36009.000000	12183.000000
1772099304_B05	38688.000000	8807.000000
1772117151_F05	38179.000000	11670.000000
1772117154_D03	35869.000000	11585.000000
1772117160_F05	37599.000000	7579.000000
1772117111_A05	40833.000000	9816.000000
1772117123_E06	39464.000000	9477.000000
1772117107_B07	30699.000000	16257.000000
1772099101_E08	40349.000000	11581.000000
1772099037_C06	40215.000000	43974.000000
1772099037_F10	35039.000000	2636.000000
1772117096_G07	44364.000000	42695.000000
1772117012_F08	26505.000000	57926.000000
1772096162_C10	40390.000000	16675.000000
1771051150_F09	34862.000000	11406.000000
1772099305_C05	38797.000000	8228.000000
1772099003_B10	35735.000000	2627.000000
1772099316_G06	31991.000000	14542.000000
1772117123_C11	37786.000000	8608.000000
1772117103_B12	29870.000000	10437.000000
1772099086_B09	29942.000000	7220.000000
1772094131_G07	37348.000000	5091.000000
1771051165_F02	37030.000000	7761.000000
1772096103_D11	37729.000000	9985.000000
1772099040_C07	38460.000000	5859.000000
1772099034_A04	35727.000000	5962.000000
1772066098_F01	39584.000000	41641.000000
1772099041_C01	37799.000000	7865.000000
1772099028_C02	37422.000000	7244.000000
1771051167_B03	38402.000000	10548.000000
1772099298_A03	36105.000000	8686.000000
1772117158_E06	35588.000000	4917.000000
1772117031_D04	32983.000000	7225.000000
1772117111_B02	40478.000000	9431.000000
1772092304_E03	39687.000000	15074.000000
1772096173_D04	39804.000000	28122.000000
1772092314_G05	36225.000000	3394.000000
1772072240_E02	36407.000000	14007.000000
1772089205_G06	35268.000000	17227.000000
1772075305_D02	25023.000000	24897.000000
1772078029_E06	40545.000000	15121.000000
1772099037_F04	36419.000000	4839.000000
1772067074_D12	40467.000000	30395.000000
1772099039_H06	38337.000000	14326.000000
1772117035_A02	39368.000000	7514.000000
1771051165_F04	35581.000000	2672.000000
1772117154_E11	35787.000000	8577.000000
1772117029_B11	35522.000000	8271.000000
1772117013_D10	25998.000000	55131.000000
1772062128_C05	40388.000000	9123.000000
1772071014_D12	30084.000000	1729.000000
1772092264_E10	40433.000000	13711.000000
1772089195_B10	36186.000000	8318.000000
1772099303_C12	36830.000000	11952.000000
1771051165_B01	40089.000000	8465.000000
1772096110_B06	34973.000000	4221.000000
1772099041_A01	35947.000000	7508.000000
1772067074_F05	29419.000000	9355.000000
1772096106_H11	27987.000000	8425.000000
1772092318_A12	143.000000	65363.000000
1772099012_C06	34654.000000	10107.000000
1772099040_A06	40026.000000	14110.000000
1772117151_G03	28263.000000	7088.000000
1772117031_E10	35322.000000	8463.000000
1772117035_G10	32532.000000	8633.000000
1772099303_A05	37263.000000	13232.000000
1772117014_F04	38741.000000	11395.000000
1772078033_A06	20862.000000	16002.000000
1772099315_B07	30220.000000	8825.000000
1772099298_A04	37880.000000	9304.000000
1772060225_G06	40469.000000	35032.000000
1772067073_D10	32991.000000	3233.000000
1772072242_H05	38160.000000	15294.000000
1772117107_G07	29315.000000	17918.000000
1772117124_F04	31056.000000	8627.000000
1772072242_H06	40447.000000	14438.000000
1772096156_F11	39123.000000	14968.000000
1772117031_F06	33942.000000	7884.000000
1772099082_C03	36592.000000	3476.000000
1772099028_C04	38220.000000	16500.000000
1771051165_A02	35884.000000	6243.000000
1772117014_A12	39070.000000	10533.000000
1772117031_A01	29883.000000	7683.000000
1771051146_B02	38977.000000	6389.000000
1772060225_D07	36559.000000	3547.000000
1772096156_H10	33329.000000	1513.000000
1772096128_H06	36809.000000	4171.000000
1772096151_G03	40979.000000	12697.000000
1772072240_C01	36337.000000	3665.000000
1772062118_D10	39864.000000	28181.000000
1772096172_C08	40265.000000	12845.000000
1772096092_F01	36442.000000	3680.000000
1772099042_F07	40083.000000	9637.000000
1772096150_A03	37325.000000	4839.000000
1772071041_B04	35814.000000	3403.000000
1772096118_B11	36257.000000	7065.000000
1772096154_D02	27890.000000	5994.000000
1772096148_A02	36110.000000	5437.000000
1772078016_D03	40082.000000	39912.000000
1772099046_B12	29465.000000	8338.000000
1772092312_B09	35423.000000	9768.000000
1771051167_B04	40865.000000	13668.000000
1771051146_B11	35794.000000	11589.000000
1772117159_B04	29516.000000	6380.000000
1772117096_H04	37911.000000	9870.000000
1772060225_C04	35486.000000	2917.000000
1772096165_B11	40686.000000	13820.000000
1772099008_E04	29868.000000	3945.000000
1772117014_G01	41093.000000	12614.000000
1771051165_B02	39521.000000	9956.000000
1771051165_G03	40683.000000	10006.000000
1771051165_G07	40512.000000	9965.000000
1772099093_C12	38092.000000	10449.000000
1772117057_D05	37480.000000	4906.000000
1772099040_D04	35289.000000	3979.000000
1771051165_C05	38915.000000	9637.000000
1772117029_G12	36363.000000	8336.000000
1771051167_D05	39440.000000	7380.000000
1772060224_E09	36035.000000	7817.000000
1772117123_B07	26861.000000	14883.000000
1772063065_H08	39874.000000	32889.000000
1772117101_F12	35269.000000	5856.000000
1772078014_B10	40841.000000	10043.000000
1772078013_A05	39575.000000	10113.000000
1772099036_F06	32478.000000	2678.000000
1772099040_C11	40225.000000	9638.000000
1772099315_C01	37553.000000	11672.000000
1772117107_E05	35250.000000	8787.000000
1771051163_G02	36293.000000	9719.000000
1771051165_E10	34769.000000	4734.000000
1772096146_B02	23886.000000	14009.000000
1772099039_F11	40419.000000	9891.000000
1772096087_A10	40941.000000	14029.000000
1772062115_C10	37531.000000	6445.000000
1771051167_D06	40711.000000	10920.000000
1772117111_B07	36219.000000	13917.000000
1772117013_F06	37540.000000	7414.000000
1771051165_D04	40809.000000	12683.000000
1772117154_F12	46756.000000	46104.000000
1772099043_C12	40544.000000	13094.000000
1772099304_E08	45236.000000	46502.000000
1772099003_A11	35600.000000	11080.000000
1772096136_D12	40643.000000	10183.000000
1772117057_E06	37131.000000	13577.000000
1772117037_F06	33110.000000	11122.000000
1772117035_B11	35632.000000	10385.000000
1772096118_B04	38780.000000	13182.000000
1772099153_H06	31507.000000	14720.000000
1772117111_H09	37691.000000	8753.000000
1772099044_B08	40562.000000	10105.000000
1772096132_F08	39291.000000	43508.000000
1772099303_H04	36340.000000	13821.000000
1772117097_F06	37478.000000	11063.000000
1772117097_B06	36715.000000	13158.000000
1772117123_G01	36400.000000	13085.000000
1772117055_C08	27802.000000	14287.000000
1771051164_B01	36788.000000	5368.000000
1862091045_G05	39774.000000	17765.000000
1772099043_B01	40247.000000	12173.000000
1772096171_D11	39783.000000	13936.000000
1772096149_E03	40181.000000	40330.000000
1772096128_G09	40444.000000	43227.000000
1772099039_C03	40399.000000	13119.000000
1772096097_D08	39859.000000	40279.000000
1772072240_H11	40376.000000	13786.000000
1772099003_G12	38563.000000	7094.000000
1772099039_A05	39555.000000	11888.000000
1772099044_C01	46602.000000	46002.000000
1771051165_D09	40340.000000	7941.000000
1771051150_G11	39264.000000	9276.000000
1772099314_H11	40277.000000	13490.000000
1772099298_A11	36860.000000	8434.000000
1772099301_C04	39986.000000	19885.000000
1772117137_A04	31062.000000	6321.000000
1772117097_C09	37637.000000	10816.000000
1772096103_B06	39691.000000	20715.000000
1772063068_H06	40672.000000	12993.000000
1772092005_B06	37272.000000	4532.000000
1772084018_F05	30841.000000	4950.000000
1772089205_G11	41024.000000	11972.000000
1772072242_B10	39816.000000	14719.000000
1771051165_E07	38926.000000	8214.000000
1771051163_F06	40501.000000	9711.000000
1772099298_C02	35632.000000	28515.000000
1772099302_A07	34571.000000	14098.000000
1772099303_D11	36415.000000	13938.000000
1772117111_E04	38747.000000	12924.000000
1772117137_E04	37022.000000	11782.000000
1772117097_C06	37084.000000	11585.000000
1772117123_B04	36548.000000	12388.000000
1772117014_A02	30960.000000	9404.000000
1772099298_A08	34028.000000	12367.000000
1772099010_D10	29844.000000	7645.000000
1772072242_E11	40738.000000	14591.000000
1772092277_C10	38696.000000	14957.000000
1772089187_C03	40489.000000	14104.000000
1772117015_E10	36342.000000	8101.000000
1772099090_A01	33862.000000	7301.000000
1772117097_E10	40557.000000	14616.000000
1772117107_E12	39343.000000	13970.000000
1772117107_F12	37603.000000	11532.000000
1772117059_H12	38582.000000	10427.000000
1772096151_G05	35378.000000	7355.000000
1772117055_E05	46864.000000	46375.000000
1772096154_B02	34442.000000	10969.000000
1772117101_B05	45320.000000	46236.000000
1772117096_C05	32673.000000	8722.000000
1772117111_A11	38473.000000	8702.000000
1772117059_F11	37626.000000	12170.000000
1772092264_B12	27260.000000	46754.000000
1772117124_G12	38027.000000	9281.000000
1772099305_E05	45694.000000	46800.000000
1772096145_E07	39479.000000	46637.000000
1771051167_C02	37826.000000	7334.000000
1772099302_A02	35786.000000	13333.000000
1772125088_A04	31269.000000	8785.000000
1772117124_D05	46407.000000	46021.000000
1772099304_A04	40372.000000	10332.000000
1772117096_G12	39150.000000	10021.000000
1772117123_E05	36658.000000	11091.000000
1772072240_D01	35548.000000	13200.000000
1772072242_D04	25427.000000	58454.000000
1772117013_G11	38925.000000	10724.000000
1771051146_F06	38491.000000	8140.000000
1771051167_E08	30580.000000	8313.000000
1772117012_G05	33747.000000	6839.000000
1772062114_F08	39924.000000	13289.000000
1772060225_H10	40321.000000	35942.000000
1772092299_A10	39622.000000	32698.000000
1772117123_D02	39446.000000	31700.000000
1772092264_H08	39533.000000	14160.000000
1772063077_A12	35753.000000	3167.000000
1772062111_D05	32918.000000	3824.000000
1772117097_F03	37484.000000	12395.000000
1772117055_D06	44975.000000	44480.000000
1772062115_E04	29455.000000	9369.000000
1772117015_E05	31766.000000	11747.000000
1772117013_H04	35081.000000	10160.000000
1772089194_D12	40215.000000	11438.000000
1772099055_C01	39308.000000	14002.000000
1772117029_F09	21273.000000	57233.000000
1771051167_B06	40444.000000	9539.000000
1771051167_E02	36586.000000	7008.000000
1771051165_F09	31745.000000	11112.000000
1772078030_C12	37612.000000	16176.000000
1771051165_F12	38880.000000	8488.000000
1772117013_G12	39677.000000	10435.000000
1771051165_E03	39962.000000	9120.000000
1772099041_F11	38202.000000	11691.000000
1772099143_G04	36428.000000	4792.000000
1771051167_E05	40831.000000	10890.000000
1772117012_A05	35609.000000	10757.000000
1772117029_D05	35410.000000	7510.000000
1771051146_F03	34745.000000	10253.000000
1772099040_E06	39033.000000	9541.000000
1772117124_G05	45983.000000	45994.000000
1771051167_A07	38355.000000	8905.000000
1772117013_E01	35082.000000	10868.000000
1771051146_H06	40058.000000	8878.000000
1772099042_H10	21910.000000	58504.000000
1772117012_B11	35895.000000	9301.000000
1772099042_H06	39277.000000	11630.000000
1771051165_G01	40295.000000	9571.000000
1771051146_F05	36607.000000	11372.000000
1772117029_A02	35272.000000	7844.000000
1771051146_H08	36189.000000	9470.000000
1771051165_E04	39068.000000	13488.000000
1772117028_B05	37620.000000	10701.000000
1772099304_C04	36564.000000	10891.000000
1771051146_D05	36562.000000	14325.000000
1772117031_A11	35498.000000	8919.000000
1772117013_A08	32851.000000	11760.000000
1772117031_H06	27182.000000	14707.000000
1772117014_E11	32787.000000	9735.000000
1772117031_F05	31911.000000	13773.000000
1771051165_C07	38141.000000	11525.000000
1772117097_H08	46694.000000	46288.000000
1771051165_D10	40195.000000	9483.000000
1772117014_E12	38779.000000	10054.000000
1771051146_A09	36279.000000	9735.000000
1772117031_A07	35899.000000	9043.000000
1771051167_B01	37671.000000	8901.000000
1772117029_B10	37003.000000	11802.000000
1771051165_H02	38131.000000	8529.000000
1771051165_D02	39435.000000	10369.000000
1772117015_D11	36626.000000	11931.000000
1772117014_G07	40291.000000	9222.000000
1772117028_A09	34690.000000	14972.000000
1772117014_D06	36467.000000	11297.000000
1772117029_C07	35574.000000	13055.000000
1772117014_H11	26940.000000	14166.000000
1772117028_D07	33598.000000	17608.000000
1772117029_D01	37195.000000	12607.000000
1771051146_G02	34127.000000	9638.000000
1772117031_A02	34357.000000	10133.000000
1772117028_F07	33089.000000	10697.000000
1772117013_B06	39721.000000	8885.000000
1772096172_A02	40287.000000	14144.000000
1772117031_C05	40442.000000	8617.000000
1772117029_G11	35666.000000	9414.000000
1771051164_F07	35655.000000	9506.000000
1771051165_D12	40112.000000	10022.000000
1772117031_A05	39324.000000	12535.000000
1772117031_D10	39318.000000	11554.000000
1771017034_B07	39770.000000	9126.000000
1772117015_A09	38896.000000	12819.000000
1771051146_B10	38252.000000	6642.000000
1771051146_C01	39856.000000	10381.000000
1771051165_G09	40090.000000	8478.000000
1772099215_A03	38134.000000	11846.000000
1772117021_C01	39586.000000	7548.000000
1771051167_H07	38294.000000	11392.000000
1772117012_F01	39536.000000	8673.000000
1772099215_A01	41754.000000	42177.000000
1772117013_H09	33541.000000	7582.000000
1772117013_E12	30471.000000	13680.000000
1772117124_E03	45175.000000	46556.000000
1772117031_H10	27451.000000	14709.000000
1772117013_H11	34896.000000	9928.000000
1771051164_G11	33238.000000	11335.000000
1771017034_D09	40002.000000	10023.000000
1771051164_F03	32389.000000	11916.000000
1772117029_G06	35373.000000	9957.000000
1772117029_B07	36393.000000	9701.000000
1772117035_C07	29175.000000	14838.000000
1771051163_D02	36961.000000	7489.000000
1772117034_B02	33725.000000	10358.000000
1771051150_C08	33551.000000	11432.000000
1771051150_D04	39561.000000	8610.000000
1772117029_E06	35857.000000	8006.000000
1772117037_H11	32629.000000	11901.000000
1772117034_C03	27456.000000	13827.000000
1772117034_C10	28931.000000	13155.000000
1772099039_C06	38844.000000	9760.000000
1772117055_A02	49153.000000	39559.000000
1772117034_H11	30619.000000	9349.000000
1772117028_D04	34771.000000	9034.000000
1772117035_D10	30248.000000	17001.000000
1771051150_C05	35100.000000	8347.000000
1772117035_B09	33395.000000	6294.000000
1772117034_G04	35954.000000	10455.000000
1772117034_H10	27919.000000	14301.000000
1772117034_F06	31896.000000	11109.000000
1771051150_F02	31288.000000	9669.000000
1772117035_A07	33374.000000	11762.000000
1772117031_E12	20984.000000	57185.000000
1772117035_F11	27568.000000	14033.000000
1772117035_D02	27069.000000	13392.000000
1772117037_E10	29184.000000	11256.000000
1772117035_D07	37795.000000	10731.000000
1772117035_D04	28203.000000	14533.000000
1772117034_F09	32968.000000	12227.000000
1771051164_D08	36184.000000	9910.000000
1772117035_B10	28687.000000	12760.000000
1771051150_F03	33442.000000	10818.000000
1772117055_G11	30473.000000	15345.000000
1772117037_A06	31358.000000	12610.000000
1772117037_H04	31009.000000	11498.000000
1772117034_A09	36598.000000	9944.000000
1772117037_G08	28139.000000	13246.000000
1772117034_C04	25716.000000	15333.000000
1771051150_B08	35918.000000	8013.000000
1772117037_A01	31913.000000	8971.000000
1771051150_C06	40203.000000	8469.000000
1772117035_C12	31575.000000	13318.000000
1772117034_G01	33487.000000	12896.000000
1772117029_A01	36045.000000	7831.000000
1771051150_A07	36145.000000	10189.000000
1772117034_H07	29141.000000	14352.000000
1771051150_B11	34797.000000	9074.000000
1771051150_B03	36994.000000	10617.000000
1772117034_B06	29480.000000	13812.000000
1771051150_H08	33049.000000	8798.000000
1772117034_F08	27108.000000	15606.000000
1771051150_A02	32619.000000	12658.000000
1771051150_D03	36824.000000	9215.000000
1771051150_D12	38734.000000	8577.000000
1772117034_E05	32577.000000	12627.000000
1772117035_A06	26743.000000	15268.000000
1771051150_G12	32636.000000	8850.000000
1772117037_B11	32868.000000	8619.000000
1772117034_D07	33058.000000	12827.000000
1772117034_E03	34644.000000	10054.000000
1772117034_B01	33522.000000	12295.000000
1771051164_D03	33061.000000	11410.000000
1772117035_B05	32738.000000	12148.000000
1772117034_D06	31981.000000	12621.000000
1771051150_D09	32357.000000	9299.000000
1771051150_E07	31850.000000	12263.000000
1772117035_G02	28983.000000	12684.000000
1772117035_D05	33007.000000	11391.000000
1771051150_G09	31996.000000	12104.000000
1772117034_G03	27633.000000	14302.000000
1771051146_G03	35039.000000	10828.000000
1771051150_B07	31016.000000	11705.000000
1772117035_F06	27073.000000	14530.000000
1772117035_A10	28071.000000	14460.000000
1772117034_C08	36089.000000	9864.000000
1772062116_A02	31007.000000	8950.000000
1772096144_D12	41654.000000	42573.000000
1771051146_G07	32960.000000	11927.000000
1772117034_G05	32287.000000	12435.000000
1772117035_C03	32019.000000	11899.000000
1772117034_D03	31908.000000	11251.000000
1772117029_H09	31628.000000	10799.000000
1772117111_H11	30716.000000	8291.000000
1772117057_D12	37382.000000	8045.000000
1772117037_C06	36105.000000	10326.000000
1772117035_D12	36224.000000	9411.000000
1772117035_A04	39813.000000	8327.000000
1772117035_F01	33774.000000	10555.000000
1772117037_G02	33007.000000	11734.000000
1772117037_G09	40377.000000	9598.000000
1772117037_A02	39608.000000	8686.000000
1772117035_B01	35407.000000	11320.000000
1772117037_G10	26415.000000	15425.000000
1772063074_H10	40023.000000	30760.000000
1772117037_H02	33839.000000	12640.000000
1772117034_A12	29802.000000	13535.000000
1772117034_A03	27377.000000	14441.000000
1772117037_F12	34777.000000	9773.000000
1772117034_C02	32323.000000	11504.000000
1772117035_G09	32395.000000	10802.000000
1772117034_A11	29114.000000	14093.000000
1772117037_H12	31157.000000	11592.000000
1772117035_E06	33633.000000	11312.000000
1772117037_E07	38725.000000	8158.000000
1772117012_D05	38535.000000	8909.000000
1772117037_E03	33429.000000	10606.000000
1771051150_F08	33682.000000	11373.000000
1771051164_H03	29450.000000	11939.000000
1772117034_H12	33023.000000	8909.000000
1772117037_H10	30922.000000	11901.000000
1772117035_G04	37674.000000	9270.000000
1772117034_B05	38863.000000	7635.000000
1771051164_F09	29195.000000	12150.000000
1772117013_D11	28593.000000	13406.000000
1772117035_C01	34201.000000	11196.000000
1772063061_E07	40240.000000	30942.000000
1772117034_C05	35246.000000	12087.000000
1772063078_G08	40042.000000	35811.000000
1771051163_F10	37935.000000	7307.000000
1772117137_B06	36928.000000	11900.000000
1772117034_G10	34656.000000	9947.000000
1772072243_A08	44069.000000	45790.000000
1772117034_A06	32715.000000	8614.000000
1771051163_F02	39962.000000	8334.000000
1772099303_B01	38917.000000	10527.000000
1771051164_F11	34821.000000	10590.000000
1771051163_G09	36710.000000	6533.000000
1772117108_H07	45560.000000	45320.000000
1772117012_H10	36447.000000	10200.000000
1772117034_E09	36183.000000	8043.000000
1772060225_A12	37351.000000	5039.000000
1772117014_G06	35242.000000	6628.000000
1772117035_D03	40565.000000	10615.000000
1771051164_H06	34461.000000	10875.000000
1772117123_E11	35706.000000	5920.000000
1772062113_G09	40429.000000	33942.000000
1772117035_F10	37285.000000	6728.000000
1771051164_F08	30895.000000	10904.000000
1772099042_G11	39299.000000	8417.000000
1772117096_F05	45735.000000	46413.000000
1771051163_G06	38825.000000	9777.000000
1771051164_G04	34950.000000	10857.000000
1772117101_D06	32426.000000	15207.000000
1771051146_G04	35915.000000	11166.000000
1772099041_B02	36508.000000	8935.000000
1771051164_H01	31675.000000	11339.000000
1772099092_G02	25202.000000	15515.000000
1772096108_D09	28024.000000	7672.000000
1772096154_D08	30940.000000	2922.000000
1772117108_B03	28377.000000	11358.000000
1772117028_C07	35849.000000	8021.000000
1772072242_G11	26548.000000	13147.000000
1772117103_C11	33234.000000	13166.000000
1772099092_A09	35819.000000	11769.000000
1772099315_D11	33302.000000	7336.000000
1772117037_B04	31279.000000	10897.000000
1772117104_H07	28366.000000	11904.000000
1772078024_B04	40003.000000	29387.000000
1772117124_D04	44756.000000	45734.000000
1772063064_D09	40132.000000	35422.000000
1772099093_B02	29987.000000	9367.000000
1772099010_D11	40767.000000	39244.000000
1772117096_A11	34355.000000	6907.000000
1772099298_C03	36541.000000	11449.000000
1772117059_E02	31776.000000	11436.000000
1772096151_C08	33937.000000	7078.000000
1772096151_A05	36707.000000	5608.000000
1772117104_D09	25900.000000	16245.000000
1772117037_D10	31349.000000	11069.000000
1772099092_D07	32724.000000	12509.000000
1772117057_G01	28260.000000	11779.000000
1772089199_B03	35465.000000	4888.000000
1771051164_D06	35153.000000	9840.000000
1772117107_G09	45116.000000	45046.000000
1772099303_G04	35629.000000	11428.000000
1772117035_B03	34251.000000	10882.000000
1772099303_E12	36031.000000	4784.000000
1772099154_G11	27183.000000	17273.000000
1772096148_E05	26628.000000	11582.000000
1772117151_D11	47116.000000	46178.000000
1772117159_G05	45170.000000	46472.000000
1772067069_D04	21128.000000	17182.000000
1772071040_C10	26843.000000	10912.000000
1772117123_G03	32815.000000	12336.000000
1772099315_H08	24071.000000	15055.000000
1772099298_H06	35608.000000	7803.000000
1772099316_H08	44096.000000	44039.000000
1772117100_C04	24673.000000	17247.000000
1772099315_E01	33949.000000	12190.000000
1772099092_F12	37190.000000	10954.000000
1772067064_B10	26996.000000	11326.000000
1772099315_G01	24589.000000	16875.000000
1772099315_E12	39952.000000	11186.000000
1772117055_F04	36728.000000	12147.000000
1772063079_F09	35681.000000	7000.000000
1772063074_F12	36542.000000	4516.000000
1772117111_F06	35454.000000	8693.000000
1772063070_C06	40159.000000	33385.000000
1772117100_D12	27795.000000	16519.000000
1772099304_D08	28293.000000	14033.000000
1772099301_G02	32942.000000	14560.000000
1772099305_B04	29726.000000	15660.000000
1772067073_E11	28262.000000	8307.000000
1772062118_D02	30884.000000	6355.000000
1772099304_H01	28688.000000	11835.000000
1772099302_D07	31612.000000	8841.000000
1772117097_D06	26724.000000	12974.000000
1772062116_F05	29094.000000	10455.000000
1772117097_A02	25860.000000	14187.000000
1772099090_H09	25810.000000	14704.000000
1772099304_G10	35098.000000	11411.000000
1772117123_H12	31552.000000	10640.000000
1772099090_D05	23677.000000	14723.000000
1772099298_C12	37445.000000	11182.000000
1772071036_G02	40238.000000	36660.000000
1772099303_A06	37173.000000	8637.000000
1772117124_H03	26659.000000	13622.000000
1772099298_B10	34524.000000	11218.000000
1772117059_G10	31212.000000	9434.000000
1772117097_A06	30317.000000	15064.000000
1772099302_C05	33678.000000	7879.000000
1771051164_G01	28378.000000	12694.000000
1772117097_G06	26221.000000	14713.000000
1772117059_H10	28814.000000	12549.000000
1772096149_A01	25528.000000	16206.000000
1772117096_F09	27576.000000	15066.000000
1772072243_D04	26390.000000	13558.000000
1772067064_D10	26946.000000	10713.000000
1772099302_A01	27676.000000	15418.000000
1772117100_D06	44710.000000	45225.000000
1772099305_G06	31251.000000	9362.000000
1772071040_C04	27164.000000	9685.000000
1772117059_G07	26136.000000	16493.000000
1772117111_A02	36324.000000	9777.000000
1772117102_D10	25879.000000	15796.000000
1772099304_E06	31178.000000	10367.000000
1772117059_E06	46783.000000	46188.000000
1772117096_F06	29992.000000	15462.000000
1772117124_F10	30121.000000	11794.000000
1772099092_E07	33428.000000	13901.000000
1772099090_F10	27066.000000	12924.000000
1772117104_C12	45418.000000	46243.000000
1772117059_E11	30900.000000	12951.000000
1772117124_A09	46344.000000	45811.000000
1772117158_B07	35902.000000	13602.000000
1772099303_H03	44439.000000	45971.000000
1772117111_G09	37471.000000	8890.000000
1772099302_E10	37835.000000	9679.000000
1772099298_H10	32969.000000	12966.000000
1772117123_H07	46127.000000	23741.000000
1772117102_H01	44338.000000	43900.000000
1772117099_E05	30382.000000	12133.000000
1772117160_B04	37819.000000	12504.000000
1772092004_C01	40340.000000	11099.000000
1772099298_A12	39954.000000	11961.000000
1772117111_H03	38893.000000	11702.000000
1772117057_G02	45980.000000	23585.000000
1772092277_B10	39694.000000	31765.000000
1772063061_D05	40101.000000	32136.000000
1772099303_F11	37519.000000	10397.000000
1772099298_E05	39084.000000	12815.000000
1772117014_H02	38438.000000	10101.000000
1772092306_H05	39488.000000	7779.000000
1772117161_D02	38722.000000	13204.000000
1772117055_B08	31650.000000	13825.000000
1772094138_H04	37172.000000	5727.000000
1772117097_G11	38246.000000	14531.000000
1772078018_G11	30256.000000	6555.000000
1772066080_B04	26599.000000	10674.000000
1772060225_B06	39867.000000	32266.000000
1772099003_B09	34584.000000	6372.000000
1772099316_E10	43514.000000	45501.000000
1771051167_A11	38817.000000	6815.000000
1772117097_F04	37829.000000	9285.000000
1771051146_C09	29546.000000	18149.000000
1772117037_A04	32385.000000	7693.000000
1772117034_F12	30609.000000	16957.000000
1772099304_B06	37993.000000	10924.000000
1772117096_B11	46247.000000	45511.000000
1772062118_D05	33189.000000	8070.000000
1772117124_G03	45754.000000	45113.000000
1772063074_G10	32012.000000	3295.000000
1772117124_E06	45590.000000	46036.000000
1772117057_E11	35096.000000	13902.000000
1771051150_G01	36521.000000	11434.000000
1772092012_A04	39457.000000	8204.000000
1772063077_F04	40181.000000	30115.000000
1772117057_A11	37481.000000	9420.000000
1772078018_A07	39042.000000	46568.000000
1772099012_A07	26279.000000	13176.000000
1772099044_E06	40263.000000	13340.000000
1772066076_E05	36155.000000	5799.000000
1772089186_B01	39586.000000	7171.000000
1772117029_C09	36557.000000	8455.000000
1772117022_H06	37751.000000	9760.000000
1772117096_E12	46788.000000	46360.000000
1772062115_B08	30180.000000	8955.000000
1772063079_C12	29553.000000	8766.000000
1772099009_C12	36117.000000	12322.000000
1772078024_E12	39440.000000	33541.000000
1772096136_C06	40279.000000	9386.000000
1772060226_D04	31570.000000	14341.000000
1772099298_B04	35606.000000	12357.000000
1772099302_B04	36774.000000	10819.000000
1772117097_E12	33813.000000	13384.000000
1772117031_B06	35388.000000	10546.000000
1772099011_H06	34009.000000	13523.000000
1772099090_E01	35810.000000	9214.000000
1772117124_D12	45643.000000	46133.000000
1772099304_B10	35957.000000	13861.000000
1772117111_C11	37679.000000	7194.000000
1772099303_G12	37388.000000	10220.000000
1772099298_D10	37078.000000	10095.000000
1771051146_H05	35877.000000	12214.000000
1772117123_C04	46037.000000	46356.000000
1772117111_A08	40076.000000	9455.000000
1772117031_E08	35995.000000	10414.000000
1772117059_C06	27657.000000	13749.000000
1772117097_D10	35547.000000	12040.000000
1772117057_H08	28707.000000	10791.000000
1772099305_A03	37148.000000	10934.000000
1772099303_B02	36289.000000	13222.000000
1772117059_D04	38286.000000	13283.000000
1772117035_C05	39429.000000	8100.000000
1772099298_B02	33210.000000	15291.000000
1772117096_G04	37423.000000	10126.000000
1772099040_B11	40188.000000	9996.000000
1772117057_G07	36932.000000	13452.000000
1772062114_C06	40147.000000	30555.000000
1772072242_A03	38234.000000	13496.000000
1772117111_D04	36575.000000	7074.000000
1772099305_E11	36420.000000	9688.000000
1772096162_E12	39925.000000	14287.000000
1772062118_C10	36100.000000	5498.000000
1772117059_B12	38110.000000	11988.000000
1772099316_G10	37410.000000	10130.000000
1772062113_C09	35555.000000	2664.000000
1772075310_E03	36547.000000	30606.000000
1772117123_C06	39336.000000	8337.000000
1772092005_B01	38742.000000	16145.000000
1772099305_H04	36869.000000	9853.000000
1772117111_A10	37454.000000	13011.000000
1772099042_H12	39976.000000	9642.000000
1772099304_D06	37609.000000	12355.000000
1772117059_C10	39495.000000	14986.000000
1772117111_H02	39093.000000	12673.000000
1772117097_A12	37957.000000	8925.000000
1772117124_G10	46503.000000	46217.000000
1772117124_H11	36979.000000	12541.000000
1772117057_C04	37887.000000	11736.000000
1772063079_A06	33567.000000	2890.000000
1772117096_B04	45858.000000	46122.000000
1772094140_D09	40027.000000	36791.000000
1772117123_D03	49693.000000	38996.000000
1772117097_C04	38867.000000	9468.000000
1772117111_B06	46922.000000	46134.000000
1772062114_A06	40377.000000	32081.000000
1772117057_D04	30121.000000	10865.000000
1772099316_G08	38114.000000	12490.000000
1772117097_E07	37754.000000	7284.000000
1772099298_B11	32766.000000	12869.000000
1772063079_E09	49736.000000	38935.000000
1772099314_D11	32389.000000	12343.000000
1772117034_E07	33203.000000	8002.000000
1772117123_H08	28997.000000	15704.000000
1772117057_B12	38422.000000	10420.000000
1772117096_H11	34202.000000	12479.000000
1772117124_A04	45986.000000	46421.000000
1772117012_H11	46416.000000	31323.000000
1772117097_A11	35820.000000	14791.000000
1772117059_H11	29859.000000	17295.000000
1772060225_G07	40173.000000	33538.000000
1772099304_A05	38493.000000	10455.000000
1772066089_F12	40159.000000	33450.000000
1772117097_C12	30426.000000	15796.000000
1772094138_G02	37541.000000	4430.000000
1772062116_C06	29548.000000	9702.000000
1772099302_D09	28747.000000	14446.000000
1772117124_E02	32266.000000	14019.000000
1772099315_D05	24813.000000	15332.000000
1772058148_D07	29547.000000	17498.000000
1772099298_E04	36512.000000	11690.000000
1771051150_B05	36149.000000	11238.000000
1771051150_E02	32304.000000	12204.000000
1772072243_G02	30191.000000	52273.000000
1772099001_D03	63529.000000	39984.000000
1772062115_G02	63424.000000	40163.000000
1772092013_F01	63702.000000	39864.000000
1772099001_G11	63278.000000	40006.000000
1772117037_D06	63852.000000	40406.000000
1772099046_F10	63208.000000	39923.000000
1772099050_G12	63162.000000	39978.000000
1772096122_C02	63311.000000	40043.000000
1771017028_E08	64288.000000	40546.000000
1771017032_H04	63988.000000	40113.000000
1772094131_A12	63166.000000	40156.000000
1771017028_E01	63864.000000	40602.000000
1772094132_E11	63183.000000	40036.000000
1771017151_A09	63596.000000	40170.000000
1772096123_D12	63256.000000	39851.000000
1772089200_D04	63471.000000	39946.000000
1771017032_H07	63702.000000	40258.000000
1772125078_C02	64392.000000	40671.000000
1771017028_D09	64814.000000	40672.000000
1772092314_F12	64746.000000	40585.000000
1772078023_E01	64737.000000	40403.000000
1772078016_D06	64019.000000	40257.000000
1771017031_H03	64953.000000	40233.000000
1771017151_A04	65114.000000	40589.000000
1772099011_F05	65004.000000	40811.000000
1772078033_D07	65146.000000	40172.000000
1772063065_G04	65157.000000	40147.000000
1771017032_B10	65352.000000	40453.000000
1772092295_A02	64683.000000	40385.000000
1772089200_A01	64976.000000	40829.000000
1772096100_D12	65123.000000	40385.000000
1772099045_A03	65035.000000	40715.000000
1772117012_E08	65033.000000	40495.000000
1862091105_E10	64887.000000	40557.000000
1771051150_B06	65215.000000	40710.000000
1772071044_A05	64633.000000	40305.000000
1772096097_E07	65209.000000	40375.000000
1771017031_E05	64767.000000	40201.000000
1772092289_G04	64738.000000	40743.000000
1771017032_D03	65188.000000	40433.000000
1771017032_D07	65227.000000	40922.000000
1772117022_C04	64617.000000	40171.000000
1772096102_G05	64675.000000	40546.000000
1772084018_F01	64953.000000	40364.000000
1771017032_A06	65288.000000	40414.000000
1772117014_C09	65264.000000	40353.000000
1772117137_C02	65413.000000	40325.000000
1771017032_E02	64630.000000	40743.000000
1771017152_E02	64850.000000	39945.000000
1772099070_E05	64953.000000	40290.000000
1771017032_H08	65325.000000	40868.000000
1772078033_A02	65273.000000	40079.000000
1772099072_E05	64914.000000	40345.000000
1771017030_A07	64852.000000	40594.000000
1771017030_F12	65214.000000	40580.000000
1771051164_E02	65344.000000	40481.000000
1772096097_E12	64635.000000	40538.000000
1772096140_B12	65033.000000	40504.000000
1772078016_E05	64846.000000	39910.000000
1772075317_E10	65080.000000	39865.000000
1772092261_G08	64615.000000	39708.000000
1772062111_G07	64640.000000	40323.000000
1771017032_G05	65250.000000	40461.000000
1772075317_G01	65178.000000	39754.000000
1772117035_G05	65535.000000	40186.000000
1771017033_B11	65260.000000	40189.000000
1772089186_C12	65163.000000	40152.000000
1771051150_A01	65344.000000	40403.000000
1771051150_F07	65130.000000	40506.000000
1772096139_B07	65042.000000	39798.000000
1771017032_D05	65183.000000	40687.000000
1772096084_B06	65336.000000	39816.000000
1771017031_E11	65270.000000	40618.000000
1771017028_E12	64999.000000	40763.000000
1771017029_H12	64466.000000	40323.000000
1772099090_F12	43693.000000	43483.000000
1772099035_C04	23553.000000	8400.000000
1772099011_G12	21622.000000	8109.000000
1772099011_A08	23721.000000	8499.000000
1772099002_D08	41714.000000	45983.000000
1772117037_B09	28567.000000	7454.000000
1772099003_B12	27678.000000	2283.000000
1772099035_B08	29681.000000	1738.000000
1772099033_B02	24655.000000	5865.000000
1772096150_A04	23906.000000	6296.000000
1772094143_A08	24061.000000	5677.000000
1772096154_D04	25158.000000	5635.000000
1772096094_H06	24515.000000	3680.000000
1772063062_E11	32576.000000	1242.000000
1772099080_H06	41226.000000	44657.000000
1772096150_H01	23607.000000	7989.000000
1772099076_D09	27207.000000	4737.000000
1772099010_E12	27029.000000	3197.000000
1771051147_C04	32748.000000	10101.000000
1771051146_D02	26910.000000	5565.000000
1772117031_C03	31786.000000	5167.000000
1772062109_H04	30656.000000	4033.000000
1772117029_F06	28773.000000	5135.000000
1772099303_B03	31106.000000	5391.000000
1772096086_D11	20969.000000	17472.000000
1772096086_B02	21535.000000	17477.000000
1772096156_B11	46506.000000	30866.000000
1772099083_C12	23401.000000	4676.000000
1772096110_C12	22919.000000	4866.000000
1772117031_E02	28803.000000	6877.000000
1772063063_D08	20937.000000	16923.000000
1772099302_D06	28929.000000	6816.000000
1772092003_B03	28364.000000	889.000000
1772096108_G02	22478.000000	7254.000000
1772067064_C10	26083.000000	8119.000000
1772084018_B11	21684.000000	13926.000000
1772096091_C02	22197.000000	14880.000000
1772099008_F03	24965.000000	3386.000000
1772096087_B06	22280.000000	8492.000000
1772096156_E07	22645.000000	9079.000000
1772096152_G05	23962.000000	6611.000000
1772099043_B11	46313.000000	45754.000000
1772063062_H08	48255.000000	39059.000000
1772092262_B03	29430.000000	2464.000000
1772099315_H04	30446.000000	5853.000000
1771017034_A10	34752.000000	1811.000000
1772096117_C06	22412.000000	13593.000000
1772096085_E10	27957.000000	1658.000000
1772117123_A11	27690.000000	9251.000000
1772096148_G10	28201.000000	2390.000000
1772063061_D01	40494.000000	32553.000000
1771051146_E11	29644.000000	3527.000000
1772099046_D02	21756.000000	11187.000000
1772071041_A08	28654.000000	2287.000000
1772099302_A05	22615.000000	9389.000000
1772063074_C12	28862.000000	780.000000
1772062115_B06	29585.000000	8751.000000
1772071040_G05	27111.000000	10311.000000
1772096154_F05	31583.000000	334.000000
1772117108_A08	27653.000000	8657.000000
1772096154_C10	27603.000000	497.000000
1772092296_G03	40198.000000	30322.000000
1772084018_F09	32909.000000	855.000000
1772063061_G08	22719.000000	5540.000000
1772099035_F11	27608.000000	435.000000
1772062111_E04	40291.000000	30963.000000
1772096146_E12	23081.000000	9380.000000
1772096110_C04	22254.000000	9340.000000
1772062111_G01	30532.000000	4458.000000
1772063061_D10	34355.000000	2636.000000
1772096108_E11	22424.000000	8197.000000
1772096116_G07	23923.000000	6407.000000
1772096162_E04	26374.000000	3414.000000
1772096106_G05	25324.000000	2689.000000
1772096087_A03	21763.000000	7028.000000
1772096086_E03	29861.000000	769.000000
1772096117_A04	27918.000000	1037.000000
1772063079_F04	35498.000000	2826.000000
1772096094_E03	28444.000000	1293.000000
1772096171_D03	35056.000000	3175.000000
1772096087_H05	28111.000000	2049.000000
1772096152_A03	23208.000000	7951.000000
1772062114_F05	30470.000000	2588.000000
1772117160_E03	26174.000000	18065.000000
1772096146_B05	22538.000000	4813.000000
1772096152_A01	22414.000000	8163.000000
1772096118_D03	25627.000000	4520.000000
1772062113_A08	34314.000000	2221.000000
1772096083_G12	26250.000000	2061.000000
1772060240_B12	40853.000000	34775.000000
1772096148_H12	22257.000000	9319.000000
1772096154_D09	19210.000000	12206.000000
1772096151_H07	20881.000000	14177.000000
1772096106_F12	26163.000000	4140.000000
1772094143_D07	22103.000000	11656.000000
1772062115_B10	28943.000000	4858.000000
1772096094_C10	20358.000000	13889.000000
1772096110_E09	21786.000000	13939.000000
1772099302_D08	30819.000000	3226.000000
1772099045_D04	26672.000000	7684.000000
1772094136_E10	40917.000000	45833.000000
1772096156_A11	21031.000000	14184.000000
1772096094_E09	20941.000000	13581.000000
1772094143_E05	31756.000000	298.000000
1772096154_A10	25444.000000	2365.000000
1772072242_G08	28573.000000	3089.000000
1772096152_C05	30420.000000	909.000000
1772099003_A07	28805.000000	1306.000000
1772096087_G07	23403.000000	6935.000000
1772096094_G01	41961.000000	40704.000000
1772084018_H02	29327.000000	1039.000000
1772072242_E08	27187.000000	1370.000000
1772094143_B10	25876.000000	4481.000000
1772096088_C12	26682.000000	2935.000000
1772096097_E10	30143.000000	0.000000
1772099086_B03	22788.000000	6740.000000
1772099031_H10	41520.000000	43115.000000
1772099008_A05	24798.000000	4292.000000
1772096150_C12	24337.000000	6566.000000
1772096106_A03	28745.000000	6184.000000
1772096150_D03	23144.000000	8372.000000
1772062113_B11	30848.000000	4077.000000
1772096108_E03	22561.000000	7781.000000
1772096148_B09	22272.000000	10247.000000
1772096150_H07	23578.000000	8012.000000
1772072243_F02	21550.000000	11755.000000
1772099040_C01	31936.000000	2395.000000
1772096146_A11	30581.000000	1024.000000
1772096106_G09	30054.000000	5472.000000
1772096094_A11	24859.000000	4600.000000
1772096152_C01	28553.000000	206.000000
1772092003_G07	32730.000000	665.000000
1772096088_G04	28339.000000	1298.000000
1772094136_F04	21896.000000	9541.000000
1772099009_F05	26990.000000	1165.000000
1772096116_H11	25165.000000	4058.000000
1772092277_E01	29735.000000	1308.000000
1772096097_C05	41537.000000	45838.000000
1772062113_A12	40159.000000	34823.000000
1772117029_H03	30164.000000	5682.000000
1772117156_A06	28841.000000	6654.000000
1772117159_B10	30905.000000	4823.000000
1772063074_G12	25656.000000	9274.000000
1772099070_D11	27052.000000	764.000000
1772092003_C10	46256.000000	30875.000000
1772071041_A12	40067.000000	29835.000000
1772094135_E11	23956.000000	4662.000000
1772096094_B07	21060.000000	9767.000000
1772096084_H01	22899.000000	15215.000000
1772096151_A08	27700.000000	2046.000000
1772063074_G04	40390.000000	31855.000000
1772062111_G02	27098.000000	9200.000000
1772084018_G01	21647.000000	11831.000000
1772063078_B07	40098.000000	29811.000000
1772099298_H09	44833.000000	46089.000000
1772099010_C11	33520.000000	1357.000000
1772096108_C07	22435.000000	5897.000000
1772117012_E05	29733.000000	4732.000000
1772060240_G11	24491.000000	9069.000000
1772099044_E02	44656.000000	46358.000000
1772099031_C10	29488.000000	796.000000
1772094143_E01	23167.000000	7779.000000
1772072242_F01	26991.000000	9917.000000
1772117160_F01	26819.000000	7600.000000
1772096148_E07	41925.000000	41285.000000
1772096087_D04	21596.000000	14652.000000
1772096148_B03	27810.000000	2729.000000
1772062116_D04	40543.000000	34200.000000
1772099028_E09	32253.000000	821.000000
1772092296_B05	40077.000000	29877.000000
1772099011_A10	26408.000000	2424.000000
1772117108_H01	45471.000000	46413.000000
1772096108_B01	30823.000000	1265.000000
1772096152_C07	22945.000000	9117.000000
1772084018_A08	26913.000000	1881.000000
1772094136_C12	41036.000000	45946.000000
1772060224_C10	49913.000000	38808.000000
1772094143_E07	25501.000000	3055.000000
1772063062_G01	40460.000000	35788.000000
1772089202_H11	26626.000000	839.000000
1772071040_F07	40179.000000	35494.000000
1772099046_D06	25289.000000	5655.000000
1772072242_G02	22308.000000	11863.000000
1772096108_C09	20633.000000	11090.000000
1772096117_F02	28141.000000	167.000000
1772117099_G05	29086.000000	6109.000000
1772096150_G07	24055.000000	6187.000000
1772096085_B12	22275.000000	7228.000000
1772096148_H10	26935.000000	1101.000000
1772096151_F02	33505.000000	1526.000000
1772096084_C02	20607.000000	14260.000000
1772096087_A08	21481.000000	17635.000000
1772092002_F12	28234.000000	164.000000
1772096088_H12	21454.000000	11407.000000
1772117014_A07	29045.000000	4228.000000
1772099072_D03	22873.000000	4215.000000
1772125087_G09	21198.000000	56895.000000
1772099073_G07	28237.000000	295.000000
1772096094_H07	22101.000000	14985.000000
1772099313_G04	43906.000000	42125.000000
1772062113_D09	40555.000000	34913.000000
1772117123_D08	28994.000000	13459.000000
1772094143_C06	24831.000000	4687.000000
1772096087_A04	21856.000000	17066.000000
1772096083_C12	29052.000000	2031.000000
1772096085_F11	26472.000000	2150.000000
1772063062_B04	40806.000000	34060.000000
1772096093_B09	41467.000000	46310.000000
1772096148_B04	22117.000000	12179.000000
1772096092_B03	21717.000000	9064.000000
1772089190_D01	32263.000000	3940.000000
1772117107_H03	27516.000000	11975.000000
1772117137_D08	33508.000000	6128.000000
1772099303_H06	27332.000000	7274.000000
1772092277_C04	21947.000000	9595.000000
1772099086_E01	30565.000000	2151.000000
1772099036_F10	29633.000000	319.000000
1772063062_G11	30284.000000	1859.000000
1772096152_F10	27649.000000	5812.000000
1772096087_G10	26699.000000	1530.000000
1772096085_E01	22382.000000	15865.000000
1772099002_H11	21006.000000	9623.000000
1772084018_B01	25624.000000	2409.000000
1772096146_E10	32922.000000	952.000000
1772096092_D10	23058.000000	4151.000000
1772096093_A03	41360.000000	46273.000000
1772063078_B06	31893.000000	2390.000000
1772084018_G05	29203.000000	1089.000000
1772071040_D04	28924.000000	3837.000000
1772092002_D05	26214.000000	4160.000000
1772096086_H12	27724.000000	711.000000
1772099015_B04	35373.000000	2392.000000
1772072242_F05	27045.000000	511.000000
1772096100_F05	41317.000000	42132.000000
1772096094_G05	27672.000000	1222.000000
1772096091_E05	27232.000000	403.000000
1772099075_C09	25434.000000	5213.000000
1772099001_D07	42243.000000	39708.000000
1772094135_B03	27498.000000	498.000000
1772099045_A09	22663.000000	8701.000000
1772096094_A05	40346.000000	45749.000000
1772099086_A09	27099.000000	4632.000000
1772063062_A08	124.000000	65388.000000
1862091030_D12	33662.000000	1248.000000
1772092270_C04	40286.000000	36108.000000
1772084018_B05	41479.000000	44292.000000
1772099031_D11	28122.000000	197.000000
1772117015_G09	27091.000000	11929.000000
1772099071_B11	40546.000000	43804.000000
1772099076_C09	40823.000000	42069.000000
1772096085_G05	20967.000000	15245.000000
1772096106_D01	31595.000000	585.000000
1772096151_C06	42057.000000	41064.000000
1772096091_E08	30706.000000	605.000000
1772096084_G06	24470.000000	3351.000000
1772099037_H12	30315.000000	175.000000
1772060225_D12	28502.000000	9692.000000
1772096094_G09	21343.000000	17110.000000
1772062115_C06	31511.000000	3213.000000
1772099009_D02	21853.000000	12163.000000
1772096094_C02	42077.000000	40302.000000
1772096106_B03	25182.000000	5343.000000
1772062114_H12	40465.000000	31758.000000
1772099086_H05	27648.000000	2657.000000
1772096088_C03	21435.000000	11294.000000
1772096151_C01	33785.000000	1299.000000
1772099093_H12	31420.000000	3491.000000
1772099035_F12	41566.000000	43936.000000
1772099001_A06	26609.000000	7761.000000
1772117111_A07	24038.000000	7439.000000
1772092276_A10	33095.000000	1581.000000
1772099043_E05	27762.000000	635.000000
1772096106_G02	30374.000000	1071.000000
1772099036_B11	29357.000000	61968.000000
1862091020_E09	41508.000000	42753.000000
1772096094_F07	18984.000000	13205.000000
1771051146_H11	31958.000000	5183.000000
1772099298_A06	29210.000000	8496.000000
1772096088_D08	30213.000000	865.000000
1772063074_A11	29849.000000	3045.000000
1772099047_B12	31744.000000	3787.000000
1772117108_B11	25355.000000	9657.000000
1771051167_G08	28523.000000	8809.000000
1772117159_B12	46358.000000	24099.000000
1772117161_C02	31291.000000	4339.000000
1772117097_D07	31239.000000	4216.000000
1772099080_E10	40808.000000	44109.000000
1772084018_A09	25974.000000	4722.000000
1772094143_B03	29593.000000	407.000000
1772089205_B11	28594.000000	2631.000000
1772096118_H10	31692.000000	727.000000
1772099047_B05	27866.000000	378.000000
1772063062_G05	34323.000000	1791.000000
1772062114_F03	40895.000000	39080.000000
1772096146_C08	28801.000000	1238.000000
1772063074_A04	49999.000000	38648.000000
1772063078_C07	40396.000000	33236.000000
1772063078_H04	34718.000000	2661.000000
1772099041_C03	42695.000000	40425.000000
1772099046_A10	31431.000000	1927.000000
1772096172_G08	35086.000000	4100.000000
1772096148_D01	29054.000000	741.000000
1772084018_E08	27980.000000	280.000000
1772096083_G01	124.000000	65388.000000
1772099008_D08	22506.000000	10104.000000
1772072242_C10	29675.000000	3071.000000
1772096083_H11	46325.000000	30712.000000
1772096118_A03	28703.000000	1884.000000
1772096091_G03	24662.000000	4009.000000
1772092003_C01	29462.000000	1183.000000
1772071041_A10	40278.000000	36011.000000
1772096151_G01	27133.000000	4693.000000
1772072240_C03	20675.000000	16232.000000
1772060225_E02	29878.000000	503.000000
1772096088_B05	34496.000000	1657.000000
1772099043_H12	31886.000000	2599.000000
1772096116_B02	33772.000000	1049.000000
1772099154_D08	26757.000000	2765.000000
1772092003_H11	32372.000000	2246.000000
1772092277_B11	30023.000000	2213.000000
1772096084_E05	31391.000000	829.000000
1772096168_E10	28448.000000	5648.000000
1772089205_A04	25524.000000	5332.000000
1772096091_D05	34078.000000	1570.000000
1772099040_F01	28150.000000	461.000000
1772099015_E10	34377.000000	3762.000000
1772062118_A03	35313.000000	3073.000000
1772096156_A08	34018.000000	2216.000000
1772096118_A06	23587.000000	7086.000000
1772072242_H09	25881.000000	8275.000000
1772096084_F05	28665.000000	386.000000
1772099080_C02	42490.000000	40788.000000
1772078019_A05	34441.000000	2026.000000
1772089199_E01	28545.000000	3759.000000
1772096085_A08	34204.000000	1449.000000
1772099071_C04	40624.000000	43426.000000
1772096175_D06	50011.000000	38671.000000
1772096148_D11	22458.000000	8893.000000
1772092309_A01	31137.000000	2104.000000
1772096156_B10	22718.000000	5353.000000
1772099008_G10	26077.000000	4398.000000
1772096152_A12	30102.000000	1201.000000
1772096146_H01	33886.000000	1243.000000
1772099045_D03	25700.000000	3668.000000
1772089205_A05	34331.000000	1723.000000
1772096152_B01	35408.000000	2293.000000
1772092311_D05	40345.000000	36565.000000
1772096084_F02	25334.000000	11708.000000
1772099039_G06	28838.000000	1513.000000
1772096108_E01	41124.000000	45688.000000
1772099042_D04	24384.000000	7462.000000
1772096091_C01	29319.000000	1293.000000
1772096151_A11	29953.000000	404.000000
1772092003_D05	46271.000000	30121.000000
1772096108_A05	24104.000000	5548.000000
1772096084_H03	42262.000000	40450.000000
1772096094_F05	25251.000000	4730.000000
1772099030_C10	40213.000000	42622.000000
1772099040_G03	31979.000000	3100.000000
1772062115_A04	40447.000000	36335.000000
1771051146_F08	37135.000000	4756.000000
1772117029_A04	31638.000000	4043.000000
1772099091_F12	26646.000000	2713.000000
1772099315_B10	29542.000000	1173.000000
1772099298_E12	29263.000000	6692.000000
1772099303_C11	33825.000000	2626.000000
1772099304_C06	30903.000000	5368.000000
1772117154_E12	30822.000000	8784.000000
1772117158_G03	44580.000000	43962.000000
1772117123_A05	27448.000000	5774.000000
1772117055_A04	45887.000000	45817.000000
1772117107_E02	28301.000000	7392.000000
1772099040_D02	31850.000000	3413.000000
1772096108_B05	26807.000000	999.000000
1772099039_B01	28445.000000	2677.000000
1772096156_A03	25907.000000	1390.000000
1772117057_B09	31304.000000	3065.000000
1772117103_A06	31616.000000	5967.000000
1772099001_F03	29879.000000	2190.000000
1772096108_F06	24218.000000	4872.000000
1772096148_A01	30328.000000	780.000000
1772117099_F08	43999.000000	43461.000000
1772096091_C05	41725.000000	41950.000000
1772099014_E05	30805.000000	97.000000
1772089205_G03	40603.000000	45332.000000
1772096087_C10	24138.000000	3860.000000
1772096110_C01	29167.000000	855.000000
1772096093_A05	41482.000000	46245.000000
1772084018_A03	22940.000000	7244.000000
1772099304_F07	29054.000000	7368.000000
1772096086_E10	27184.000000	1560.000000
1772096088_H03	27762.000000	494.000000
1772096091_D02	24886.000000	4477.000000
1772096087_A06	19763.000000	13624.000000
1772078028_B11	33090.000000	2925.000000
1772094143_A05	28920.000000	2992.000000
1772099008_F08	19009.000000	11591.000000
1772096092_C10	21631.000000	7684.000000
1772096092_C06	21284.000000	13198.000000
1772099014_E03	36612.000000	3828.000000
1772099045_E08	42142.000000	40792.000000
1772099011_B10	27740.000000	510.000000
1772099087_H02	33163.000000	3739.000000
1772099001_E09	31102.000000	2035.000000
1772099047_A08	34475.000000	1639.000000
1772099012_G01	29291.000000	1713.000000
1772099015_C06	30554.000000	2265.000000
1772099071_A02	32710.000000	861.000000
1772117137_B03	28049.000000	3370.000000
1772096118_D10	30525.000000	1848.000000
1772096083_F08	21721.000000	16271.000000
1772096151_B12	25981.000000	2814.000000
1772099078_D02	26385.000000	4251.000000
1772060224_B03	29312.000000	6492.000000
1772072242_A08	28432.000000	2331.000000
1772096152_B02	25377.000000	4870.000000
1772096088_B10	25435.000000	1915.000000
1772096150_C05	23048.000000	8515.000000
1772099046_B05	29584.000000	337.000000
1772096152_G06	29265.000000	4600.000000
1772096092_A01	23050.000000	6556.000000
1772089205_E05	22299.000000	8698.000000
1772096091_C03	29102.000000	1214.000000
1772078033_B12	40295.000000	33811.000000
1772096148_H08	42144.000000	41361.000000
1772096108_F05	26888.000000	6783.000000
1772072240_F01	25383.000000	1754.000000
1772096094_A03	31149.000000	390.000000
1772072242_A05	44793.000000	46039.000000
1772117096_A01	44196.000000	45419.000000
1772099046_F03	21252.000000	12778.000000
1772096084_D10	42253.000000	40328.000000
1772099152_G09	46370.000000	46009.000000
1772099304_B11	32194.000000	3762.000000
1772117159_C02	44175.000000	44984.000000
1772096091_C09	24120.000000	4490.000000
1772117111_C08	34701.000000	3313.000000
1772099155_A11	25479.000000	9775.000000
1772096156_G07	29482.000000	4471.000000
1772099092_B05	45534.000000	45521.000000
1772096086_E09	21438.000000	18346.000000
1772099002_H06	41544.000000	45598.000000
1772099037_H07	41336.000000	45167.000000
1772096083_G04	22258.000000	14529.000000
1772096106_A10	30972.000000	272.000000
1772099045_A02	29319.000000	4833.000000
1772096084_F09	27064.000000	2198.000000
1772099076_A01	41658.000000	43944.000000
1772094143_E11	27336.000000	4817.000000
1772099011_C11	41309.000000	46013.000000
1772096085_H03	41704.000000	40974.000000
1772117124_G06	45354.000000	46209.000000
1772117028_E01	31679.000000	5409.000000
1772117015_C08	33544.000000	4724.000000
1772099298_H05	28576.000000	8142.000000
1772099046_E07	28944.000000	1761.000000
1772099040_F02	26623.000000	2626.000000
1772099008_E01	27620.000000	1326.000000
1772096146_A04	41686.000000	42638.000000
1772117014_H06	31640.000000	3917.000000
1772099003_A09	26530.000000	2106.000000
1772099046_C07	23526.000000	9363.000000
1772117029_F02	28963.000000	12598.000000
1772117158_H03	29795.000000	3736.000000
1772099086_F06	27424.000000	2444.000000
1772099035_F06	22336.000000	9091.000000
1772117159_E10	28012.000000	3543.000000
1772117057_A05	45516.000000	46695.000000
1772072242_D01	41892.000000	40304.000000
1772099048_A04	31593.000000	1354.000000
1772099092_E09	26942.000000	9497.000000
1772117029_E02	25074.000000	7561.000000
1772099152_C10	29773.000000	6153.000000
1772099302_D11	44562.000000	45747.000000
1772072240_B06	34479.000000	4047.000000
1772099047_C10	24971.000000	3985.000000
1772099042_F06	34174.000000	2278.000000
1772096151_H01	27382.000000	930.000000
1772096086_E08	23160.000000	5682.000000
1772094143_F12	27108.000000	1272.000000
1772096108_E04	23268.000000	7240.000000
1772092277_H06	32635.000000	3220.000000
1772096108_F03	29940.000000	2658.000000
1772096156_C08	24052.000000	9669.000000
1772062116_E02	30430.000000	4181.000000
1772092303_G11	29748.000000	676.000000
1772084018_E05	23214.000000	6885.000000
1772092003_E06	46356.000000	30668.000000
1772096116_F12	29013.000000	715.000000
1772117028_D08	30295.000000	5290.000000
1772096087_E05	23471.000000	10126.000000
1772096134_C04	23106.000000	4353.000000
1772094143_F04	41017.000000	43571.000000
1772096150_G02	23333.000000	8697.000000
1772099303_H10	21874.000000	15206.000000
1772063063_B06	30238.000000	52210.000000
1772062113_B03	40181.000000	35409.000000
1771051146_F07	27966.000000	5406.000000
1772099314_E12	26384.000000	9691.000000
1772099092_C12	23620.000000	11402.000000
1772117097_A08	22336.000000	13227.000000
1772117034_G07	26484.000000	8961.000000
1772099303_B04	29334.000000	17104.000000
1772099301_F12	24986.000000	11573.000000
1772117057_B06	26464.000000	3917.000000
1772117034_E06	26203.000000	9029.000000
1772117124_F12	45027.000000	45979.000000
1772117123_F05	25707.000000	6042.000000
1772072240_D05	20732.000000	9043.000000
1772117123_B09	24876.000000	13933.000000
1772117028_C02	23924.000000	8439.000000
1772117028_B11	30391.000000	6277.000000
1772117059_D08	24402.000000	8876.000000
1772099302_H01	30489.000000	4967.000000
1772117055_H02	156.000000	65358.000000
1772117059_C01	49781.000000	38860.000000
1772099042_B08	27563.000000	1035.000000
1772117137_A12	27390.000000	2516.000000
1772062114_A03	23977.000000	9550.000000
1772078022_B08	24394.000000	6600.000000
1772099043_D07	23882.000000	3207.000000
1772099041_E11	26039.000000	4280.000000
1772117160_H11	28627.000000	5777.000000
1772092003_B10	23513.000000	3753.000000
1772062109_A07	41061.000000	34571.000000
1772096146_B09	21405.000000	6980.000000
1772096118_F01	24509.000000	4481.000000
1772094135_B10	24026.000000	4340.000000
1772096149_A03	22863.000000	6755.000000
1772099086_A01	21236.000000	7936.000000
1772099045_G03	27133.000000	2149.000000
1772062114_E05	21043.000000	7724.000000
1772096151_E03	24530.000000	4564.000000
1772092003_G06	22649.000000	4906.000000
1772092003_B08	18967.000000	12635.000000
1772096152_D09	25756.000000	2440.000000
1772096093_B03	41351.000000	46163.000000
1772099008_D03	22381.000000	7900.000000
1772096117_B12	21254.000000	8445.000000
1772096156_D07	20436.000000	9830.000000
1772096150_F06	23312.000000	4009.000000
1772096118_D02	20947.000000	11476.000000
1772092264_G06	40410.000000	32696.000000
1772099009_H11	20732.000000	8154.000000
1771051165_B07	26254.000000	4519.000000
1772096118_A09	21307.000000	8538.000000
1772096146_B11	22423.000000	9654.000000
1772096106_D12	21528.000000	6829.000000
1772096146_D03	20393.000000	8952.000000
1772096149_E09	23389.000000	5151.000000
1772096149_A02	19635.000000	12693.000000
1772117031_F09	25626.000000	7213.000000
1772089200_H05	21955.000000	6066.000000
1772092002_F10	41368.000000	45785.000000
1772117028_C09	26980.000000	6042.000000
1772084018_C08	20207.000000	9164.000000
1772089202_A11	21858.000000	11233.000000
1772094143_G10	22548.000000	6780.000000
1772092312_B12	25262.000000	3522.000000
1772096146_C06	20448.000000	8719.000000
1772099012_B12	21627.000000	6568.000000
1772117031_A12	25518.000000	14176.000000
1772089199_D11	19610.000000	12236.000000
1772096117_C03	24641.000000	3044.000000
1772096154_H11	19189.000000	11083.000000
1772096146_E04	27973.000000	787.000000
1772084018_G07	41941.000000	44733.000000
1772084018_F11	24289.000000	2964.000000
1772117159_F06	24182.000000	6061.000000
1772096085_A07	20158.000000	9226.000000
1772096156_G08	26901.000000	979.000000
1772066097_B12	27196.000000	1610.000000
1772092002_G01	22972.000000	5396.000000
1772096151_B08	20899.000000	8444.000000
1772096106_F05	21104.000000	6851.000000
1772096106_G08	26871.000000	1790.000000
1772099003_G05	19444.000000	10681.000000
1772089199_E11	25887.000000	2744.000000
1772117015_D07	26334.000000	4289.000000
1772099003_C02	27024.000000	857.000000
1772096154_C08	19229.000000	11634.000000
1772096085_D03	19378.000000	13152.000000
1772099011_F10	19233.000000	10871.000000
1772096146_H06	23409.000000	3814.000000
1772096116_D12	27268.000000	921.000000
1772099043_B04	27382.000000	1750.000000
1772096156_G05	23899.000000	3251.000000
1772096086_C06	19097.000000	12976.000000
1772096156_E11	19307.000000	11996.000000
1772096110_D06	23114.000000	4112.000000
1772099012_F08	23194.000000	4769.000000
1772096152_E12	22529.000000	7130.000000
1772096151_F05	22452.000000	5617.000000
1772096156_E01	19573.000000	11477.000000
1772099008_D05	19642.000000	10257.000000
1772096152_G01	27102.000000	1032.000000
1772099012_C10	27821.000000	142.000000
1772099305_E04	44340.000000	45973.000000
1772099003_D02	41423.000000	46250.000000
1772096154_H04	19403.000000	12897.000000
1772096152_D12	23033.000000	4348.000000
1772096148_E11	18984.000000	11630.000000
1772096118_D01	22457.000000	5767.000000
1772096094_H03	21227.000000	9186.000000
1772096092_E07	22021.000000	5480.000000
1772094143_B04	19891.000000	11253.000000
1772099012_D10	21704.000000	7926.000000
1772096116_G08	19317.000000	10687.000000
1772096152_A04	20217.000000	9008.000000
1772096116_C06	24059.000000	5155.000000
1772099003_E02	20495.000000	8846.000000
1772096083_D10	22132.000000	7127.000000
1772096083_F02	19806.000000	11588.000000
1772096156_E03	25464.000000	1400.000000
1772096085_D06	18936.000000	11062.000000
1772094135_F01	18559.000000	11792.000000
1772096150_C11	41973.000000	40944.000000
1772096106_B05	21629.000000	6663.000000
1772096088_F07	19657.000000	11990.000000
1772096085_H02	18748.000000	11543.000000
1772096091_F09	20549.000000	8477.000000
1772096149_D03	22135.000000	7885.000000
1772075304_F01	19297.000000	11819.000000
1772099034_H02	42210.000000	41943.000000
1772099084_H11	42026.000000	40543.000000
1772099047_C01	20447.000000	9333.000000
1772096117_H04	19578.000000	10003.000000
1772099045_D05	21978.000000	6239.000000
1772099083_G06	23416.000000	3975.000000
1772072243_H02	43590.000000	45193.000000
1772099044_B01	25430.000000	3991.000000
1772099008_D04	20180.000000	10276.000000
1772099045_D09	20128.000000	10156.000000
1772072240_E04	46655.000000	31048.000000
1772099011_C04	19159.000000	11325.000000
1772099002_G05	20008.000000	9128.000000
1772099090_A08	21622.000000	8172.000000
1772099008_F04	18926.000000	12848.000000
1772099046_D08	21264.000000	8420.000000
1772099012_H12	19932.000000	12898.000000
1772096086_D10	20803.000000	12058.000000
1772096094_B01	19965.000000	9804.000000
1772078024_E04	20997.000000	17335.000000
1772099001_B04	19203.000000	12563.000000
1772092002_B03	41069.000000	46089.000000
1772072242_A12	20726.000000	13188.000000
1772096087_D05	20426.000000	8881.000000
1772072242_B04	20391.000000	13567.000000
1772092002_H06	41307.000000	46132.000000
1772089202_A03	19668.000000	12488.000000
1772096148_G02	19348.000000	13523.000000
1772096091_F03	19285.000000	12515.000000
1772092008_E03	19311.000000	11126.000000
1772094136_E06	19725.000000	14775.000000
1772096108_E02	21164.000000	13552.000000
1772072242_F03	49520.000000	39276.000000
1772099002_D12	22846.000000	7570.000000
1772092003_E02	18969.000000	12377.000000
1772094143_F11	19675.000000	12623.000000
1772096146_F09	19440.000000	11087.000000
1772096092_E04	22334.000000	20164.000000
1772096146_H12	25585.000000	2129.000000
1772096146_A05	19588.000000	9974.000000
1772092002_H04	19408.000000	13427.000000
1772092002_D11	41399.000000	46096.000000
1772096085_G01	19228.000000	12688.000000
1772096108_C06	20311.000000	8881.000000
1772117029_C06	25655.000000	8218.000000
1772072243_E05	46547.000000	31268.000000
1772092003_E12	46538.000000	30601.000000
1772092003_A04	19093.000000	12144.000000
1772096086_A12	25443.000000	1686.000000
1772096110_D09	41538.000000	45541.000000
1772096150_B11	22137.000000	7468.000000
1772099314_E11	19722.000000	11687.000000
1772096110_D02	20012.000000	11416.000000
1772078024_F03	22902.000000	7389.000000
1772096116_H07	18868.000000	11645.000000
1772096108_H03	21787.000000	7420.000000
1772096084_D07	19241.000000	12845.000000
1772096092_A08	21602.000000	6246.000000
1772089202_F03	20245.000000	13411.000000
1772096151_E02	20259.000000	11580.000000
1772117028_C05	26307.000000	6282.000000
1772092002_G12	40591.000000	46083.000000
1772092002_C08	41584.000000	46242.000000
1772096094_G04	21029.000000	9701.000000
1772089205_E07	21440.000000	7829.000000
1772096083_E07	19279.000000	13463.000000
1772092262_F06	24562.000000	3942.000000
1772096087_D12	24760.000000	2421.000000
1772096084_F07	21508.000000	9324.000000
1772096084_H11	18986.000000	11822.000000
1772096085_C11	19577.000000	12689.000000
1772092002_E06	40647.000000	46273.000000
1772099001_A05	20562.000000	8936.000000
1772092002_A03	18876.000000	11632.000000
1772092002_B06	20529.000000	9101.000000
1772092003_A11	22976.000000	5171.000000
1772096149_H04	21889.000000	7639.000000
1772089200_C01	20731.000000	15556.000000
1772096150_B03	22635.000000	7516.000000
1772092002_C09	20390.000000	14936.000000
1772096088_B09	19575.000000	12805.000000
1772096088_E08	21210.000000	9726.000000
1772096106_D09	22398.000000	6509.000000
1772096156_A01	20445.000000	14393.000000
1772096156_F07	21726.000000	12939.000000
1772096083_E04	19676.000000	12454.000000
1772096086_F10	25931.000000	1782.000000
1772096088_B11	21330.000000	12708.000000
1772092002_G03	20431.000000	16153.000000
1772096086_B09	19457.000000	12955.000000
1772096092_B11	19895.000000	14699.000000
1772099045_C01	23892.000000	3721.000000
1772096150_H11	21423.000000	17324.000000
1772084018_C11	21467.000000	9835.000000
1772099078_E12	23407.000000	4193.000000
1772099010_E01	23419.000000	4549.000000
1772096085_D10	21789.000000	9950.000000
1772096087_E11	19423.000000	12170.000000
1772096086_C04	20369.000000	16205.000000
1772099002_C11	23211.000000	4219.000000
1772096118_D06	21144.000000	9280.000000
1772099045_F07	20735.000000	13273.000000
1772096088_A08	19305.000000	12488.000000
1772094136_C04	20580.000000	16615.000000
1772099012_A12	21324.000000	14483.000000
1772096084_D03	20760.000000	8468.000000
1772099002_G06	20995.000000	13493.000000
1772096091_G11	20505.000000	13582.000000
1772096084_C03	21666.000000	10550.000000
1772099046_H07	21599.000000	12475.000000
1772096091_C11	21822.000000	7618.000000
1772099046_C08	24225.000000	5291.000000
1772125080_F10	22854.000000	15748.000000
1772094135_C09	21257.000000	10529.000000
1772096084_D05	20859.000000	12653.000000
1772062109_G01	46362.000000	31503.000000
1772084018_B08	25042.000000	5665.000000
1772096086_G03	20715.000000	8621.000000
1772096091_B05	41501.000000	45682.000000
1772092311_B12	40548.000000	33713.000000
1772089205_B01	21350.000000	10194.000000
1772096086_D09	20683.000000	16881.000000
1772096094_C09	20497.000000	16209.000000
1772117039_A09	21762.000000	15452.000000
1772078033_E06	40479.000000	32466.000000
1772099073_B04	41334.000000	45906.000000
1772096085_B09	20398.000000	15605.000000
1772117038_A07	23654.000000	15210.000000
1772099011_H04	23628.000000	5824.000000
1772099010_G12	20940.000000	14079.000000
1772096084_C10	41297.000000	46065.000000
1772099038_F06	27491.000000	5341.000000
1772099046_B03	21838.000000	13781.000000
1772096087_E07	19983.000000	15303.000000
1772099010_A09	23730.000000	7445.000000
1772096149_D06	22312.000000	10174.000000
1772096091_H03	20763.000000	16666.000000
1772096084_D06	20551.000000	16214.000000
1772092296_H11	21769.000000	12220.000000
1772092002_H12	21414.000000	17309.000000
1772117159_G10	25029.000000	11272.000000
1772092002_F04	41560.000000	45832.000000
1772096085_B07	20280.000000	16441.000000
1772094135_B06	21351.000000	7901.000000
1772092003_C04	21082.000000	7381.000000
1772096088_A03	19894.000000	13279.000000
1772094135_B02	20717.000000	14627.000000
1772096085_C05	21951.000000	14360.000000
1772099002_E05	21370.000000	13153.000000
1772096092_C04	20362.000000	16234.000000
1772099012_H04	21476.000000	7161.000000
1772096106_B07	22122.000000	8358.000000
1772125080_C10	23056.000000	16063.000000
1772099090_G04	25151.000000	8117.000000
1772117103_F03	26045.000000	16709.000000
1772099092_E01	27604.000000	8959.000000
1772094135_H04	18685.000000	12309.000000
1772117104_A11	20394.000000	15053.000000
1771051147_G06	25621.000000	6924.000000
1772092003_A03	21660.000000	5997.000000
1772096083_H01	22769.000000	6842.000000
1772099092_E03	28129.000000	5922.000000
1772117154_C06	45157.000000	46317.000000
1772125090_B01	23655.000000	13984.000000
1772072243_A02	22917.000000	14741.000000
1772125080_D06	20946.000000	57350.000000
1772099091_B11	46973.000000	42061.000000
1772117160_A01	25549.000000	5159.000000
1772117154_H10	45237.000000	46103.000000
1772099092_D11	23356.000000	17176.000000
1772117104_D05	23730.000000	13792.000000
1772117137_G07	24130.000000	16468.000000
1772117137_F03	22799.000000	12692.000000
1772099093_G07	24855.000000	7650.000000
1772117160_C11	29003.000000	4979.000000
1772084018_D11	25230.000000	3690.000000
1772117099_C05	23803.000000	8086.000000
1772099093_B07	24767.000000	14002.000000
1772099315_C03	24863.000000	6227.000000
1772096148_H06	21810.000000	15125.000000
1772099039_H10	27691.000000	690.000000
1772117160_B09	26448.000000	7408.000000
1772096146_C07	20768.000000	15224.000000
1772099093_A10	23688.000000	17676.000000
1772099314_E10	26957.000000	9575.000000
1772084018_C12	42229.000000	44383.000000
1772117101_A10	24187.000000	14256.000000
1772099008_E09	21203.000000	13586.000000
1772062111_D11	24497.000000	6076.000000
1772099002_H01	25762.000000	4162.000000
1772058148_A06	23097.000000	7352.000000
1772096149_B07	21944.000000	17726.000000
1772067074_A11	20960.000000	16544.000000
1772099001_G08	22037.000000	15264.000000
1772117028_H01	25600.000000	12975.000000
1772117151_C03	30420.000000	8215.000000
1772117159_E06	49449.000000	39402.000000
1772099002_D10	24539.000000	3347.000000
1772117097_D11	28029.000000	6639.000000
1772117160_B11	24520.000000	10128.000000
1772117156_F10	27010.000000	8067.000000
1772096154_A09	21004.000000	11215.000000
1772099304_A07	30595.000000	5826.000000
1772096110_B07	19965.000000	11374.000000
1772117107_H02	24954.000000	12649.000000
1772099093_G11	43634.000000	45897.000000
1772117107_D10	27354.000000	8147.000000
1772117160_H05	27287.000000	7645.000000
1772096083_A09	20463.000000	15449.000000
1772099316_A07	45246.000000	46131.000000
1772117154_C02	24350.000000	8548.000000
1772117103_A09	24598.000000	13856.000000
1772117151_A06	45177.000000	46066.000000
1772117107_D08	25868.000000	6573.000000
1772099093_A11	23594.000000	9699.000000
1772099090_A11	44227.000000	44822.000000
1772117102_H10	22896.000000	16777.000000
1772099298_C06	24164.000000	13977.000000
1772099091_E12	44321.000000	43775.000000
1772117159_A03	23785.000000	14198.000000
1772117100_A04	30205.000000	52242.000000
1772117161_B11	26589.000000	6418.000000
1772117102_F11	44308.000000	45947.000000
1772117108_H09	44886.000000	45212.000000
1772099046_A01	21924.000000	7456.000000
1772099008_A07	21079.000000	13602.000000
1772117102_A01	23765.000000	16114.000000
1772075304_A10	20933.000000	8523.000000
1772099093_D09	44243.000000	44368.000000
1772099153_F01	23206.000000	9671.000000
1772117104_G06	21230.000000	15436.000000
1772117151_D07	24257.000000	9895.000000
1772117101_F06	23914.000000	15118.000000
1772117159_G06	24276.000000	15446.000000
1772099090_F02	22012.000000	13000.000000
1772117102_G09	23444.000000	18770.000000
1772099093_D08	44292.000000	45769.000000
1772117100_A09	21110.000000	15070.000000
1772099090_C11	21229.000000	13455.000000
1772117100_D09	24462.000000	18888.000000
1772117104_B05	21893.000000	14414.000000
1772117108_A01	25331.000000	8927.000000
1772099093_B04	19781.000000	14051.000000
1772099001_A10	27971.000000	1499.000000
1772099008_D06	22217.000000	9530.000000
1772099090_D12	20928.000000	13886.000000
1772117101_C07	45047.000000	44762.000000
1772099155_B05	26897.000000	9257.000000
1772096087_B07	19503.000000	12007.000000
1772099316_D12	30586.000000	4316.000000
1772099043_C11	25696.000000	10125.000000
1772099090_E04	24291.000000	14754.000000
1772099091_D08	28086.000000	3267.000000
1772117151_H09	49761.000000	39097.000000
1772117160_B08	26612.000000	12567.000000
1772117107_E03	25270.000000	14971.000000
1772078024_F06	40521.000000	34905.000000
1772099090_D04	21166.000000	15327.000000
1772094147_C10	23366.000000	7945.000000
1772094153_F12	30317.000000	2721.000000
1772117101_A06	23368.000000	14031.000000
1772099093_A06	46563.000000	31051.000000
1772099093_A05	22114.000000	13597.000000
1772099313_A07	45288.000000	46069.000000
1772092002_E11	40980.000000	46128.000000
1772092002_E04	41581.000000	45495.000000
1772092002_D02	40950.000000	45826.000000
1772117038_B05	27452.000000	6478.000000
1772096086_G08	27600.000000	599.000000
1772092311_H04	23875.000000	4044.000000
1772117057_D01	19958.000000	11161.000000
1772099092_H04	22406.000000	16457.000000
1772099002_A08	22064.000000	9641.000000
1772099092_B06	21317.000000	11718.000000
1772099092_G03	20874.000000	10133.000000
1772099155_A08	19684.000000	11406.000000
1772117160_G02	44347.000000	44834.000000
1772117154_F11	44166.000000	45981.000000
1772099301_D09	44100.000000	45787.000000
1772117124_A01	46069.000000	23700.000000
1772117111_A03	24828.000000	5591.000000
1772117158_D07	19894.000000	10035.000000
1772099152_B06	21748.000000	7440.000000
1772099090_D02	44369.000000	45883.000000
1772117100_B08	21289.000000	9545.000000
1772099093_H02	43817.000000	43968.000000
1772117104_F04	20158.000000	12414.000000
1772117102_A04	20515.000000	10991.000000
1772099043_A09	28142.000000	5108.000000
1772099091_G02	46453.000000	42645.000000
1772072240_D06	23261.000000	5034.000000
1772096087_C08	21697.000000	6045.000000
1772099090_F06	20861.000000	13662.000000
1772117096_H08	25082.000000	6828.000000
1772099154_C05	45116.000000	45959.000000
1772099092_C06	44361.000000	46056.000000
1772099043_C02	23375.000000	5606.000000
1772096087_A11	20217.000000	9548.000000
1772117104_B10	21485.000000	10276.000000
1772099093_F01	21409.000000	9255.000000
1772072240_C07	21097.000000	14794.000000
1772117160_E01	23592.000000	9283.000000
1772060226_A11	34121.000000	17051.000000
1772060226_D12	28053.000000	11050.000000
1772060226_D11	29952.000000	17275.000000
1772060226_C07	38743.000000	10409.000000
1772060226_H07	49719.000000	39098.000000
1772060226_B11	40466.000000	11623.000000
1772060226_A07	29899.000000	10756.000000
1772060226_A12	46486.000000	31227.000000
1772060226_G06	39967.000000	36756.000000
1772060226_H01	39919.000000	35363.000000
1772060226_G05	39605.000000	32905.000000
1772060226_H04	30446.000000	17233.000000
1772060226_E05	40642.000000	11840.000000
1772060226_D01	30173.000000	10746.000000
1772060226_B03	40783.000000	12565.000000
1772060226_D06	36119.000000	13471.000000
1772060226_A01	30118.000000	12077.000000
1772060226_B12	40012.000000	32002.000000
1772060226_F06	63578.000000	39894.000000
1772060226_B07	40659.000000	12266.000000
1772060226_H11	30500.000000	17238.000000
1772096156_H03	29588.000000	286.000000
1772096094_B09	20146.000000	15709.000000
1772096108_A07	25501.000000	5768.000000
1772099298_F10	32860.000000	6073.000000
1772117158_A08	25107.000000	14188.000000
1772117104_E10	24578.000000	14385.000000
1772125087_B10	31456.000000	9632.000000
1772092003_D11	46352.000000	30623.000000
1772117031_D11	33614.000000	7707.000000
1772117029_B09	32207.000000	6756.000000
1772117039_B09	23376.000000	18033.000000
1772072242_F06	36135.000000	11103.000000
1772099003_A02	27235.000000	8587.000000
1772117015_D05	32770.000000	3755.000000
1772117096_B10	33148.000000	5282.000000
1772099012_D12	24577.000000	8783.000000
1772096118_C03	33635.000000	2707.000000
1772099039_F12	32402.000000	3664.000000
1772117161_B01	34855.000000	5461.000000
1772096106_A12	26316.000000	5117.000000
1772096150_B06	29915.000000	6655.000000
1771051165_A04	39337.000000	6598.000000
1772099001_G05	30146.000000	2701.000000
1772099040_D10	34108.000000	2935.000000
1772125080_B10	23642.000000	15333.000000
1772099070_H05	32234.000000	1000.000000
1772089200_C11	30309.000000	3610.000000
1772094143_C07	22492.000000	14054.000000
1772096118_C08	40909.000000	44393.000000
1772099039_H04	35777.000000	4481.000000
1772060240_A12	40292.000000	31673.000000
1772099075_H12	30596.000000	1607.000000
1772096097_G12	104.000000	65413.000000
1771051146_D12	35763.000000	7652.000000
1772117039_F11	28831.000000	3423.000000
1772089188_C06	32613.000000	12652.000000
1772089205_D04	20028.000000	11080.000000
1772117156_C08	38198.000000	7729.000000
1772099154_F12	30354.000000	5317.000000
1772063074_G07	40427.000000	34323.000000
1772099086_B01	24663.000000	4312.000000
1772063070_G06	30110.000000	3907.000000
1772117100_E11	25356.000000	16606.000000
1772062116_C11	25766.000000	10120.000000
1772099155_B09	29557.000000	15271.000000
1772099040_F10	29065.000000	3284.000000
1772096148_G01	22456.000000	9939.000000
1772096127_D12	39804.000000	44264.000000
1772117014_H03	20802.000000	57208.000000
1772099042_D05	120.000000	65395.000000
1772117160_A03	49892.000000	38864.000000
1772062116_C03	64193.000000	39626.000000
1772099011_F12	41666.000000	41848.000000
1772072243_A11	24305.000000	15244.000000
1772099153_H05	46275.000000	23843.000000
1772078017_H10	29084.000000	9386.000000
1772096118_D05	28869.000000	2537.000000
1772099302_A06	31429.000000	15273.000000
1772099304_F01	44330.000000	43779.000000
1772067060_D02	40316.000000	33492.000000
1772099042_B12	49875.000000	38786.000000
1772117159_B11	49664.000000	39110.000000
1772099039_B10	36296.000000	10638.000000
1772067060_E08	32810.000000	10435.000000
1772099153_F12	46103.000000	23890.000000
1772071055_C03	23532.000000	8940.000000
1772117111_E07	49940.000000	38753.000000
1772117102_C06	30641.000000	13176.000000
1772125080_H07	20962.000000	57095.000000
1772096087_E12	25873.000000	4198.000000
1772078017_F03	29618.000000	9532.000000
1772060225_G04	33177.000000	3252.000000
1772096106_B10	27378.000000	8329.000000
1772099039_E05	39566.000000	14007.000000
1772094153_H10	29750.000000	3427.000000
1772084018_F07	31208.000000	1927.000000
1772117124_H05	46052.000000	23653.000000
1772096091_H07	28511.000000	3042.000000
1772117159_A10	27154.000000	10738.000000
1772117038_A05	46165.000000	23803.000000
1772089196_A09	31909.000000	3912.000000
1772099039_B12	39570.000000	12413.000000
1772099008_D07	40868.000000	45312.000000
1772094143_B07	24835.000000	14585.000000
1772117100_C10	30730.000000	9803.000000
1772099011_D10	32004.000000	6836.000000
1772099091_A05	45946.000000	43179.000000
1772096138_C11	40736.000000	46075.000000
1772096132_D10	39903.000000	10595.000000
1772099045_E06	29300.000000	8960.000000
1772099002_F05	27776.000000	7466.000000
1772117104_C05	23708.000000	12406.000000
1772078017_B09	33583.000000	9199.000000
1772063062_D08	40163.000000	34568.000000
1772099073_B06	24549.000000	5208.000000
1772099091_H06	46552.000000	31148.000000
1772099045_G10	30785.000000	6439.000000
1772099028_D05	28961.000000	8296.000000
1772089202_H06	21521.000000	15980.000000
1772099082_D11	26180.000000	4200.000000
1772078018_H08	25469.000000	10750.000000
1772092009_D05	40382.000000	11277.000000
1772062128_F09	33254.000000	3732.000000
1772089200_G10	29504.000000	1179.000000
1772099153_A09	38229.000000	9364.000000
1772125090_G10	31243.000000	9334.000000
1772099001_D12	33298.000000	3320.000000
1772096128_B10	39808.000000	44535.000000
1772078022_D02	27980.000000	4453.000000
1772092011_A08	40360.000000	43280.000000
1772099009_C11	22764.000000	16245.000000
1772096148_F12	35531.000000	2615.000000
1772099009_B10	31003.000000	1410.000000
1772092011_E08	37640.000000	8076.000000
1772099314_F12	26934.000000	10041.000000
1772099315_H01	24506.000000	14483.000000
1772125080_G04	20999.000000	57383.000000
1772099003_A06	29975.000000	6696.000000
1772099015_G03	46289.000000	31310.000000
1772089195_H05	34864.000000	12689.000000
1772117039_E02	26608.000000	15316.000000
1772099009_D12	40599.000000	39874.000000
1772099087_A06	26798.000000	3935.000000
1772099044_B11	37789.000000	8473.000000
1772099153_D09	41821.000000	45682.000000
1772096154_G07	22198.000000	9159.000000
1772099086_D12	30494.000000	1235.000000
1772099009_B01	34008.000000	1600.000000
1772096134_A01	40958.000000	43297.000000
1772092277_E10	35156.000000	2261.000000
1772117107_A02	24029.000000	14527.000000
1772096126_H12	33610.000000	3189.000000
1772096086_G11	22120.000000	18748.000000
1772066098_D12	37237.000000	8873.000000
1772099041_A05	36303.000000	7501.000000
1772096117_C02	28956.000000	7678.000000
1772099039_D05	38072.000000	7220.000000
1772117104_B12	24511.000000	14513.000000
1772099041_B01	36351.000000	6797.000000
1772125087_G07	20851.000000	57323.000000
1772096154_D06	22946.000000	17779.000000
1771051146_A05	35699.000000	10516.000000
1772089195_D12	34530.000000	6544.000000
1772099047_C06	28069.000000	3455.000000
1772117031_G10	33878.000000	12067.000000
1772117100_B06	24162.000000	14013.000000
1772078014_D04	32372.000000	4221.000000
1772089199_D06	29247.000000	7077.000000
1772078017_D04	40177.000000	45878.000000
1772117015_F02	30577.000000	8414.000000
1772117014_H10	33194.000000	8849.000000
1772099298_F02	33069.000000	6680.000000
1772099092_A06	45154.000000	46016.000000
1772117031_C04	31368.000000	5996.000000
1772092299_H10	35697.000000	3175.000000
1772099073_E03	25307.000000	2669.000000
1772125080_G05	27059.000000	7017.000000
1772099002_C04	19632.000000	12523.000000
1772096117_A09	37210.000000	9656.000000
1772099154_G04	46116.000000	23739.000000
1772099090_H05	31501.000000	8182.000000
1772089202_E01	31687.000000	6108.000000
1772096149_E12	32574.000000	3219.000000
1772117014_C12	35466.000000	7587.000000
1772117015_C09	34141.000000	6230.000000
1772089200_A02	33228.000000	9255.000000
1772099301_G12	44711.000000	44505.000000
1772071041_D06	49771.000000	38939.000000
1772062114_C07	40231.000000	33817.000000
1772062111_C09	29652.000000	4144.000000
1772066098_A11	35964.000000	8302.000000
1772099039_F06	36075.000000	7369.000000
1772117031_D03	33393.000000	7209.000000
1772099012_E01	32625.000000	3183.000000
1772072242_E01	40013.000000	28505.000000
1772099008_B12	31771.000000	4734.000000
1772117123_F10	37286.000000	6031.000000
1772089200_E01	31438.000000	840.000000
1772099298_D07	49373.000000	39399.000000
1772117156_F04	28163.000000	8725.000000
1772099093_B11	44083.000000	43980.000000
1772058148_A04	42493.000000	45780.000000
1772096110_D12	27235.000000	5422.000000
1772117123_G08	33857.000000	10151.000000
1772096146_A10	31231.000000	386.000000
1772117151_G05	46214.000000	46077.000000
1772062128_C10	37230.000000	6984.000000
1772099044_D01	30631.000000	9511.000000
1772099042_A01	32399.000000	4070.000000
1772099008_G11	31059.000000	7441.000000
1772125080_A05	26162.000000	7777.000000
1772092012_D12	31366.000000	3024.000000
1772060240_F02	40505.000000	33155.000000
1772089199_E12	37727.000000	9016.000000
1772062113_H04	36539.000000	3414.000000
1771051167_F08	30936.000000	10228.000000
1772094143_E02	33876.000000	4028.000000
1772089200_D06	25312.000000	5930.000000
1772067070_C12	35646.000000	3239.000000
1772072240_A09	33947.000000	6771.000000
1772062115_E01	31540.000000	1823.000000
1772066102_G11	30926.000000	5300.000000
1772072243_D10	43559.000000	45404.000000
1772092008_B05	40851.000000	46128.000000
1772099011_A04	38487.000000	7681.000000
1772084018_D01	28125.000000	2508.000000
1772066098_B04	35344.000000	2902.000000
1772089205_A11	29788.000000	542.000000
1772096154_F02	27551.000000	45665.000000
1772089190_F10	34945.000000	6170.000000
1772117158_E05	36507.000000	3657.000000
1772084018_E04	27448.000000	5736.000000
1772078017_F11	22286.000000	12793.000000
1772099092_D10	36637.000000	9102.000000
1772117102_G06	28627.000000	7346.000000
1772117039_A03	20888.000000	57256.000000
1771051146_A12	31637.000000	5369.000000
1772117151_F11	45289.000000	46369.000000
1772084018_G06	28426.000000	7189.000000
1772078024_D05	27419.000000	9005.000000
1772092013_F09	29426.000000	4159.000000
1772089199_A10	32229.000000	4168.000000
1771051165_F05	32241.000000	4228.000000
1772099090_B12	36348.000000	11055.000000
1772099304_B07	32816.000000	6240.000000
1772117154_D04	28554.000000	10805.000000
1772096148_D02	22668.000000	13086.000000
1772066108_D06	39526.000000	34548.000000
1772117151_G07	45761.000000	23837.000000
1772062128_H11	32997.000000	3644.000000
1772099001_F10	31054.000000	5399.000000
1771051146_B09	33676.000000	6629.000000
1772071040_D12	25697.000000	5103.000000
1772099302_H04	34044.000000	9732.000000
1772062115_D04	30541.000000	4103.000000
1772099090_C07	44936.000000	44951.000000
1772117031_G06	25565.000000	16271.000000
1772099039_D04	34472.000000	5363.000000
1772092276_B12	34998.000000	2982.000000
1772089202_D09	26653.000000	2206.000000
1772089199_H01	27860.000000	3309.000000
1772092013_C08	28334.000000	6394.000000
1772099078_G08	32517.000000	1710.000000
1772099011_G11	30834.000000	2390.000000
1772117031_C12	24838.000000	14345.000000
1772094135_H07	22276.000000	9003.000000
1772117031_H09	31241.000000	6910.000000
1772117161_D07	34192.000000	3020.000000
1772117101_C12	25528.000000	14413.000000
1772117035_C02	33239.000000	6955.000000
1772099303_E11	32668.000000	5628.000000
1772117104_D06	29089.000000	7123.000000
1772099298_C01	38534.000000	10391.000000
1772099305_H11	32654.000000	6426.000000
1772099305_G11	28100.000000	6965.000000
1772089199_D04	30534.000000	5052.000000
1772099303_C04	32453.000000	6766.000000
1772089199_H12	28149.000000	2951.000000
1772117028_A06	32913.000000	5673.000000
1772117039_D10	32312.000000	6396.000000
1771051167_D10	33049.000000	3104.000000
1772089199_B09	28474.000000	6067.000000
1772117014_E07	30124.000000	3578.000000
1772117013_D02	35111.000000	3952.000000
1772117107_C04	27566.000000	9632.000000
1772067074_E11	25556.000000	9502.000000
1772063062_E08	33052.000000	2828.000000
1772062114_H10	32743.000000	2797.000000
1772089199_A06	32273.000000	2467.000000
1772089205_B06	29018.000000	2544.000000
1772063061_C05	35538.000000	3135.000000
1772062118_C04	40274.000000	31145.000000
1772078030_B04	23923.000000	6953.000000
1772092277_C05	25258.000000	15484.000000
1772072242_F11	23734.000000	13278.000000
1772096116_C08	28535.000000	4339.000000
1772099042_B10	30788.000000	4835.000000
1772099316_H01	43882.000000	44227.000000
1772117014_D04	32232.000000	4971.000000
1772117154_D10	46578.000000	46333.000000
1772099039_C10	36739.000000	7857.000000
1772099044_D05	34782.000000	2034.000000
1772117028_G09	33619.000000	8437.000000
1772071040_C11	21656.000000	14816.000000
1772117159_A09	46098.000000	45905.000000
1772125080_C12	25129.000000	14276.000000
1772099093_D04	24151.000000	18167.000000
1772099002_B06	20508.000000	14570.000000
1771051146_E05	34987.000000	9192.000000
1772096110_G11	27574.000000	7483.000000
1772117037_B02	30841.000000	7935.000000
1772099039_F10	39494.000000	10346.000000
1772094143_D04	25078.000000	4871.000000
1772060225_C05	40139.000000	31066.000000
1772099302_F04	29723.000000	5801.000000
1772117108_F07	25950.000000	16433.000000
1772096106_A04	23918.000000	7321.000000
1772117029_F07	29020.000000	5668.000000
1772099042_C07	38392.000000	6324.000000
1772096146_F11	30098.000000	1118.000000
1772099301_D01	25798.000000	13655.000000
1772117104_C06	24362.000000	14958.000000
1772062118_B03	40405.000000	31638.000000
1772117108_C07	24396.000000	15431.000000
1772089199_E03	24962.000000	4742.000000
1772099008_D10	26323.000000	5678.000000
1771051150_C10	28431.000000	7346.000000
1772117028_C11	31027.000000	7530.000000
1772092277_A11	31271.000000	4377.000000
1772099040_B02	31944.000000	5270.000000
1772117151_D06	24032.000000	15612.000000
1772099043_E10	35283.000000	2612.000000
1772096151_G10	33426.000000	1291.000000
1772071040_D05	30312.000000	4084.000000
1772062114_E06	30665.000000	5507.000000
1772094143_G12	36357.000000	3438.000000
1772078014_G06	30593.000000	6127.000000
1772096108_E12	31472.000000	2881.000000
1772117014_A08	32870.000000	5447.000000
1772099039_D07	27232.000000	7449.000000
1772117156_H07	23637.000000	15694.000000
1772117099_D06	28218.000000	11777.000000
1772062111_B04	40370.000000	34623.000000
1772099011_G06	35477.000000	2203.000000
1772099009_E03	35211.000000	2408.000000
1772071040_H06	30393.000000	3613.000000
1772099301_B10	30241.000000	5919.000000
1772063078_C08	29835.000000	17301.000000
1772099044_D09	34654.000000	3363.000000
1772096146_E05	34768.000000	2129.000000
1772078019_D06	202.000000	65289.000000
1772117031_G12	33640.000000	8478.000000
1772117108_F08	49497.000000	39265.000000
1772117102_C11	45977.000000	23743.000000
1772099012_C11	20580.000000	15278.000000
1772099303_D03	44244.000000	46091.000000
1772096117_C05	29184.000000	1896.000000
1772117059_E04	45881.000000	45877.000000
1772117156_D02	31481.000000	5147.000000
1772099155_E11	28287.000000	8678.000000
1772099302_D10	31397.000000	5340.000000
1772117029_F04	31727.000000	10170.000000
1772062114_B03	40375.000000	34639.000000
1772117038_A06	23496.000000	19455.000000
1772117039_D07	23508.000000	17155.000000
1772117100_F01	45050.000000	45773.000000
1772117055_G09	46485.000000	31274.000000
1772099038_B09	35455.000000	2902.000000
1771051165_C10	36375.000000	4515.000000
1772117055_B05	27523.000000	11051.000000
1772117037_H06	30282.000000	7671.000000
1772117111_B11	31605.000000	6272.000000
1772099043_H10	29947.000000	5319.000000
1771051150_A04	30909.000000	6812.000000
1772099045_F09	21324.000000	15215.000000
1772117028_G01	30760.000000	7383.000000
1772117015_G03	32993.000000	4228.000000
1772117031_G05	34298.000000	3657.000000
1772117031_E11	23927.000000	16045.000000
1772117031_E03	31340.000000	3186.000000
1772117137_C01	35005.000000	3310.000000
1772062115_C07	25266.000000	19265.000000
1771051167_E01	32270.000000	4376.000000
1772099040_B10	30299.000000	5535.000000
1772099008_E06	22255.000000	10638.000000
1772117035_A03	28581.000000	12354.000000
1772117031_F12	30912.000000	5944.000000
1772092005_B08	35688.000000	4019.000000
1772096156_E09	24984.000000	6101.000000
1772099305_G05	45177.000000	45335.000000
1772089200_B02	20926.000000	8244.000000
1772117034_B12	25797.000000	14179.000000
1772066096_C04	28363.000000	5846.000000
1772099012_H11	28496.000000	6598.000000
1772117035_G11	30019.000000	7896.000000
1771051150_A09	29497.000000	8497.000000
1772117031_A03	37845.000000	6116.000000
1772117124_E10	24949.000000	13431.000000
1772084018_E11	27273.000000	5878.000000
1772117035_F09	28896.000000	10167.000000
1772099041_E09	35786.000000	8652.000000
1772096149_D02	23004.000000	8974.000000
1772117013_E04	28812.000000	7679.000000
1772117057_A01	35939.000000	5850.000000
1772117013_G03	32593.000000	8450.000000
1772117028_D06	32474.000000	4884.000000
1772099043_A12	31423.000000	8293.000000
1772099044_A11	34960.000000	4284.000000
1772063068_G06	40275.000000	32401.000000
1772096154_H12	32366.000000	2898.000000
1772096151_B05	31228.000000	2269.000000
1772099002_F04	25235.000000	6652.000000
1772099038_D06	22815.000000	8669.000000
1772099301_F01	24675.000000	13734.000000
1772117034_B04	29384.000000	8280.000000
1772099042_G01	31341.000000	4138.000000
1772067073_D01	30987.000000	2900.000000
1772125090_D12	24530.000000	14889.000000
1772099076_H06	24195.000000	7448.000000
1772096106_B09	25777.000000	4799.000000
1772099304_G06	34015.000000	6602.000000
1772117151_D08	32221.000000	5454.000000
1771051165_H09	23405.000000	9466.000000
1772092011_B07	33786.000000	8350.000000
1772099031_D04	31146.000000	1164.000000
1772084018_D07	23933.000000	6445.000000
1772117100_E06	24239.000000	14984.000000
1772084018_G03	33964.000000	1650.000000
1772092314_H04	40301.000000	36052.000000
1772099302_E08	30310.000000	11811.000000
1772096150_C06	22981.000000	9887.000000
1772117103_E06	27488.000000	7028.000000
1772096106_B04	22182.000000	15695.000000
1772089199_C09	20970.000000	14412.000000
1772099042_E03	34955.000000	3508.000000
1772117037_C05	32191.000000	6190.000000
1771051150_C04	33553.000000	5717.000000
1772096146_F04	25589.000000	4767.000000
1772117099_G09	43978.000000	46023.000000
1772117034_C06	26159.000000	15036.000000
1772117103_G02	43852.000000	44742.000000
1772117055_F12	46146.000000	46443.000000
1772099091_D12	23445.000000	17995.000000
1772117014_G12	37014.000000	6508.000000
1772117108_E07	24090.000000	17092.000000
1772099043_G05	46400.000000	31012.000000
1772117096_D12	45292.000000	46036.000000
1772117031_E04	29605.000000	5408.000000
1772099075_G06	31145.000000	1772.000000
1772096146_G09	22090.000000	14140.000000
1772117123_B03	29196.000000	12102.000000
1772117034_A07	29692.000000	8157.000000
1772089190_C04	27517.000000	5668.000000
1772117037_B07	26138.000000	14056.000000
1772063078_B11	40289.000000	35917.000000
1771051167_E10	34434.000000	4015.000000
1772078013_E10	32819.000000	4619.000000
1772125090_C12	20971.000000	57188.000000
1772063063_G10	20828.000000	16191.000000
1772063062_A06	21256.000000	12930.000000
1772099303_E01	46056.000000	45507.000000
1771051146_B08	33170.000000	7389.000000
1772117097_E02	46662.000000	45994.000000
1772096097_F12	0.000000	65535.000000
1772117124_H06	49908.000000	38793.000000
1771051146_D09	33740.000000	7236.000000
1772099003_G04	36489.000000	7965.000000
1771051146_E03	28621.000000	7886.000000
1772099304_H08	45939.000000	44867.000000
1772117055_F03	45458.000000	45110.000000
1772099001_C11	29645.000000	4720.000000
1772125087_B06	32614.000000	11487.000000
1772117096_G01	45406.000000	44896.000000
1771051167_H10	36561.000000	12918.000000
1772096168_G10	40988.000000	44554.000000
1772117031_G02	37001.000000	11558.000000
1772089202_E12	41137.000000	44143.000000
1772117014_B11	34904.000000	8182.000000
1772099011_C02	41906.000000	41648.000000
1772099304_A08	46437.000000	45722.000000
1772099313_E10	46269.000000	45682.000000
1772099303_E07	46464.000000	46113.000000
1772099001_H10	26726.000000	7065.000000
1772117039_D08	24535.000000	20384.000000
1772117028_B12	25354.000000	52586.000000
1772078031_D07	25498.000000	6467.000000
1771051146_D10	32123.000000	5155.000000
1772125087_A07	22843.000000	14751.000000
1772060224_A07	29477.000000	17596.000000
1772089205_H03	26348.000000	9668.000000
1772096146_B07	41218.000000	43784.000000
1772089202_D11	40918.000000	45516.000000
1772078030_E06	23744.000000	18583.000000
1771051167_A03	33566.000000	9777.000000
1772096086_C01	22583.000000	15106.000000
1772099092_E11	45334.000000	46210.000000
1772078023_B08	39586.000000	15586.000000
1772096152_F04	30187.000000	52221.000000
1772078031_D05	46380.000000	23873.000000
1772078030_F11	27956.000000	13604.000000
1772071035_A02	39753.000000	34127.000000
1772062116_E08	40642.000000	34944.000000
1772096156_B07	49628.000000	38699.000000
1772096148_A03	30925.000000	3021.000000
1772096151_F04	35717.000000	7918.000000
1772096106_E06	22247.000000	8486.000000
1772096152_F02	29637.000000	13998.000000
1772089194_F11	46215.000000	23895.000000
1772117137_H01	44740.000000	44113.000000
1772062118_G11	40054.000000	33321.000000
1772096088_A02	30760.000000	7768.000000
1772066108_E05	39904.000000	34653.000000
1772078017_E06	39537.000000	46270.000000
1772092008_E04	34726.000000	13442.000000
1772117029_C04	35273.000000	7289.000000
1772075305_F03	49012.000000	37980.000000
1772099046_C09	28727.000000	7372.000000
1772117028_B07	31809.000000	8242.000000
1771051146_B05	32197.000000	4484.000000
1772117028_A05	31285.000000	8958.000000
1772117031_F10	35369.000000	11029.000000
1772117029_B12	33445.000000	9262.000000
1772058148_A09	46563.000000	31479.000000
1772067064_A09	39726.000000	36374.000000
1772125090_F11	23294.000000	18538.000000
1772125080_G11	26574.000000	18962.000000
1772125090_E06	24358.000000	20700.000000
1772125090_B06	23707.000000	19758.000000
1771051146_G11	33886.000000	14483.000000
1772117029_C02	28709.000000	15261.000000
1772099003_D09	40264.000000	39541.000000
1772117028_G07	29414.000000	18366.000000
1772117031_F02	49661.000000	39129.000000
1772099009_D01	27148.000000	2443.000000
1772099011_D02	33865.000000	12551.000000
1771051146_F09	31715.000000	7025.000000
1772099046_G02	23037.000000	10436.000000
1771051147_E05	27999.000000	15971.000000
1772125090_H07	24685.000000	52120.000000
1772125090_H09	23471.000000	18120.000000
1772117038_A08	24089.000000	19453.000000
1772099002_A04	28714.000000	8327.000000
1772117029_D11	34150.000000	9371.000000
1772099047_A09	22010.000000	10708.000000
1772117108_H03	45003.000000	45345.000000
1772117031_F04	20942.000000	57206.000000
1772125090_F08	23488.000000	18961.000000
1772099154_B03	46365.000000	46336.000000
1772060224_C04	22497.000000	13861.000000
1772099010_E04	28279.000000	8050.000000
1772078017_E11	23384.000000	9702.000000
1772096106_F09	24584.000000	6224.000000
1772089199_G11	23131.000000	17746.000000
1772125080_E12	23553.000000	16425.000000
1772125090_G01	24151.000000	20365.000000
1772117039_B11	23958.000000	18330.000000
1772117028_G08	26751.000000	18315.000000
1772125080_E11	24171.000000	19835.000000
1772099045_A07	21045.000000	13907.000000
1772099315_D10	23626.000000	15283.000000
1772125090_F09	24661.000000	18294.000000
1772099091_A10	45925.000000	43400.000000
1772117158_H07	25787.000000	54416.000000
1772099090_E06	26801.000000	10121.000000
1772099090_H12	23825.000000	16096.000000
1772099012_B09	41676.000000	44013.000000
1772117039_B04	23602.000000	18273.000000
1772099001_B02	20873.000000	13839.000000
1772099093_G05	27309.000000	17428.000000
1772125090_G11	23751.000000	18569.000000
1771051147_D03	29579.000000	9480.000000
1772117039_B02	23800.000000	18029.000000
1772125087_H03	23807.000000	19283.000000
1772117039_A06	24667.000000	49708.000000
1772099303_A11	27221.000000	11546.000000
1772125080_F07	22939.000000	18095.000000
1772117014_H12	32087.000000	9405.000000
1772125080_F05	24468.000000	15943.000000
1772125080_B04	22962.000000	14705.000000
1772117101_C02	46045.000000	45954.000000
1772125080_G02	23805.000000	18566.000000
1772125080_H04	26975.000000	16749.000000
1772125080_C11	23645.000000	18725.000000
1772125090_G06	24630.000000	19197.000000
1772125080_A11	24130.000000	16415.000000
1772125080_G10	23766.000000	16407.000000
1772125087_A03	23561.000000	15740.000000
1772125080_F11	23745.000000	18772.000000
1772117039_A05	24406.000000	16678.000000
1772096146_D06	31203.000000	1705.000000
1772089205_C06	23156.000000	14574.000000
1772125090_G05	24394.000000	17657.000000
1772099301_F11	24678.000000	13796.000000
1772125090_D01	24149.000000	18161.000000
1772125080_B12	24919.000000	16279.000000
1772089205_C11	22892.000000	16681.000000
1772125090_C10	24197.000000	17729.000000
1772078031_G07	41681.000000	42246.000000
1772099153_G02	24295.000000	18257.000000
1772099011_C10	29540.000000	6871.000000
1772071055_D11	22850.000000	17917.000000
1772125087_H07	24707.000000	51947.000000
1772099093_C01	44278.000000	45639.000000
1772062111_H02	46424.000000	31500.000000
1772125090_E03	23894.000000	16854.000000
1772117123_D07	36765.000000	16734.000000
1772125080_B05	20996.000000	57249.000000
1772096150_C10	22038.000000	13850.000000
1772089190_A04	46550.000000	31332.000000
1772096083_A10	22577.000000	15388.000000
1772117039_A10	23342.000000	18675.000000
1772092277_B12	23951.000000	7680.000000
1772125087_D09	23866.000000	16863.000000
1772125090_F10	25631.000000	15500.000000
1772089200_D12	23098.000000	12736.000000
1771051165_B09	34360.000000	8088.000000
1772099045_H07	22854.000000	17375.000000
1772125090_C06	23387.000000	18765.000000
1772125090_G04	23307.000000	18146.000000
1772062113_G01	23774.000000	14804.000000
1772125080_B11	23943.000000	18578.000000
1772099092_A02	29960.000000	6291.000000
1772089196_B01	31343.000000	4185.000000
1772125080_E02	22547.000000	56161.000000
1772089205_E04	26546.000000	3139.000000
1772125080_H11	24953.000000	21030.000000
1862091030_A01	37418.000000	16046.000000
1772089199_H10	22768.000000	16462.000000
1772125080_D12	21043.000000	57434.000000
1771051147_A08	31473.000000	10053.000000
1772125090_E11	21010.000000	57247.000000
1772066103_H11	39882.000000	34995.000000
1772078029_D03	40896.000000	40331.000000
1772099154_F06	34031.000000	11564.000000
1772092010_E01	32901.000000	5268.000000
1772099012_D07	21518.000000	13082.000000
1772078018_A11	26595.000000	7977.000000
1772078013_C07	39432.000000	46474.000000
1772062128_G02	39545.000000	30727.000000
1771017037_C07	45931.000000	30603.000000
1772096101_A10	40397.000000	42645.000000
1772089186_C06	30584.000000	15614.000000
1772099010_B07	20188.000000	13136.000000
1772099046_C11	34235.000000	2435.000000
1772125078_C03	32090.000000	12010.000000
1772099047_F11	32435.000000	8739.000000
1772125080_D04	24875.000000	54945.000000
1772084021_B07	40625.000000	41820.000000
1772099001_F05	29462.000000	2249.000000
1772099039_F02	25512.000000	14778.000000
1772067091_A05	40054.000000	29579.000000
1772089200_C07	28605.000000	1459.000000
1772099315_E03	45208.000000	45865.000000
1772099046_G07	22724.000000	16863.000000
1772117015_H03	30255.000000	10035.000000
1772099001_F04	28836.000000	7426.000000
1772099001_C12	26639.000000	4500.000000
1772117039_H07	33019.000000	8387.000000
1772063061_F04	31140.000000	7133.000000
1772099003_G07	25564.000000	6216.000000
1772099001_G09	23142.000000	17599.000000
1772125078_G07	23284.000000	19038.000000
1772089200_B04	23596.000000	10065.000000
1772063063_D06	40904.000000	38689.000000
1772089200_F06	19153.000000	12746.000000
1772089201_C05	39368.000000	14114.000000
1772099009_B05	28023.000000	17177.000000
1772099047_F07	20582.000000	11684.000000
1772099046_A07	23315.000000	13112.000000
1772117039_D09	25243.000000	15441.000000
1772089200_D11	28910.000000	4449.000000
1772099315_B12	49832.000000	38836.000000
1771051146_E02	34929.000000	8664.000000
1772099043_E08	39210.000000	15389.000000
1772099039_D01	36708.000000	9130.000000
1772099008_A10	26196.000000	5059.000000
1772058148_G07	40776.000000	35408.000000
1772089205_A09	40444.000000	46132.000000
1772062128_F08	38218.000000	10703.000000
1772063065_D03	33810.000000	3289.000000
1772089186_F03	39540.000000	15807.000000
1772117097_F07	27927.000000	16087.000000
1772099039_H07	34359.000000	6836.000000
1772099010_C08	27652.000000	4346.000000
1772078017_F10	35335.000000	12602.000000
1772117014_F09	25432.000000	57661.000000
1772089190_B07	23849.000000	17540.000000
1772099047_D02	26760.000000	5442.000000
1772099012_A03	35795.000000	8909.000000
1772067091_F02	115.000000	65399.000000
1772117101_E12	31828.000000	11215.000000
1772099154_E07	46514.000000	46102.000000
1772099039_B03	50055.000000	38618.000000
1772096100_D03	40630.000000	43583.000000
1772092013_C05	29394.000000	13450.000000
1772117028_E07	33354.000000	9147.000000
1772117028_F01	49856.000000	38887.000000
1772078028_H10	27884.000000	4615.000000
1772099039_C07	37519.000000	7777.000000
1772092265_E02	39881.000000	33991.000000
1772067092_D04	40113.000000	12131.000000
1772078030_A04	37046.000000	9378.000000
1772099154_H02	46173.000000	23814.000000
1772099154_A07	46223.000000	23886.000000
1772125090_E05	23976.000000	19784.000000
1772096148_F08	27525.000000	13133.000000
1772117096_G03	46027.000000	45741.000000
1772067054_F08	33610.000000	9844.000000
1772117160_C06	34209.000000	7511.000000
1772099304_H06	27353.000000	6755.000000
1772125078_E01	49627.000000	39256.000000
1772089194_H04	27874.000000	18361.000000
1772066076_G06	32755.000000	10284.000000
1772117028_G05	34040.000000	8938.000000
1772099041_H08	35013.000000	13926.000000
1772099091_E06	24039.000000	17016.000000
1772117156_C02	23674.000000	15545.000000
1772117102_D05	44925.000000	46202.000000
1772125080_G07	26420.000000	19180.000000
1772099002_B11	22782.000000	10803.000000
1772058148_B01	30556.000000	16518.000000
1772099039_G04	22956.000000	10841.000000
1772099011_D11	21618.000000	9578.000000
1772099045_G07	23571.000000	13479.000000
1772099302_H06	45309.000000	45176.000000
1772099011_H12	24559.000000	6293.000000
1772099014_G09	31144.000000	4444.000000
1772099009_A11	25064.000000	6782.000000
1772089200_F02	19085.000000	12542.000000
1772063064_F07	20646.000000	16166.000000
1772099003_A03	24474.000000	7587.000000
1772099012_H05	21526.000000	15030.000000
1772066096_G11	27888.000000	18338.000000
1772099046_H03	21353.000000	9030.000000
1772099011_E08	23409.000000	9496.000000
1772099002_H10	32185.000000	7380.000000
1772099012_B04	21289.000000	10766.000000
1772067060_H04	24000.000000	19820.000000
1772062115_E03	34909.000000	12991.000000
1772063079_D11	34258.000000	19747.000000
1771051146_A08	35944.000000	12497.000000
1772066076_G04	33876.000000	10887.000000
1772062115_H05	34519.000000	10411.000000
1772089199_H05	25930.000000	5464.000000
1772067057_A12	39923.000000	34513.000000
1772078030_E11	27858.000000	8053.000000
1772094152_F04	39406.000000	33504.000000
1772062109_F12	46548.000000	31159.000000
1772099008_H04	23803.000000	8801.000000
1772066076_F11	30567.000000	4933.000000
1772096101_C08	35324.000000	7857.000000
1772089194_E04	31924.000000	11030.000000
1772062116_E01	40364.000000	33212.000000
1772062111_G04	40859.000000	39821.000000
1772089205_G01	33838.000000	10661.000000
1772072240_A05	22709.000000	9864.000000
1772099003_E09	22285.000000	10062.000000
1772099039_F08	35626.000000	8442.000000
1772066100_G06	33584.000000	10831.000000
1772062114_E11	25595.000000	5129.000000
1772078016_C04	24495.000000	8145.000000
1772078017_G12	34852.000000	12105.000000
1772092010_E03	33336.000000	10486.000000
1772096101_B10	30301.000000	6338.000000
1772096118_C06	24332.000000	7636.000000
1772062128_H02	33627.000000	5934.000000
1772078013_E09	25102.000000	13549.000000
1772066110_A04	39960.000000	34609.000000
1772071053_B05	31022.000000	4540.000000
1772089195_C09	25127.000000	12211.000000
1772067058_B10	26333.000000	14525.000000
1772078030_C04	41797.000000	42154.000000
1772063078_E11	33926.000000	3307.000000
1772067092_C06	38573.000000	11927.000000
1772099010_F05	39868.000000	15238.000000
1772071055_B05	23297.000000	18634.000000
1772062109_B05	46397.000000	31143.000000
1772096128_C11	40605.000000	43882.000000
1772071045_F05	32724.000000	10066.000000
1772078029_B07	35674.000000	9245.000000
1772078018_B07	35170.000000	12252.000000
1772096101_A04	40622.000000	43450.000000
1772092012_C09	32325.000000	11326.000000
1772096145_D01	39267.000000	46502.000000
1772089205_G02	30137.000000	4747.000000
1772099033_C12	178.000000	65323.000000
1772096150_H12	28543.000000	8916.000000
1772072243_A09	44158.000000	45995.000000
1772096158_A07	39232.000000	11358.000000
1772078018_D03	41650.000000	45701.000000
1772075310_D10	26452.000000	5384.000000
1772096171_H11	37895.000000	15085.000000
1772096149_D04	30712.000000	9621.000000
1772078018_C05	35422.000000	8182.000000
1772096132_G01	38441.000000	9673.000000
1772067076_G12	30834.000000	4022.000000
1772089202_H10	21422.000000	12920.000000
1772078028_F05	41954.000000	41847.000000
1772066076_F05	33965.000000	11209.000000
1772062115_A10	33855.000000	10050.000000
1772096100_C10	34517.000000	11146.000000
1772092003_F02	25427.000000	5889.000000
1772096158_G07	34509.000000	10270.000000
1772078016_F01	36904.000000	8444.000000
1772078013_C08	33131.000000	10252.000000
1772092003_E10	39368.000000	14944.000000
1772089199_G06	32776.000000	9748.000000
1772092002_B04	24167.000000	6998.000000
1772075310_C09	39875.000000	45293.000000
1772078016_D12	33444.000000	10437.000000
1772089202_D01	41670.000000	43629.000000
1772078018_G02	39588.000000	46610.000000
1772078017_F12	41175.000000	44855.000000
1772078016_H10	32926.000000	5073.000000
1772089200_B10	36871.000000	8107.000000
1772078022_F11	36941.000000	9261.000000
1772063062_C10	29254.000000	5454.000000
1772092009_F07	38937.000000	15781.000000
1772067076_G01	39569.000000	34523.000000
1772089205_E12	40744.000000	44319.000000
1772089205_G09	41169.000000	45977.000000
1772089199_E10	30688.000000	4645.000000
1772089202_D06	39857.000000	46365.000000
1772092011_E12	45874.000000	23467.000000
1772089205_H05	21744.000000	8216.000000
1772092005_E04	26811.000000	5912.000000
1772089202_H08	25745.000000	5223.000000
1772089202_F11	33667.000000	9060.000000
1772092008_C02	34742.000000	11606.000000
1772089202_F05	22239.000000	9627.000000
1772125090_B04	24465.000000	55979.000000
1772092002_F01	41241.000000	46034.000000
1772099046_A05	25801.000000	6676.000000
1772089202_G01	24479.000000	16869.000000
1772078018_B09	31326.000000	5960.000000
1772089205_F03	34253.000000	11620.000000
1772099009_C10	23123.000000	8363.000000
1772089205_F06	20909.000000	16548.000000
1772089205_C08	29381.000000	1948.000000
1772078014_H03	29672.000000	8581.000000
1772089196_G03	33356.000000	11404.000000
1772066095_F11	35775.000000	13897.000000
1772099045_B11	27381.000000	8068.000000
1772089190_F11	33360.000000	10621.000000
1772078013_E04	29103.000000	8004.000000
1772078022_H03	40698.000000	45893.000000
1772092011_D06	45802.000000	30409.000000
1772089202_D08	26288.000000	8051.000000
1772078014_A05	32229.000000	5512.000000
1772063078_F04	32435.000000	19764.000000
1772089205_B04	33118.000000	9658.000000
1772078018_A06	37568.000000	17310.000000
1772099001_A01	37428.000000	7877.000000
1772089205_A10	29913.000000	2613.000000
1772089205_F02	21144.000000	15108.000000
1772117028_B06	33732.000000	9663.000000
1772089205_B09	35030.000000	15399.000000
1772063074_D10	31837.000000	8312.000000
1772089202_G07	24246.000000	6351.000000
1772089202_B06	20929.000000	14312.000000
1772117055_D11	44817.000000	45926.000000
